report_no,name,maker,prdlst_type,report_date,chng_dt,category,ingredient_count,ingredients_json
20160555102370,145에너지 제로,농업회사법인(주)원광,음료베이스,2024-03-08,2024-10-25,zero,15,"[""정제수"", ""액상차"", ""알룰로오스"", ""구연산"", ""타우린"", ""과라나추출물분말"", ""사과향"", ""수크랄로스"", ""비타민C"", ""아세설팜칼륨"", ""식품첨가물혼합제제"", ""L-카르니틴"", ""L-아르기닌(기능성원료인정제2015-19호)"", ""효소처리스테비아"", ""녹차추출물""]"
2021016756933,181라운지 제로 바닐라빈시럽,(주)빈커스텀컴퍼니,당류가공품,2024-09-26,2024-09-29,zero,6,"[""에리스리톨"", ""효소처리스테비아"", ""알룰로오스"", ""소브산칼륨"", ""바닐라빈"", ""정제수""]"
2021016756929,181라운지 제로 바닐라시럽,(주)빈커스텀컴퍼니,당류가공품,2024-08-23,2024-08-27,zero,7,"[""에리스리톨"", ""효소처리스테비아"", ""알룰로오스"", ""정제수"", ""바닐라추출액"", ""바닐라향"", ""소브산칼륨""]"
2021016756932,181라운지 제로 헤이즐넛향시럽,(주)빈커스텀컴퍼니,당류가공품,2024-09-20,2024-10-08,zero,6,"[""에리스리톨"", ""효소처리스테비아"", ""알룰로오스"", ""소브산칼륨"", ""정제수"", ""헤이즐넛 향료""]"
20110355999141,1am 제로 아이스티 레몬,주식회사 황금유자,액상차,2022-04-01,2022-05-26,zero,10,"[""유자향"", ""정제수"", ""홍차추출분말"", ""레몬착즙액"", ""알룰로오스"", ""아세설팜칼륨"", ""스테비올배당체"", ""구연산(무수)"", ""구연산삼나트륨"", ""천연향료(Lemon)""]"
20110355999140,1am 제로 아이스티 복숭아,주식회사 황금유자,액상차,2022-04-01,2022-05-24,zero,10,"[""홍차추출분말"", ""복숭아농축액"", ""알룰로오스"", ""아세설팜칼륨"", ""스테비올배당체"", ""구연산(무수)"", ""DL-사과산"", ""정제수"", ""혼합제제"", ""혼합제제""]"
2023080310350,2.5분 뱅쇼 제로 티백,늘해찬,침출차,2024-10-23,2024-11-08,zero,3,"[""계피"", ""히비스커스꽃잎"", ""포도발효건조고형물""]"
20080614259906,44 밀크티 제로,(주)희창유업 제2공장,고형차,2024-02-29,2024-04-17,zero,15,"[""에리스리톨"", ""기타가공품"", ""식물성크림"", ""탈지분유"", ""홍차추출분말"", ""기타가공품"", ""카복시메틸셀룰로스나트륨"", ""그린커피빈추출물(기능성원료인정제2014-31호)"", ""정제소금"", ""효소처리스테비아"", ""이산화규소"", ""천연향료"", ""바나바잎추출물"", ""알룰로오스"", ""알룰로오스""]"
20140368660383,"7days 제로 곤약젤리, 복숭아맛",(주)자임에프앤비,캔디류,2024-05-03,2026-05-16,zero,8,"[""비타민C"", ""구연산"", ""수크랄로스"", ""과.채가공품"", ""정제수"", ""에리스리톨"", ""향료"", ""혼합제제""]"
20140368660439,"7days 제로 곤약젤리, 자두맛",(주)자임에프앤비,캔디류,2024-09-09,2026-05-16,zero,8,"[""혼합제제"", ""향료"", ""에리스리톨"", ""정제수"", ""비타민C"", ""자두농축액"", ""수크랄로스"", ""구연산""]"
20140368660384,"7days 제로 곤약젤리, 청포도맛",(주)자임에프앤비,캔디류,2024-05-03,2026-05-16,zero,8,"[""정제수"", ""에리스리톨"", ""향료"", ""혼합제제"", ""비타민C"", ""구연산"", ""수크랄로스"", ""청포도농축액""]"
19920624042884,815 사이다 제로,(주)상일,탄산음료,2022-06-06,2024-01-28,zero,15,"[""기타가공품"", ""L-카르니틴"", ""수크랄로스"", ""구연산삼나트륨"", ""젖산칼슘"", ""DL-사과산"", ""아세설팜칼륨"", ""염화칼륨"", ""정제소금"", ""과.채가공품"", ""구연산"", ""천연향료"", ""난소화성말토덱스트린(고시형)"", ""이산화탄소"", ""정제수""]"
19800415004389,815콜라 제로,(주)일화초정공장,탄산음료,2021-01-15,2021-09-29,zero,8,"[""구연산"", ""L-카르니틴"", ""아세설팜칼륨"", ""수크랄로스"", ""이산화탄소"", ""정제수"", ""혼합제제"", ""혼합제제""]"
20210348794280,ALT제로슈가커피,주식회사 알티스트,기타가공품,2023-05-24,2024-10-08,zero,5,"[""에리스리톨"", ""인스턴트커피"", ""식품첨가물혼합제제"", ""효소처리스테비아"", ""수크랄로스""]"
20000614238688,BG 제로 블루레몬에이드,(주)바이오포트코리아,혼합음료,2026-03-10,2026-03-11,zero,14,"[""레몬농축액"", ""구연산"", ""구연산삼나트륨"", ""비타민C"", ""수크랄로스"", ""아세설팜칼륨"", ""향료"", ""향료"", ""향료"", ""향료"", ""향료"", ""식용색소청색제1호"", ""정제수"", ""에리스리톨""]"
20000614238689,BG 제로 블루베리에이드,(주)바이오포트코리아,혼합음료,2026-03-10,2026-05-23,zero,14,"[""정제수"", ""구연산"", ""과.채가공품"", ""향료"", ""향료"", ""향료제제"", ""향료"", ""아세설팜칼륨"", ""구연산삼나트륨"", ""비타민C"", ""수크랄로스"", ""식용색소적색제40호"", ""식용색소청색제1호"", ""에리스리톨""]"
20000614238690,BG 제로 청포도에이드,(주)바이오포트코리아,혼합음료,2026-03-10,2026-05-23,zero,12,"[""과.채가공품"", ""에리스리톨"", ""구연산"", ""구연산삼나트륨"", ""비타민C"", ""수크랄로스"", ""아세설팜칼륨"", ""향료"", ""향료"", ""식용색소황색제4호"", ""식용색소청색제1호"", ""정제수""]"
20060464021605,DESSERT39 제로 복숭아 아이스티,주식회사 대상다이브스,당류가공품,2024-11-19,2025-10-23,zero,15,"[""복사나무열매농축액"", ""혼합제제"", ""아세설팜칼륨"", ""수크랄로스"", ""소브산칼륨"", ""잔탄검"", ""구연산삼나트륨"", ""DL-사과산"", ""효소처리스테비아"", ""홍차추출분말"", ""정제수"", ""구연산"", ""향료"", ""알룰로오스"", ""에리스리톨""]"
2020045230618,GOGO 트리플 아르기닌 제로슈거(ZERO SUGAR)6200,(주)에스엠바이오,기타가공품,2021-10-06,2023-08-31,zero,21,"[""L-아르지닌"", ""구연산"", ""팔라티노스"", ""DL-사과산"", ""타우린"", ""비타민C"", ""구연산삼나트륨"", ""탄산수소나트륨"", ""레몬과즙분말"", ""레몬향"", ""자일리톨"", ""L-로이신"", ""정제소금"", ""젖산칼슘"", ""탄산마그네슘"", ""효소처리스테비아"", ""염화칼륨"", ""수크랄로스"", ""아세설팜칼륨"", ""비타민B2"", ""빌베리 추출물(고시형)""]"
19920562023502,HITE ZERO 0.00 POMELO FLAVOR 하이트제로 0.00 포멜로향,대경사과원예농협음료가공공장,탄산음료,2024-08-05,2026-01-24,zero,16,"[""폴리덱스트로스"", ""DL-알라닌"", ""기타 농산가공품"", ""기타가공품"", ""기타가공품"", ""기타가공품"", ""구연산(무수)"", ""구연산삼나트륨"", ""향료"", ""향료"", ""향료"", ""향료"", ""향료"", ""효소처리스테비아"", ""이산화탄소"", ""정제수""]"
2021044228231,HOT6 더킹 아이스피치제로,롯데칠성음료(주),탄산음료,2025-07-31,2025-08-14,zero,18,"[""향료"", ""향료"", ""향료"", ""이산화탄소"", ""정제수"", ""알룰로오스"", ""홍차추출분말"", ""과.채가공품"", ""카페인"", ""기타 농산가공품"", ""혼합제제"", ""효소처리루틴"", ""타우린"", ""수크랄로스"", ""아세설팜칼륨"", ""구연산(결정)"", ""구연산삼나트륨"", ""기타가공품""]"
2021044228215,HOT6 더킹제로,롯데칠성음료(주),탄산음료,2023-10-31,2025-08-14,zero,17,"[""혼합제제"", ""당근추출액"", ""치자청색소"", ""효소처리루틴"", ""기타가공품"", ""타우린"", ""카페인"", ""구연산삼나트륨"", ""구연산(결정)"", ""아세설팜칼륨"", ""수크랄로스"", ""에리스리톨"", ""기타 농산가공품"", ""향료"", ""정제수"", ""이산화탄소"", ""향료제제""]"
20000360372331,HOT6 더킹제로,롯데칠성음료(주),탄산음료,2022-01-06,2026-07-04,zero,17,"[""수크랄로스"", ""에리스리톨"", ""기타 농산가공품"", ""구연산삼나트륨"", ""구연산"", ""아세설팜칼륨"", ""정제수"", ""이산화탄소"", ""향료제제"", ""향료"", ""혼합제제"", ""당근추출액"", ""치자청색소"", ""효소처리루틴"", ""마카추출분말"", ""타우린"", ""카페인""]"
20000360372403,HOT6더킹아이스피치제로,롯데칠성음료(주),탄산음료,2025-07-31,2025-08-08,zero,18,"[""기타 농산가공품"", ""카페인"", ""과.채가공품"", ""홍차추출분말"", ""알룰로오스"", ""수크랄로스"", ""아세설팜칼륨"", ""구연산(결정)"", ""구연산삼나트륨"", ""마카추출분말"", ""타우린"", ""효소처리루틴"", ""혼합제제"", ""홍차향"", ""복숭아향"", ""복숭아향"", ""이산화탄소"", ""정제수""]"
20000360372421,HOT6더킹프로즌블루제로,롯데칠성음료(주),탄산음료,2026-07-11,2026-08-14,zero,19,"[""알룰로오스"", ""카페인"", ""그린커피빈추출물(기능성원료인정제2014-31호)"", ""정제수"", ""이산화탄소"", ""향료"", ""향료"", ""향료"", ""혼합제제"", ""식용색소청색제1호"", ""메타인산나트륨"", ""효소처리루틴"", ""타우린"", ""마카추출분말"", ""시클로덱스트린시럽"", ""구연산삼나트륨"", ""구연산(결정)"", ""아세설팜칼륨"", ""수크랄로스""]"
2021044228240,HOT6더킹프로즌블루제로,롯데칠성음료(주),탄산음료,2026-07-27,2026-08-12,zero,19,"[""기타 농산가공품"", ""카페인"", ""알룰로오스"", ""수크랄로스"", ""아세설팜칼륨"", ""구연산(결정)"", ""구연산삼나트륨"", ""시클로덱스트린시럽"", ""마카추출분말"", ""타우린"", ""효소처리루틴"", ""메타인산나트륨"", ""식용색소청색제1호"", ""혼합제제"", ""향료"", ""향료"", ""향료"", ""이산화탄소"", ""정제수""]"
2022032137425,K-방역 아케다바이오 바이러스 제로 시스템(K-Disinfection AKEDABio Virus Zero System),주식회사 디와이씨,이산화염소(수),2025-06-18,2025-06-20,zero,2,"[""이산화염소(수)"", ""정제수""]"
202407831144,K-이모 김치소스 제로슈가,주식회사 이모푸드,소스,2025-01-23,2026-07-01,zero,14,"[""배추잎"", ""정제소금"", ""고춧가루"", ""마늘"", ""발효식초"", ""양조간장"", ""정제수"", ""곡류가공품"", ""고춧가루"", ""기타가공품"", ""아세틸아디프산이전분"", ""효소처리스테비아"", ""천연향신료"", ""잔탄검""]"
201604150511317,MZ제로뻘건장소스,(주)호반식품,소스,2024-12-11,2025-02-02,zero,15,"[""두류가공품"", ""천연향신료"", ""L-글루탐산나트륨"", ""복합조미식품"", ""청주"", ""콩기름(대두유)"", ""소스"", ""혼합간장"", ""정제수"", ""고춧가루"", ""고춧가루"", ""혼합간장"", ""마늘"", ""당류가공품"", ""자몽종자추출물""]"
1986058904385,Maxim 모카골드 스테비아 제로슈거 커피믹스,동서식품(주),커피,2024-06-28,2026-05-29,zero,3,"[""커피"", ""식물성크림"", ""에리스리톨""]"
19750202004322,Maxim 모카골드 스테비아 제로슈거 커피믹스,동서식품(주),커피,2024-07-02,2026-04-17,zero,3,"[""커피"", ""식물성크림"", ""에리스리톨""]"
200704431101140,NOEX 제로 수분워터 복숭아,(주)삼양패키징광혜원공장,혼합음료,2026-05-20,2026-07-01,zero,15,"[""당류가공품"", ""향료"", ""구연산(무수)"", ""제일인산칼륨"", ""정제소금"", ""과.채가공품"", ""향료"", ""구연산삼나트륨"", ""향료"", ""젖산칼슘"", ""니코틴산아미드"", ""스테비올배당체"", ""염화마그네슘"", ""판토텐산칼슘"", ""정제수""]"
19800415004432,N사이다 제로,(주)일화초정공장,탄산음료,2022-02-15,2025-10-25,zero,9,"[""수크랄로스"", ""합성향료"", ""향료"", ""구연산"", ""천연향료"", ""당류가공품"", ""이산화탄소"", ""정제수"", ""아세설팜칼륨""]"
19800415004431,N콜라 제로,(주)일화초정공장,탄산음료,2022-02-15,2025-10-25,zero,12,"[""카페인"", ""합성향료"", ""아세설팜칼륨"", ""수크랄로스"", ""구연산삼나트륨"", ""카라멜색소 Ⅳ"", ""천연향료"", ""인산"", ""혼합제제"", ""당류가공품"", ""이산화탄소"", ""정제수""]"
198506140553656,OH! 파인애플 제로,(주)엠에스씨,혼합음료,2025-06-09,2025-07-31,zero,9,"[""글루콘산아연"", ""효소처리스테비아"", ""정제수"", ""에리스리톨"", ""구연산"", ""향료"", ""과.채가공품"", ""구연산삼나트륨"", ""수크랄로스""]"
20230501269223,ONLYTASTE 제로슈가 바닐라시럽,(주)소올담,당류가공품,2024-10-30,2024-11-21,zero,11,"[""정제수"", ""에리스리톨"", ""당류가공품"", ""식품첨가물"", ""수크랄로스"", ""천연향료"", ""잔탄검"", ""카라멜색소 Ⅲ"", ""천연향료"", ""합성향료"", ""식품첨가물""]"
201005430661616,Sunkist 애사비 제로 스파클링,오케이에프음료 주식회사,탄산음료,2025-12-18,2026-06-25,zero,13,"[""향료"", ""향료"", ""구연산"", ""이산화탄소"", ""폴리덱스트로스"", ""발효식초"", ""에리스리톨"", ""정제수"", ""아세설팜칼륨"", ""수크랄로스"", ""구연산삼나트륨"", ""향료"", ""향료""]"
20110445029141,Tamsaa 제로 블랙티 레몬맛,주식회사 퓨럽2공장,혼합음료,2022-08-01,2023-02-08,zero,11,"[""정제수"", ""에리스리톨"", ""구연산"", ""고형차"", ""레몬농축액"", ""향료"", ""향료"", ""구연산삼나트륨"", ""비타민C"", ""수크랄로스"", ""스테비올배당체""]"
20110445029140,Tamsaa 제로 블랙티 복숭아맛,주식회사 퓨럽2공장,혼합음료,2022-08-01,2023-02-08,zero,12,"[""수크랄로스"", ""스테비올배당체"", ""향료"", ""구연산삼나트륨"", ""향료"", ""향료"", ""복숭아농축액"", ""고형차"", ""구연산"", ""에리스리톨"", ""정제수"", ""비타민C""]"
20110445029142,Tamsaa 제로 블랙티 자몽맛,주식회사 퓨럽2공장,혼합음료,2022-08-01,2023-02-08,zero,11,"[""스테비올배당체"", ""수크랄로스"", ""향료"", ""비타민C"", ""향료"", ""구연산삼나트륨"", ""정제수"", ""에리스리톨"", ""구연산"", ""레드자몽농축액"", ""고형차""]"
20090473152561,VIVID SWEET 제로 샤인머스캣에이드,(주)신성티엔에프,혼합음료,2023-05-25,2023-05-31,zero,10,"[""혼합제제"", ""수크랄로스"", ""기타가공품"", ""정제수"", ""에리스리톨"", ""구연산(무수)"", ""과.채가공품"", ""향료"", ""DL-사과산"", ""효소처리스테비아""]"
20090473152560,VIVID SWEET 제로 자몽에이드,(주)신성티엔에프,혼합음료,2023-05-25,2023-06-06,zero,17,"[""혼합제제"", ""향료제제"", ""과.채가공품"", ""구연산(무수)"", ""DL-사과산"", ""향료"", ""정제수"", ""에리스리톨"", ""자몽과육"", ""과.채가공품"", ""천연향료"", ""수크랄로스"", ""기타가공품"", ""향료제제"", ""치자황색소"", ""효소처리스테비아"", ""펙틴""]"
201005430661548,XR일렉트로라이트제로슈가 레몬라임,오케이에프음료 주식회사,혼합음료,2025-05-14,2025-05-16,zero,16,"[""정제수"", ""정제소금"", ""향료"", ""구연산"", ""구연산삼나트륨"", ""향료"", ""향료"", ""DL-사과산"", ""염화칼륨"", ""젖산칼슘"", ""글루코노-δ-락톤"", ""아라비아검"", ""염화마그네슘"", ""만니톨"", ""아세설팜칼륨"", ""수크랄로스""]"
201005430661549,XR일렉트로라이트제로슈가 수박키위,오케이에프음료 주식회사,혼합음료,2025-05-14,2025-05-16,zero,16,"[""글루코노-δ-락톤"", ""아라비아검"", ""염화마그네슘"", ""만니톨"", ""아세설팜칼륨"", ""수크랄로스"", ""젖산칼슘"", ""염화칼륨"", ""DL-사과산"", ""향료"", ""향료"", ""구연산삼나트륨"", ""구연산"", ""정제소금"", ""향료"", ""정제수""]"
201005430661550,XR일렉트로라이트제로슈가 유자패션후르츠,오케이에프음료 주식회사,혼합음료,2025-05-14,2025-05-16,zero,16,"[""구연산삼나트륨"", ""정제수"", ""구연산"", ""정제소금"", ""향료"", ""글루코노-δ-락톤"", ""아라비아검"", ""염화마그네슘"", ""만니톨"", ""아세설팜칼륨"", ""수크랄로스"", ""젖산칼슘"", ""염화칼륨"", ""DL-사과산"", ""향료"", ""향료""]"
201005430661547,XR일렉트로라이트제로슈가 자몽포도,오케이에프음료 주식회사,혼합음료,2025-05-14,2025-05-16,zero,16,"[""정제수"", ""향료"", ""정제소금"", ""구연산"", ""구연산삼나트륨"", ""향료"", ""향료"", ""DL-사과산"", ""염화칼륨"", ""젖산칼슘"", ""수크랄로스"", ""아세설팜칼륨"", ""만니톨"", ""염화마그네슘"", ""아라비아검"", ""글루코노-δ-락톤""]"
201005430661545,XR일렉트로라이트제로슈가 파인애플망고,오케이에프음료 주식회사,혼합음료,2025-05-14,2025-05-16,zero,16,"[""염화칼륨"", ""젖산칼슘"", ""수크랄로스"", ""아세설팜칼륨"", ""만니톨"", ""염화마그네슘"", ""아라비아검"", ""글루코노-δ-락톤"", ""정제수"", ""향료"", ""정제소금"", ""구연산"", ""구연산삼나트륨"", ""향료"", ""향료"", ""DL-사과산""]"
2017062308899,Z-water 제로타임,주식회사 수경,혼합음료,2021-08-30,2021-09-01,zero,4,"[""지하수"", ""수소"", ""비타민 C"", ""천연향료(Lemon)""]"
2018036122924,ZEROVIRUS+ (제로바이러스플러스),퓨어오투,이산화염소(수),2026-06-10,2026-06-13,zero,2,"[""정제수"", ""이산화염소(수)""]"
20000614238686,delaffe 말차레몬에이드제로,(주)바이오포트코리아,혼합음료,2026-01-29,2026-02-12,zero,11,"[""혼합제제"", ""고형차"", ""향료"", ""정제수"", ""향료"", ""비타민C"", ""구연산"", ""아세설팜칼륨"", ""수크랄로스"", ""에리스리톨"", ""과.채가공품""]"
20000614238536,delaffe 제로 자몽허니블랙티,(주)바이오포트코리아,혼합음료,2023-02-01,2023-02-14,zero,13,"[""혼합제제"", ""수크랄로스"", ""향료"", ""아세설팜칼륨"", ""비타민C"", ""구연산삼나트륨"", ""사양벌꿀"", ""홍차추출분말"", ""과.채가공품"", ""향료"", ""구연산"", ""에리스리톨"", ""정제수""]"
20000614238541,delaffe 제로 피치얼그레이티,(주)바이오포트코리아,혼합음료,2023-02-02,2023-02-14,zero,13,"[""복숭아농축액"", ""향료"", ""비타민C"", ""구연산"", ""홍차추출분말"", ""에리스리톨"", ""향료"", ""향료"", ""향료"", ""수크랄로스"", ""아세설팜칼륨"", ""혼합제제"", ""정제수""]"
20000614238535,delaffe 제로 핑크레몬아이스티,(주)바이오포트코리아,혼합음료,2023-02-01,2023-02-14,zero,14,"[""에리스리톨"", ""정제수"", ""식용색소적색제40호"", ""홍차추출분말"", ""수크랄로스"", ""혼합제제"", ""향료"", ""아세설팜칼륨"", ""비타민C"", ""구연산삼나트륨"", ""레몬농축액"", ""향료"", ""혼합제제"", ""구연산""]"
20050555180772,delaffe 제로 헤이즐넛향 아메리카노,농업회사법인(주)동서웰빙,커피,2023-02-10,2025-01-18,zero,10,"[""수크랄로스"", ""혼합허브추출물"", ""아세설팜칼륨"", ""탄산수소나트륨"", ""향료"", ""향료"", ""커피추출액"", ""커피농축액"", ""에리스리톨"", ""정제수""]"
198904450141017,delaffe 제로복숭아아이스티,태웅식품(주),혼합음료,2023-01-13,2023-02-02,zero,12,"[""복숭아농축액"", ""홍차추출분말"", ""에리스리톨"", ""수크랄로스"", ""효소처리스테비아"", ""구연산"", ""구연산삼나트륨"", ""혼합제제"", ""비타민C"", ""복숭아향"", ""홍차향"", ""정제수""]"
20070464094558,delaffe 제로스위트,(유)삼각에프엠씨 웰빙랜드,커피,2023-12-28,2024-01-09,zero,13,"[""커피추출액"", ""정제수"", ""향료"", ""향료"", ""혼합제제"", ""기타가공품"", ""탄산칼륨(무수)"", ""탄산수소나트륨"", ""아세설팜칼륨"", ""수크랄로스"", ""스테비올배당체"", ""커피"", ""커피""]"
20000614238592,delaffe 제로스위트아메리카노,(주)바이오포트코리아,커피,2025-01-16,2025-01-17,zero,12,"[""정제수"", ""혼합제제"", ""효소처리스테비아"", ""아세설팜칼륨"", ""수크랄로스"", ""향료"", ""향료"", ""향료"", ""탄산수소나트륨"", ""기타가공품"", ""커피"", ""커피농축액""]"
198904450141075,delaffe복숭아아이스티제로,태웅식품(주),혼합음료,2026-01-16,2026-01-30,zero,12,"[""복사나무열매농축액"", ""홍차추출분말"", ""에리스리톨"", ""수크랄로스"", ""스테비올배당체"", ""구연산"", ""구연산삼나트륨"", ""비타민C"", ""혼합제제"", ""향료"", ""향료"", ""정제수""]"
198904450141076,delaffe헤이즐넛향아메리카노제로,태웅식품(주),커피,2026-01-16,2026-02-04,zero,12,"[""정제수"", ""커피농축액"", ""커피분말"", ""에리스리톨"", ""수크랄로스"", ""스테비올배당체"", ""탄산수소나트륨"", ""탄산칼륨(무수)"", ""혼합제제"", ""향료"", ""향료"", ""향료""]"
20200401439364,oh! 프레쉬 오렌지 제로,(주)서울에프엔비,혼합음료,2026-05-14,2026-06-17,zero,10,"[""효소처리스테비아"", ""정제수"", ""구연산(결정)"", ""오렌지농축액"", ""향료"", ""펙틴"", ""구연산삼나트륨"", ""비타민C"", ""수크랄로스"", ""산화아연""]"
20190575042321,simplus 슈거제로 콜라라임,튤립인터내셔널(주),탄산음료,2025-11-27,2025-12-04,zero,14,"[""과.채가공품"", ""카페인"", ""당류가공품"", ""구연산(무수)"", ""카라멜색소 Ⅳ"", ""인산"", ""정제소금"", ""수크랄로스"", ""아세설팜칼륨"", ""효소처리스테비아"", ""향료"", ""향료"", ""이산화탄소"", ""정제수""]"
201005430661569,simplus 스파클링제로레몬,오케이에프음료 주식회사,탄산음료,2025-09-09,2025-09-17,zero,12,"[""정제수"", ""에리스리톨"", ""이산화탄소"", ""구연산"", ""향료"", ""향료"", ""향료"", ""자몽종자추출물"", ""수크랄로스"", ""아세설팜칼륨"", ""아스파탐"", ""레몬농축액""]"
201005430661571,simplus 스파클링제로복숭아,오케이에프음료 주식회사,탄산음료,2025-09-17,2025-09-24,zero,12,"[""정제수"", ""향료"", ""구연산"", ""이산화탄소"", ""에리스리톨"", ""자몽종자추출물"", ""수크랄로스"", ""아세설팜칼륨"", ""아스파탐"", ""혼합제제"", ""과.채가공품"", ""향료""]"
201005430661570,simplus 스파클링제로수박,오케이에프음료 주식회사,탄산음료,2025-09-12,2025-09-24,zero,12,"[""자몽종자추출물"", ""수크랄로스"", ""아세설팜칼륨"", ""아스파탐"", ""수박농축액"", ""구연산"", ""향료"", ""향료"", ""향료"", ""이산화탄소"", ""에리스리톨"", ""정제수""]"
201005430661572,simplus 스파클링제로자두,오케이에프음료 주식회사,탄산음료,2025-09-12,2025-09-24,zero,11,"[""자몽종자추출물"", ""수크랄로스"", ""아세설팜칼륨"", ""아스파탐"", ""자두농축액"", ""구연산"", ""향료"", ""향료"", ""이산화탄소"", ""에리스리톨"", ""정제수""]"
20000449035930,simplus 자몽허니블랙티 제로,(주)쟈뎅,액상차,2024-08-26,2026-04-27,zero,17,"[""향료제제"", ""곡류가공품"", ""향료"", ""구연산(무수)"", ""덱스트린"", ""홍차추출분말"", ""레드자몽농축액"", ""당류가공품"", ""정제수"", ""혼합제제"", ""아세설팜칼륨"", ""스테비올배당체"", ""수크랄로스"", ""향료"", ""정제소금"", ""사양벌꿀"", ""혼합제제""]"
19800415004420,simplus 제로사이다,(주)일화초정공장,탄산음료,2021-08-30,2025-05-08,zero,9,"[""향료"", ""향료"", ""에리스리톨"", ""구연산"", ""수크랄로스"", ""아세설팜칼륨"", ""천연향료"", ""정제수"", ""이산화탄소""]"
19800415004419,simplus 제로콜라,(주)일화초정공장,탄산음료,2021-07-14,2025-01-18,zero,11,"[""합성향료"", ""구연산삼나트륨"", ""수크랄로스"", ""인산"", ""아세설팜칼륨"", ""천연향료"", ""카페인"", ""이산화탄소"", ""정제수"", ""에리스리톨"", ""혼합제제""]"
20090473152640,the스윗 뷰티풀베리 제로에이드,(주)신성티엔에프,혼합음료,2025-07-24,2025-08-01,zero,13,"[""구연산(무수)"", ""기타가공품"", ""과.채가공품"", ""과.채가공품"", ""수크랄로스"", ""스테비텐후레쉬"", ""과.채가공품"", ""식품첨가물"", ""혼합제제"", ""향료"", ""과.채가공품"", ""에리스리톨"", ""정제수""]"
20070464094549,youus 유자캐모마일에이드 제로,(유)삼각에프엠씨 웰빙랜드,혼합음료,2023-04-10,2023-04-11,zero,15,"[""정제수"", ""식용색소황색제5호"", ""식용색소황색제4호"", ""향료"", ""향료"", ""향료"", ""혼합제제"", ""아세설팜칼륨"", ""수크랄로스"", ""가공소금"", ""구연산삼나트륨"", ""구연산(무수)"", ""기타가공품"", ""과.채가공품"", ""당류가공품""]"
20000449035863,youus 유자캐모마일에이드 제로,(주)쟈뎅,혼합음료,2023-04-07,2023-04-11,zero,15,"[""당류가공품"", ""과.채가공품"", ""기타가공품"", ""구연산(무수)"", ""구연산삼나트륨"", ""가공소금"", ""수크랄로스"", ""아세설팜칼륨"", ""혼합제제"", ""향료"", ""향료"", ""향료"", ""식용색소황색제4호"", ""식용색소황색제5호"", ""정제수""]"
20110084489531,youus 유자캐모마일에이드 제로,(주)웰파인,혼합음료,2023-04-07,2023-06-10,zero,15,"[""식용색소황색제4호"", ""아세설팜칼륨"", ""수크랄로스"", ""정제수"", ""당류가공품"", ""구연산(무수)"", ""향료"", ""향료"", ""향료"", ""기타가공품"", ""혼합제제"", ""과.채가공품"", ""구연산삼나트륨"", ""가공소금"", ""식용색소황색제5호""]"
20180037041116,α-cyclodextrin 알파CD 제로컷,(주)팜투팜2공장,기타가공품,2025-06-26,2025-07-17,zero,15,"[""시클로덱스트린"", ""난소화성말토덱스트린(고시형)"", ""파인애플향분말"", ""파인애플맛분말"", ""구연산(무수)"", ""효소처리스테비아"", ""이산화규소"", ""DL-사과산"", ""기타가공품"", ""생선콜라겐펩타이드"", ""건조효모"", ""양배추분말"", ""매실분말"", ""볶은귀리분말"", ""기타가공품""]"
20030364667117,αCD3500 제로파우더 라이트,(주)에이치엘사이언스,기타가공품,2024-07-11,2025-05-27,zero,9,"[""α-시클로덱스트린"", ""레몬과즙분말"", ""치커리뿌리추출물분말"", ""난소화성말토덱스트린(고시형)"", ""구연산(무수)"", ""효소처리스테비아"", ""레몬향혼합제제"", ""대나무수액"", ""석류농축분말(기능성원료인정제2018-8호)""]"
20070443110979,가나디 납작복숭아녹차제로,(주)삼양패키징광혜원공장,액상차,2025-04-07,2025-04-19,zero,13,"[""식물혼합추출액"", ""에리스리톨"", ""구연산(무수)"", ""과.채가공품"", ""향료"", ""향료"", ""DL-사과산"", ""구연산삼나트륨"", ""향료"", ""향료"", ""아세설팜칼륨"", ""수크랄로스"", ""정제수""]"
20070443110978,가나디 레몬녹차제로,(주)삼양패키징광혜원공장,액상차,2025-04-07,2025-04-19,zero,12,"[""정제수"", ""수크랄로스"", ""아세설팜칼륨"", ""향료"", ""향료"", ""구연산삼나트륨"", ""향료"", ""과.채가공품"", ""향료"", ""구연산(무수)"", ""에리스리톨"", ""식물혼합추출액""]"
2019059902657,가루선생 제로 스위트너,휴밀(humeal),당류가공품,2023-07-31,2026-01-07,zero,2,"[""에리스리톨"", ""효소처리스테비아""]"
20190599026110,가루선생 제로슈가 말차,휴밀(humeal),기타가공품,2026-07-23,2026-07-31,zero,2,"[""당류가공품"", ""녹차가루""]"
20130403079207,가시제로! 소금간 없는 어린이용 순살 가자미구이,디스이즈 주식회사,기타 수산물가공품,2025-11-18,2026-02-11,zero,4,"[""밀가루"", ""콩기름(대두유)"", ""정제수"", ""가자미""]"
20130403079205,가시제로! 소금간 없는 어린이용 순살 고등어구이,디스이즈 주식회사,기타 수산물가공품,2025-11-18,2026-02-11,zero,3,"[""발효식초"", ""정제수"", ""고등어""]"
20130403079206,가시제로! 소금간 없는 어린이용 순살 삼치구이,디스이즈 주식회사,기타 수산물가공품,2025-11-18,2026-02-11,zero,3,"[""발효식초"", ""정제수"", ""삼치""]"
202103631695,가이아 제로 칼로리 시럽 GAIA zero calorie syrup,(주)파낙스네이처팜,당류가공품,2022-10-06,2024-06-08,zero,5,"[""알룰로오스"", ""에리스리톨"", ""수크랄로스"", ""카복시메틸셀룰로스나트륨"", ""정제수""]"
202405842001,가평잣막걸리맛 제로0.00,(주)우리술,탄산음료,2024-10-14,2026-07-09,zero,10,"[""정제수"", ""쌀"", ""기타과당"", ""잣"", ""밀"", ""국"", ""수크랄로스"", ""효모"", ""구연산"", ""이산화탄소""]"
201005430661150,갈배사이다 제로,오케이에프음료 주식회사,탄산음료,2023-05-09,2026-06-09,zero,8,"[""정제수"", ""혼합제제"", ""혼합제제"", ""메타인산나트륨"", ""향료"", ""향료"", ""혼합제제"", ""이산화탄소""]"
20030473071447,갈배사이다 제로,건강한사람들 주식회사 2사업장,탄산음료,2023-05-11,2026-06-10,zero,8,"[""정제수"", ""이산화탄소"", ""식품첨가물혼합제제"", ""향료"", ""향료"", ""메타인산나트륨"", ""식품첨가물혼합제제"", ""식품첨가물혼합제제""]"
19980449002712,갈배사이다 제로,해태에이치티비주식회사,탄산음료,2023-10-05,2023-10-13,zero,9,"[""정제수"", ""이산화탄소"", ""식품첨가물혼합제제"", ""천연향료"", ""식품첨가물혼합제제"", ""메타인산나트륨"", ""정제소금"", ""식품첨가물혼합제제"", ""식품첨가물혼합제제""]"
20190424104160,감미루트 제로 매실차,엔에이치씨바이오텍(주),액상차,2024-03-13,2024-03-14,zero,11,"[""알룰로오스"", ""사과농축액"", ""매실농축액"", ""정제수"", ""매실향"", ""효소처리스테비아"", ""DL-사과산"", ""수크랄로스"", ""비타민C"", ""정제소금"", ""유산균혼합분말""]"
20190424104161,감미루트 제로 수정과,엔에이치씨바이오텍(주),액상차,2024-03-13,2024-06-04,zero,10,"[""알룰로오스"", ""계피농축액"", ""생강농축액"", ""정제수"", ""계피향"", ""효소처리스테비아"", ""수크랄로스"", ""비타민C"", ""정제소금"", ""유산균혼합분말""]"
20190424104162,감미루트 제로 식혜,엔에이치씨바이오텍(주),액상차,2024-03-13,2024-03-14,zero,8,"[""비타민C"", ""정제소금"", ""유산균혼합분말"", ""알룰로오스"", ""엿기름"", ""정제수"", ""효소처리스테비아"", ""수크랄로스""]"
20190424104166,감미루트 제로 오미자차,엔에이치씨바이오텍(주),액상차,2024-06-04,2024-06-26,zero,11,"[""정제소금"", ""유산균혼합분말"", ""로즈힙추출물분말"", ""라즈베리농축액"", ""보검선인장열매농축"", ""오미자추출액"", ""오미자농축액"", ""알룰로오스"", ""효소처리스테비아"", ""비타민C"", ""수크랄로스""]"
19800415004491,갑 토닉워터 제로,(주)일화초정공장,탄산음료,2024-11-28,2024-12-18,zero,11,"[""구연산"", ""수크랄로스"", ""아세설팜칼륨"", ""구연산삼나트륨"", ""L-아스파라진"", ""향료"", ""향료"", ""향료"", ""향료"", ""이산화탄소"", ""정제수""]"
20090449018606,갓성비 제로슈가 커피믹스,한국맥널티주식회사,커피,2026-01-08,2026-01-27,zero,5,"[""혼합제제"", ""에리스리톨"", ""식물성크림"", ""스테비올배당체"", ""인스턴트커피""]"
20170333328911,강한제로슈가밀크티,자연농장,액상차,2023-03-07,2023-03-09,zero,10,"[""정제수"", ""홍차추출분말"", ""홍차향"", ""효소처리스테비아"", ""카복시메틸셀룰로스나트륨"", ""꿀향"", ""수크랄로스"", ""아세설팜칼륨"", ""알룰로오스"", ""비타민C""]"
2009051500749,거제로 오란다,담양죽순영농조합법인,과자,2024-11-18,2026-07-01,zero,3,"[""퍼핑볼"", ""쌀조청"", ""삶은대나무죽순""]"
19780368002645,게토레이제로,롯데칠성음료(주),혼합음료,2024-03-20,2025-05-16,zero,7,"[""혼합제제"", ""구연산(무수)"", ""기타가공품"", ""정제수"", ""아세설팜칼륨"", ""수크랄로스"", ""향료""]"
20000360372373,게토레이제로,롯데칠성음료(주),혼합음료,2024-03-09,2024-03-12,zero,7,"[""구연산(무수)"", ""혼합제제"", ""향료"", ""기타가공품"", ""정제수"", ""아세설팜칼륨"", ""수크랄로스""]"
19930242053486,게토레이제로,롯데칠성음료(주),혼합음료,2025-04-03,2025-04-08,zero,7,"[""기타가공품"", ""향료"", ""혼합제제"", ""구연산(무수)"", ""수크랄로스"", ""아세설팜칼륨"", ""정제수""]"
2013049213775,고구마바통(레몬) 제로슈거,웰빙팜,빵류,2024-10-26,2024-11-02,zero,8,"[""정제소금"", ""베이킹파우더"", ""레몬"", ""당류가공품"", ""보리가루"", ""계란"", ""버터"", ""고구마""]"
2013049213776,고구마바통(시나몬) 제로슈거,웰빙팜,빵류,2024-10-26,2024-11-06,zero,8,"[""정제소금"", ""베이킹파우더"", ""계피"", ""당류가공품"", ""보리가루"", ""계란"", ""버터"", ""고구마""]"
19920624042948,고려은단 비타민C1000 스파클링 제로,(주)상일,탄산음료,2025-04-04,2025-05-20,zero,21,"[""이산화탄소"", ""에리스리톨"", ""정제수"", ""혼합제제"", ""판토텐산칼슘"", ""비타민B1질산염"", ""비타민B2"", ""비타민B6염산염"", ""니코틴산아미드"", ""아세설팜칼륨"", ""효소처리스테비아"", ""수크랄로스"", ""정제소금"", ""구연산삼나트륨"", ""덱스트린"", ""향료"", ""사과농축액"", ""기타가공품"", ""구연산(무수)"", ""타우린"", ""비타민C""]"
2019039311872,고맙당 제로 고추장,특별한맛 주식회사,고추장,2024-08-16,2024-08-17,zero,6,"[""효소처리스테비아"", ""메주가루"", ""액젓"", ""한식간장"", ""고춧가루"", ""정제수""]"
19860443015644,고민제로 부담제로,(주)네이처텍,음료베이스,2023-03-30,2023-05-09,zero,23,"[""비타민미네랄혼합제제"", ""구연산(무수)"", ""오렌지향분말"", ""레드비트주스분말"", ""이산화규소"", ""수크랄로스"", ""비타민C"", ""비타민B2"", ""흰강낭콩추출물"", ""L-카르니틴"", ""L-아르지닌"", ""옥수수수염추출분말"", ""팥농축분말"", ""염화칼륨"", ""아미노산혼합제제"", ""오렌지추출물분말"", ""에리스리톨"", ""난소화성말토덱스트린분말(고시형)"", ""치커리뿌리추출물분말"", ""오렌지농축분말"", ""가바"", ""세븐베리농축분말"", ""귀리식이섬유""]"
20200452306259,고카페인 확깨라 제로 자몽레몬 츄어블,(주)에스엠바이오,당류가공품,2024-08-09,2024-08-13,zero,16,"[""결정셀룰로스"", ""타우린"", ""스테아린산마그네슘"", ""자몽농축분말"", ""수크랄로스"", ""아세설팜칼륨"", ""L-아르지닌"", ""효소처리스테비아"", ""레몬과즙분말"", ""레몬향"", ""자몽향"", ""D-소비톨"", ""구연산"", ""DL-사과산"", ""비타민C"", ""과라나추출물분말""]"
20140368660110,곤약젤리 복숭아 제로,(주)자임에프앤비,캔디류,2024-05-03,2026-01-09,zero,8,"[""정제수"", ""에리스리톨"", ""향료"", ""혼합제제"", ""비타민C"", ""구연산"", ""수크랄로스"", ""과.채가공품""]"
20140368660120,곤약젤리 사과 제로,(주)자임에프앤비,캔디류,2024-05-03,2026-01-09,zero,8,"[""정제수"", ""에리스리톨"", ""향료"", ""혼합제제"", ""비타민C"", ""구연산"", ""수크랄로스"", ""사과농축액""]"
20140368660404,곤약젤리 오렌지 제로,(주)자임에프앤비,캔디류,2024-01-29,2026-01-09,zero,8,"[""정제수"", ""에리스리톨"", ""향료"", ""혼합제제"", ""비타민C"", ""구연산"", ""수크랄로스"", ""오렌지농축액""]"
20140368660403,곤약젤리 청포도 제로,(주)자임에프앤비,캔디류,2024-01-29,2026-01-09,zero,8,"[""정제수"", ""에리스리톨"", ""향료"", ""혼합제제"", ""비타민C"", ""구연산"", ""수크랄로스"", ""청포도농축액""]"
20210474094178,골든나인 제로슈가복숭아아이스티파우더,주식회사 피앤에프,기타가공품,2025-07-25,2025-07-26,zero,15,"[""향료"", ""향료"", ""이산화규소"", ""DL-사과산"", ""홍차추출분말"", ""향료"", ""구연산(무수)"", ""D-말티톨"", ""에리스리톨"", ""구연산삼나트륨"", ""비타민C"", ""과.채가공품"", ""혼합제제"", ""효소처리스테비아"", ""수크랄로스""]"
19890449002212,과수원 사과 제로,남양유업 주식회사 천안공장,혼합음료,2026-06-01,2026-06-06,zero,14,"[""사과농축액"", ""수크랄로스"", ""아세설팜칼륨"", ""에리스리톨"", ""유청"", ""구연산"", ""DL-사과산"", ""펙틴"", ""카복시메틸셀룰로스나트륨"", ""정제소금"", ""사과향"", ""향료"", ""향료"", ""정제수""]"
1980053801844,과수원 사과 제로,남양유업주식회사 경주공장,혼합음료,2026-06-02,2026-06-11,zero,14,"[""정제수"", ""향료"", ""사과향"", ""사과향"", ""정제소금"", ""카르복시메틸셀룰로오스"", ""펙틴"", ""DL-사과산"", ""구연산"", ""유청"", ""에리스리톨"", ""아세설팜칼륨"", ""수크랄로스"", ""사과농축액""]"
19930461022357,과수원 사과 제로,연세대학교 연세유업,혼합음료,2025-06-13,2025-07-11,zero,14,"[""정제수"", ""에리스리톨"", ""수크랄로스"", ""아세설팜칼륨"", ""유청분말"", ""구연산(결정)"", ""DL-사과산"", ""펙틴"", ""카복시메틸셀룰로스나트륨"", ""정제소금"", ""향료"", ""향료"", ""향료제제"", ""사과농축액""]"
19920624042947,과수원 오렌지 제로슈가,(주)상일,혼합음료,2025-02-19,2026-04-24,zero,18,"[""적양배추색소"", ""수크랄로스"", ""향료"", ""향료"", ""향료"", ""아세설팜칼륨"", ""DL-사과산"", ""향료"", ""향료"", ""카로틴"", ""결정셀룰로스"", ""구연산삼나트륨"", ""향료"", ""오렌지농축액"", ""정제수"", ""에리스리톨"", ""구연산"", ""사과농축액""]"
19920624042946,과수원 청포도 제로슈가,(주)상일,혼합음료,2025-02-19,2025-07-01,zero,17,"[""펙틴"", ""결정셀룰로스"", ""백포도농축과즙"", ""유청분말"", ""구연산"", ""덱스트린"", ""에리스리톨"", ""정제수"", ""향료"", ""구연산삼나트륨"", ""향료"", ""향료"", ""아세설팜칼륨"", ""수크랄로스"", ""정제소금"", ""향료"", ""규소수지""]"
20190424102240,광동 알파 제로밸런스,광동헬스바이오(주) 2공장,기타가공품,2025-06-16,2025-06-17,zero,8,"[""대나무수액"", ""난소화성말토덱스트린(고시형)"", ""자몽농축분말"", ""효소처리스테비아"", ""구연산"", ""DL-사과산"", ""자몽향"", ""α-시클로덱스트린""]"
2018051706827,광양농부 제로 매실탱탱,광양농부영농조합법인,캔디류,2025-01-07,2026-07-01,zero,16,"[""구연산(무수)"", ""알룰로오스"", ""비타민C"", ""구연산삼나트륨"", ""젤라틴"", ""정제수"", ""효소처리스테비아"", ""매실과즙"", ""시클로덱스트린"", ""시클로덱스트린"", ""카라기난"", ""치자황색소"", ""치자청색소"", ""젖산칼슘"", ""DL-사과산"", ""매실향""]"
202508391913,귀리온 제로 시럽,농업회사법인주식회사푸드팩토리,기타가공품,2025-11-04,2025-11-08,zero,7,"[""정제수"", ""귀리식이섬유"", ""난소화성말토덱스트린(고시형)"", ""수크랄로스"", ""알룰로오스"", ""볶은귀리분말"", ""정제소금""]"
200201832821251,귀여운 내친구 뽀로로 제로 딸기맛,(주)푸드웰,혼합음료,2024-07-17,2025-11-18,zero,19,"[""구연산(무수)"", ""구연산삼나트륨"", ""젖산칼슘"", ""비타민B1염산염"", ""비타민D3혼합제제"", ""정제소금"", ""효소처리스테비아"", ""수크랄로스"", ""에리스리톨"", ""난소화성말토덱스트린(고시형)"", ""나한과추출물분말"", ""향료"", ""향료"", ""향료제제"", ""정제수"", ""혼합제제"", ""두류가공품"", ""딸기농축액"", ""탈지분유""]"
200201832821252,귀여운 내친구 뽀로로 제로 밀크맛,(주)푸드웰,혼합음료,2024-07-17,2025-11-18,zero,18,"[""탈지분유"", ""두류가공품"", ""혼합제제"", ""정제수"", ""향료"", ""향료"", ""향료"", ""나한과추출물분말"", ""난소화성말토덱스트린(고시형)"", ""에리스리톨"", ""수크랄로스"", ""효소처리스테비아"", ""정제소금"", ""비타민D3혼합제제"", ""비타민B1염산염"", ""젖산칼슘"", ""구연산삼나트륨"", ""구연산(무수)""]"
20130345125486,그랑 제로슈가 복숭아아이스티,주식회사 컵풀,고형차,2026-04-19,2026-04-29,zero,13,"[""에리스리톨"", ""이산화규소"", ""카라멜색소 Ⅳ"", ""복숭아향분말"", ""홍차추출분말"", ""구연산"", ""비타민 C 분말"", ""수크랄로스"", ""아세설팜칼륨"", ""효소처리스테비아"", ""식초분말"", ""비타민 C 분말"", ""복숭아맛분말""]"
20080517001390,그래놀라 ZERO 제로슈거 파로 통보리,도울바이오푸드영농조합법인,곡류가공품,2026-06-29,2026-07-05,zero,21,"[""옥수수가루"", ""두류가공품"", ""압착귀리"", ""알룰로오스"", ""식물성경화유지"", ""과자"", ""발효밀단백질"", ""곡류가공품"", ""곡류가공품"", ""난소화성말토덱스트린(고시형)"", ""정제소금"", ""가공치즈"", ""혼합제제"", ""혼합제제"", ""효소처리스테비아"", ""레시틴"", ""혼합제제"", ""혼합제제"", ""피로인산제이철"", ""탄산수소나트륨"", ""산화아연""]"
20190424044236,그리너리 제로,주식회사 한입,과.채음료,2025-03-20,2025-03-22,zero,7,"[""청경채잎"", ""정제수"", ""레몬즙"", ""아보카도열매"", ""브로콜리"", ""양배추"", ""시금치분말""]"
20180161878106,그리밀 프로틴 제로슈거 곡물맛,(주)뉴밀,기타가공품,2026-03-13,2026-03-19,zero,10,"[""비타민미네랄혼합제제"", ""나한과추출물분말"", ""이노시톨"", ""유청단백분말"", ""곡물혼합분말"", ""L-글루타민"", ""분리대두단백분말"", ""수크랄로스"", ""차전자피식이섬유(고시형)"", ""귀리식이섬유""]"
19990362295409,그리핏 레이스 워터 제로,(주)뉴팜,기타가공품,2025-04-07,2025-04-23,zero,21,"[""D-소비톨"", ""에리스리톨"", ""자일리톨"", ""비타민C"", ""구연산"", ""폴리덱스트로스"", ""기타소금"", ""덱스트린"", ""염화칼륨"", ""효소처리스테비아"", ""아미노산혼합분말"", ""젖산칼슘"", ""타우린"", ""레몬향분말"", ""산화마그네슘"", ""수크랄로스"", ""니코틴산아미드"", ""산화아연"", ""비타민B6염산염"", ""비타민B1염산염"", ""엽산""]"
200704431101033,그린몬스터 칼로에이드 제로 알파CD 이온 음료 레몬,(주)삼양패키징광혜원공장,혼합음료,2025-09-05,2026-07-09,zero,15,"[""향료"", ""DL-사과산"", ""과.채가공품"", ""정제소금"", ""구연산삼나트륨"", ""제일인산칼륨"", ""난소화성말토덱스트린(고시형)"", ""향료"", ""구연산(무수)"", ""α-시클로덱스트린"", ""염화마그네슘"", ""젖산칼슘"", ""정제수"", ""수크랄로스"", ""아세설팜칼륨""]"
200704431101034,그린몬스터 칼로에이드 제로 알파CD 이온 음료 복숭아,(주)삼양패키징광혜원공장,혼합음료,2025-09-05,2026-07-09,zero,15,"[""정제수"", ""α-시클로덱스트린"", ""구연산(무수)"", ""향료"", ""난소화성말토덱스트린(고시형)"", ""제일인산칼륨"", ""구연산삼나트륨"", ""정제소금"", ""과.채가공품"", ""DL-사과산"", ""향료"", ""젖산칼슘"", ""염화마그네슘"", ""아세설팜칼륨"", ""수크랄로스""]"
2019035056945,그린트리 제로 복숭아 아이스티베이스,주식회사 푸른나무,당류가공품,2025-05-14,2025-05-15,zero,13,"[""정제수"", ""에리스리톨"", ""알룰로오스"", ""구연산"", ""복사나무열매농축액"", ""향료제제"", ""수크랄로스"", ""효소처리스테비아"", ""아세설팜칼륨"", ""잔탄검"", ""홍차분말"", ""소브산칼륨"", ""규소수지혼합제제""]"
20030473071521,글루라이트 제로 레몬 유자,건강한사람들 주식회사 2사업장,탄산음료,2025-12-26,2026-01-17,zero,18,"[""정제수"", ""이산화탄소"", ""향료"", ""향료"", ""향료"", ""혼합제제"", ""기타가공품"", ""기타가공품"", ""기타가공품"", ""기타가공품"", ""난소화성말토덱스트린(고시형)"", ""아세설팜칼륨"", ""수크랄로스"", ""구연산삼나트륨"", ""구연산"", ""과.채가공품"", ""과.채가공품"", ""알룰로오스""]"
2025029154231,글루텐 프리 제로슈가 카스테라 (플레인),(주)스윗앤스위츠 인천공장,빵류,2025-09-09,2026-07-01,zero,8,"[""바닐라에센스"", ""정제소금"", ""곡류가공품"", ""우유"", ""알룰로오스"", ""벌꿀"", ""전란액"", ""버터""]"
2025029154230,글루텐 프리 제로슈가 휘낭시에 소금빵맛,(주)스윗앤스위츠 인천공장,빵류,2025-09-09,2026-07-01,zero,7,"[""아몬드분말"", ""곡류가공품"", ""가공소금"", ""버터"", ""난백액"", ""벌꿀"", ""알룰로오스""]"
2025029154241,글루텐프리 제로슈가 마틸다 초코 케이크(냉동),(주)스윗앤스위츠 인천공장,빵류,2025-11-25,2026-07-01,zero,14,"[""우유"", ""곡류가공품"", ""알룰로오스"", ""카카오매스"", ""코코아분말"", ""계란"", ""치즈"", ""버터"", ""생크림"", ""사양벌꿀"", ""베이킹파우더"", ""탄산수소나트륨"", ""정제소금"", ""럼레진""]"
2025029154232,글루텐프리 제로슈가 카스테라(플레인) 냉동,(주)스윗앤스위츠 인천공장,빵류,2025-09-09,2026-07-01,zero,8,"[""바닐라에센스"", ""정제소금"", ""곡류가공품"", ""우유"", ""알룰로오스"", ""벌꿀"", ""전란액"", ""버터""]"
2025029154234,글루텐프리 제로슈가 항아리 티라미수,(주)스윗앤스위츠 인천공장,빵류,2025-09-09,2026-07-01,zero,12,"[""자연치즈"", ""알룰로오스"", ""커피농축액"", ""식물성크림"", ""정제소금"", ""인공바닐라오일향"", ""카카오분말"", ""벌꿀"", ""원유"", ""버터"", ""곡류가공품"", ""전란액""]"
2025029154244,글루텐프리 제로슈가 휘낭시에 다크초코,(주)스윗앤스위츠 인천공장,빵류,2025-11-25,2026-07-01,zero,8,"[""우유"", ""난백액"", ""사양벌꿀"", ""아몬드분말"", ""곡류가공품"", ""알룰로오스"", ""코코아분말"", ""정제소금""]"
2025029154243,글루텐프리 제로슈가 휘낭시에 다크초코(냉동),(주)스윗앤스위츠 인천공장,빵류,2025-11-25,2026-07-01,zero,8,"[""코코아분말"", ""알룰로오스"", ""곡류가공품"", ""버터"", ""난백액"", ""사양벌꿀"", ""아몬드분말"", ""정제소금""]"
2025029154233,글루텐프리 제로슈가 휘낭시에 소금빵맛 (냉동),(주)스윗앤스위츠 인천공장,빵류,2025-09-09,2026-07-01,zero,7,"[""가공소금"", ""곡류가공품"", ""아몬드분말"", ""알룰로오스"", ""벌꿀"", ""난백액"", ""버터""]"
202505632197,글리시드 제로슈거 복숭아 아이스티,주식회사 글리시드,고형차,2025-11-14,2026-02-01,zero,12,"[""제삼인산칼슘"", ""향료"", ""수크랄로스"", ""비타민C"", ""DL-사과산"", ""과.채가공품류"", ""곡류가공품"", ""향료"", ""홍차추출분말"", ""구연산(무수)"", ""난소화성말토덱스트린(고시형)"", ""에리스리톨""]"
20020443185691,금예찬특제로탕 분,엔에프티,복합조미식품,2024-10-25,2024-10-31,zero,9,"[""천연향신료"", ""L-글루탐산나트륨"", ""복합조미식품"", ""복합조미식품"", ""복합조미식품"", ""과.채가공품"", ""5-리보뉴클레오티드이나트륨"", ""천연향신료"", ""덱스트린""]"
20050355361103,기름제로 열풍에 구운 현미,(주)푸디스,곡류가공품,2020-08-06,2024-07-25,zero,1,"[""현미""]"
2005035536178,기름제로 옥수수칩,(주)푸디스,과자,2019-01-31,2023-07-13,zero,2,"[""곡류가공품"", ""천일염""]"
20050355361101,기름제로 유기농 현미칩 팰릿,(주)푸디스,과자,2020-06-09,2020-06-20,zero,2,"[""현미"", ""천일염""]"
20200452306350,기름제로 케어원 자색옥수수콜라겐 곤약팝콘,(주)에스엠바이오,곡류가공품,2025-04-08,2025-04-15,zero,8,"[""자일리톨"", ""효소처리스테비아"", ""정제소금"", ""곤약분말"", ""치커리식이섬유"", ""콜라겐"", ""옥수수가루"", ""곡류가공품""]"
20200452306327,기름제로 케어원 콜라겐 팝콘,(주)에스엠바이오,곡류가공품,2025-02-25,2025-02-28,zero,7,"[""곡류가공품"", ""콜라겐"", ""카사바전분"", ""곤약분말"", ""가공소금"", ""효소처리스테비아"", ""자일리톨""]"
20200452306328,기름제로 케어원 현미귀리 곤약 팝콘,(주)에스엠바이오,곡류가공품,2025-02-24,2025-05-23,zero,7,"[""현미"", ""자일리톨"", ""효소처리스테비아"", ""가공소금"", ""카사바전분"", ""곤약분말"", ""귀리""]"
2005035536196,기름제로 현미 표고칩,(주)푸디스,과자,2020-01-03,2026-03-21,zero,3,"[""천일염"", ""현미"", ""건조표고버섯분말""]"
20200452306620,기름제로 현미귀리 곤약 팝콘 볼,(주)에스엠바이오,곡류가공품,2026-03-11,2026-03-14,zero,6,"[""현미가루"", ""효소처리스테비아"", ""가공소금"", ""카사바전분"", ""곤약분말"", ""귀리분말""]"
2005035536170,기름제로 현미칩,(주)푸디스,과자,2018-07-20,2018-07-26,zero,2,"[""현미"", ""천일염""]"
20050355361171,기름제로 현미칩 블랙페퍼 앤 솔트,(주)푸디스,과자,2026-03-18,2026-03-20,zero,3,"[""현미"", ""천일염"", ""건조후추""]"
2005035536180,기름제로 현미칩 팰릿,(주)푸디스,과자,2019-01-31,2019-02-12,zero,2,"[""천일염"", ""현미""]"
20160471111103,김대감 스틱김자반 제로슈가,(주)해담솔,가공김(조미김 또는 구운김),2023-06-14,2026-07-09,zero,7,"[""가공소금"", ""대두분말"", ""식품첨가물혼합제제"", ""볶은참깨"", ""참기름"", ""채종유(유채유 또는 카놀라유)"", ""돌김""]"
20160471111206,김대감 프리미엄 스틱김자반 제로슈가,(주)해담솔,가공김(조미김 또는 구운김),2026-06-25,2026-06-27,zero,8,"[""천일염"", ""참기름"", ""올리브유"", ""식품첨가물혼합제제"", ""볶은콩가루"", ""볶은참깨"", ""채종유(유채유 또는 카놀라유)"", ""김""]"
20030467230367,김오곤 난백 알부민 365 당제로 레드,(주)대한홍삼진흥원,혼합음료,2026-04-13,2026-04-30,zero,3,"[""파인애플향"", ""드링크향"", ""난백알부민""]"
20030467230365,김오곤 시그니처 활력88 알부민 당제로,(주)대한홍삼진흥원,혼합음료,2026-04-06,2026-04-30,zero,1,"[""난백알부민""]"
20030467230369,김오곤난백알부민프리미엄당제로,(주)대한홍삼진흥원,혼합음료,2026-04-24,2026-04-30,zero,3,"[""드링크향"", ""파인애플향"", ""난백알부민""]"
20030467230371,김오곤당제로멀티난백알부민청춘시대,(주)대한홍삼진흥원,혼합음료,2026-05-07,2026-05-08,zero,3,"[""드링크향"", ""파인애플향"", ""난백알부민""]"
20030467230368,김오곤원장프리미엄당제로닥터알부민금빛,(주)대한홍삼진흥원,혼합음료,2026-04-15,2026-04-30,zero,3,"[""난백알부민"", ""드링크향"", ""파인애플향""]"
198904450141026,나는 아이스티복숭아제로,태웅식품(주),혼합음료,2023-02-01,2025-04-29,zero,11,"[""복사나무열매농축액"", ""홍차추출분말"", ""에리스리톨"", ""수크랄로스"", ""스테비올배당체"", ""구연산"", ""구연산삼나트륨"", ""비타민C"", ""복숭아향"", ""홍차향"", ""정제수""]"
198904450141027,나는 청포도에이드 제로,태웅식품(주),혼합음료,2023-02-01,2025-04-11,zero,11,"[""정제수"", ""청포도향"", ""인핸서"", ""식용색소청색제1호"", ""식용색소황색제4호"", ""구연산삼나트륨"", ""구연산"", ""스테비올배당체"", ""수크랄로스"", ""에리스리톨"", ""청포도농축액""]"
201005430661374,나랑드사이다 제로 그린애플,오케이에프음료 주식회사,탄산음료,2024-07-23,2024-07-24,zero,20,"[""향료"", ""향료"", ""향료"", ""알룰로오스"", ""이산화탄소"", ""정제수"", ""DL-사과산"", ""향료"", ""향료"", ""향료"", ""향료"", ""난소화성말토덱스트린(고시형)"", ""과.채가공품"", ""구연산"", ""구연산삼나트륨"", ""정제소금"", ""염화칼륨"", ""젖산칼슘"", ""아세설팜칼륨"", ""수크랄로스""]"
201005430661199,나랑드사이다 제로 파인애플,오케이에프음료 주식회사,탄산음료,2023-09-05,2023-09-07,zero,16,"[""DL-사과산"", ""파인애플농축과즙"", ""구연산"", ""알룰로오스"", ""이산화탄소"", ""정제수"", ""난소화성말토덱스트린(고시형)"", ""정제소금"", ""구연산삼나트륨"", ""수크랄로스"", ""아세설팜칼륨"", ""향료"", ""향료"", ""향료"", ""향료"", ""향료""]"
2002046107314098,나이스웨더제로떡볶이소스,(주)동원홈푸드,소스,2023-08-30,2023-09-05,zero,24,"[""복합조미식품"", ""5-리보뉴클레오티드이나트륨"", ""파프리카추출색소"", ""후추가루"", ""마늘가루"", ""효모식품"", ""잔탄검"", ""구연산"", ""당류가공품"", ""정제수"", ""고춧가루"", ""소스"", ""천일염"", ""고춧가루"", ""L-글루탐산나트륨"", ""소스"", ""글리신"", ""소스"", ""소스"", ""곡류가공품"", ""효모추출물"", ""소스"", ""소스"", ""양조간장""]"
201904421491706,나이스웨더제로떡볶이소스,(주)동원홈푸드,소스,2023-08-30,2023-09-01,zero,24,"[""당류가공품"", ""정제수"", ""고춧가루"", ""소스"", ""천일염"", ""고춧가루"", ""L-글루탐산나트륨"", ""소스"", ""글리신"", ""소스"", ""소스"", ""곡류가공품"", ""효모추출물"", ""소스"", ""소스"", ""양조간장"", ""복합조미식품"", ""5-리보뉴클레오티드이나트륨"", ""파프리카추출색소"", ""후추가루"", ""마늘가루"", ""효모식품"", ""구연산"", ""잔탄검""]"
20090360445411,납작복숭아 아이스티 제로,(주)희망그린식품,고형차,2024-03-20,2024-03-27,zero,12,"[""식품첨가물"", ""식품첨가물"", ""고형차"", ""혼합제제"", ""혼합제제"", ""식품첨가물"", ""과.채가공품"", ""식품첨가물"", ""식품첨가물"", ""식품첨가물"", ""식품첨가물"", ""정제소금""]"
200201832821345,납작복숭아 아이스티(제로),(주)푸드웰,액상차,2025-04-03,2025-04-23,zero,16,"[""구연산"", ""에리스리톨"", ""향료"", ""침출차"", ""정제수"", ""과.채가공품"", ""혼합제제"", ""효소처리스테비아"", ""구연산삼나트륨"", ""복사나무열매농축액"", ""아세설팜칼륨"", ""수크랄로스"", ""비타민C"", ""펙틴"", ""곡류가공품"", ""향료""]"
2017055535265,낫제로 레몬라임,농업회사법인(주)동의보굼,탄산음료,2025-05-16,2025-05-21,zero,13,"[""구연산"", ""이산화탄소"", ""자일리톨"", ""치커리뿌리추출물"", ""레몬농축액"", ""정제수"", ""천연오렌지향"", ""천연 레몬라임향"", ""천연향료(Lemon)"", ""비타민C"", ""발효식초"", ""효소처리스테비아"", ""사과농축액""]"
2017055535266,낫제로 수제콜라,농업회사법인(주)동의보굼,탄산음료,2025-07-22,2025-07-25,zero,14,"[""비타민C"", ""구연산삼나트륨"", ""카라멜색소분말"", ""효소처리스테비아"", ""구연산"", ""이산화탄소"", ""자일리톨"", ""치커리뿌리추출물"", ""기타 농산가공품"", ""기타 농산가공품"", ""기타 농산가공품"", ""천연 레몬라임향"", ""천연향료(Lime)"", ""정제수""]"
2017055535267,낫제로 클래식포도,농업회사법인(주)동의보굼,탄산음료,2025-05-16,2025-05-21,zero,12,"[""정제수"", ""천연청포도향"", ""천연오렌지향"", ""천연포도향"", ""비타민C"", ""발효식초"", ""효소처리스테비아"", ""구연산"", ""이산화탄소"", ""포도농축액"", ""자일리톨"", ""치커리뿌리추출물""]"
20030473071412,널담 제로 티스파클링 블랙티레몬,건강한사람들 주식회사 2사업장,탄산음료,2022-01-11,2024-08-24,zero,9,"[""구연산"", ""구연산삼나트륨"", ""수크랄로스"", ""홍차추출액"", ""향료"", ""천연향료"", ""향료"", ""이산화탄소"", ""정제수""]"
20030473071413,널담 제로 티스파클링 캐모마일피치,건강한사람들 주식회사 2사업장,탄산음료,2022-01-11,2024-08-24,zero,8,"[""구연산"", ""구연산삼나트륨"", ""수크랄로스"", ""캐모마일추출물"", ""천연향료"", ""향료"", ""이산화탄소"", ""정제수""]"
20110372457595,넘버이즈 레몬 애사비 제로 클렌즈,자연그대로(주),기타가공품,2025-11-19,2025-11-20,zero,16,"[""기타가공품"", ""효소처리스테비아"", ""수크랄로스"", ""이산화규소"", ""구연산(무수)"", ""과.채가공품"", ""프락토올리고당"", ""치커리뿌리추출물분말"", ""향료"", ""과.채가공품"", ""레몬밤추출물"", ""덱스트린"", ""음료베이스"", ""에리스리톨"", ""난소화성말토덱스트린(고시형)"", ""α-시클로덱스트린""]"
2019036140414,넘버제로,위로스트(weroast),커피,2020-08-18,2020-08-26,zero,1,"[""커피원두""]"
20030473071438,넛츠그린 제로스파클링 복숭아블랙티,건강한사람들 주식회사 2사업장,탄산음료,2022-12-08,2025-12-25,zero,8,"[""향료"", ""스테비올배당체"", ""구연산"", ""에리스리톨"", ""과.채가공품"", ""홍차추출액"", ""이산화탄소"", ""정제수""]"
20030473071456,넛츠그린 제로스파클링 애플블랙티,건강한사람들 주식회사 2사업장,탄산음료,2023-05-02,2024-06-01,zero,8,"[""홍차추출액"", ""과.채가공품"", ""에리스리톨"", ""구연산"", ""스테비올배당체"", ""향료"", ""이산화탄소"", ""정제수""]"
20030473071433,넛츠그린 제로스파클링 자몽블랙티,건강한사람들 주식회사 2사업장,탄산음료,2022-09-16,2026-04-11,zero,8,"[""홍차추출액"", ""과.채가공품"", ""에리스리톨"", ""구연산"", ""스테비올배당체"", ""향료"", ""이산화탄소"", ""정제수""]"
19810415002486,네스티 복숭아맛 아이스티 제로 슈거,롯데네슬레코리아주식회사,고형차,2023-12-11,2024-08-20,zero,7,"[""복사나무열매과즙분말"", ""수크랄로스"", ""에리스리톨"", ""홍차추출분말"", ""구연산"", ""복숭아향"", ""구연산삼나트륨""]"
2020045230657,네이처 비타구미 C+D 제로,(주)에스엠바이오,캔디류,2023-03-22,2023-12-22,zero,3,"[""캔디류"", ""기타식용유지"", ""유산균""]"
2019049627114,넥스트제로 김부각,남원혼불부각,과자,2024-11-13,2024-12-28,zero,16,"[""참깨"", ""감초건조"", ""건조둥굴레"", ""건표고버섯"", ""건조다시마"", ""건조멸치"", ""건새우"", ""대파"", ""무"", ""정제수"", ""양파"", ""마늘"", ""천일염"", ""김"", ""찹쌀"", ""옥수수기름(옥배유)""]"
19930627270111,넷제로밸런스,(주)제주사랑농수산,액상차,2026-03-27,2026-04-22,zero,11,"[""타우린"", ""용암해수 미네랄 분말"", ""사과농축액"", ""헛개나무열매농축액"", ""한방추출물"", ""물엿"", ""정제수"", ""베타인"", ""아스파탐"", ""오렌지향"", ""구연산""]"
2005032066344,노브제로(NovZero),(주)로타,식품첨가물과기구등의살균소독제,2021-11-19,2021-12-25,zero,8,"[""제삼인산나트륨"", ""제삼인산칼륨"", ""에틸렌디아민테트라아세트산"", ""사나트륨"", ""염화-n-알킬(C12-C18)디메틸에틸벤질암모늄(평균분자량 384)"", ""염화알킬(C12-C18)벤질디메틸 암모늄"", ""에탄올"", ""정제수""]"
2005032066345,노브제로-R(NovZero-R),(주)로타,식품첨가물과기구등의살균소독제,2021-11-19,2021-12-25,zero,6,"[""제삼인산나트륨"", ""제삼인산칼륨"", ""염화알킬(C12-C18)벤질디메틸 암모늄"", ""염화-n-알킬(C12-C18)디메틸에틸벤질암모늄(평균분자량 384)"", ""에탄올"", ""정제수""]"
2023051948261,노슈가러버 제로 꾸덕 브라우니,주식회사 제이씨대경,빵류,2024-11-07,2026-02-01,zero,8,"[""자연치즈"", ""기타소금"", ""기타가공품"", ""코코아분말"", ""땅콩 또는 견과류가공품"", ""전란액"", ""버터"", ""유크림""]"
20220683125131,노슈가애디드 애플사이다 제로,(유)삼각에프엠씨 웰빙랜드,탄산음료,2023-06-02,2024-01-17,zero,10,"[""혼합제제"", ""구연산"", ""DL-사과산"", ""구연산삼나트륨"", ""수크랄로스"", ""아세설팜칼륨"", ""향료"", ""향료"", ""이산화탄소"", ""정제수""]"
20220683125130,노슈가애디드 체리콕 제로,(유)삼각에프엠씨 웰빙랜드,탄산음료,2023-05-17,2024-01-17,zero,11,"[""안식향산나트륨"", ""아세설팜칼륨"", ""수크랄로스"", ""혼합제제"", ""인산"", ""카페인"", ""정제수"", ""이산화탄소"", ""향료"", ""향료"", ""카라멜색소 Ⅳ""]"
2024067241389,노티드 제로 레몬베이스,주식회사 서울팩토리,음료베이스,2025-04-10,2025-04-12,zero,15,"[""식용색소황색제4호"", ""알룰로오스"", ""과.채가공품"", ""레몬과즙"", ""정제수"", ""구연산(결정)"", ""DL-사과산"", ""혼합제제"", ""레몬향"", ""레몬향"", ""구연산삼나트륨"", ""잔탄검"", ""안식향산나트륨"", ""수크랄로스"", ""아세설팜칼륨""]"
20170347016259,노티드 제로슈가 레몬에이드,(주)베오베,고형차,2024-07-03,2024-07-06,zero,12,"[""향료"", ""에리스리톨"", ""D-말티톨"", ""구연산(무수)"", ""향료"", ""비타민 C(고시형)"", ""과.채가공품"", ""제이인산칼륨"", ""제삼인산칼슘"", ""고형차"", ""수크랄로스"", ""치자황색소""]"
20080358277278,느린수정과제로,서정쿠킹(주),혼합음료,2026-04-07,2026-04-14,zero,9,"[""정제수"", ""에리스리톨"", ""생강"", ""알룰로오스"", ""계피"", ""곶감추출액"", ""효소처리스테비아"", ""수크랄로스"", ""감초""]"
202409351843,느린식혜제로,서정에프앤비 주식회사,혼합음료,2025-12-11,2025-12-13,zero,8,"[""수크랄로스"", ""효소처리스테비아"", ""쌀"", ""생강"", ""알룰로오스"", ""에리스리톨"", ""엿기름"", ""정제수""]"
20080358277275,느린식혜제로,서정쿠킹(주),혼합음료,2025-11-18,2025-11-25,zero,8,"[""정제수"", ""엿기름"", ""에리스리톨"", ""알룰로오스"", ""생강"", ""쌀"", ""효소처리스테비아"", ""수크랄로스""]"
19910344021161,다이나믹 킨 사이다 제로 원제 제3부,한국코카콜라유한회사,혼합제제,2010-03-05,2016-07-06,zero,2,"[""아스파탐"", ""아세설팜칼륨""]"
2017052002396,다이어젠 제로젤리,주식회사 상상바이오,기타가공품,2024-08-09,2026-07-01,zero,21,"[""프로바이오틱스(고시형)"", ""식품첨가물"", ""난소화성말토덱스트린(고시형)"", ""호박농축액"", ""기타가공품"", ""기타가공품"", ""기타가공품"", ""오렌지추출물분말"", ""구연산(무수)"", ""효소식품"", ""비타민B6염산염"", ""산화아연"", ""엽산"", ""이노시톨"", ""포도농축액"", ""치커리분말"", ""포도향분말"", ""올리고당"", ""효소처리스테비아"", ""히알루론산혼합제제"", ""정제수""]"
197304430031628,다크컴파운드제로,(주)삼광식품,준초콜릿,2024-09-04,2024-09-06,zero,9,"[""D-말티톨"", ""가공유지"", ""코코아분말"", ""코코아매스"", ""코코아분말"", ""레시틴"", ""효소처리스테비아"", ""향료"", ""폴리글리세린축합리시놀레인산에스테르""]"
19920562023461,닥터 페퍼 제로,대경사과원예농협음료가공공장,탄산음료,2022-06-13,2024-10-17,zero,7,"[""정제수"", ""안식향산나트륨"", ""식품첨가물혼합제제"", ""식품첨가물혼합제제"", ""식품첨가물혼합제제"", ""식품첨가물혼합제제"", ""이산화탄소""]"
19970614083162,닥터 페퍼 제로,코카콜라음료주식회사,탄산음료,2022-06-09,2022-06-14,zero,8,"[""정제수"", ""안식향산나트륨"", ""식품첨가물혼합제제"", ""식품첨가물혼합제제"", ""식품첨가물혼합제제"", ""식품첨가물혼합제제"", ""식품첨가물혼합제제"", ""이산화탄소""]"
201005430661054,닥터 페퍼 제로,오케이에프음료 주식회사,탄산음료,2022-08-24,2023-03-28,zero,7,"[""정제수"", ""안식향산나트륨"", ""식품첨가물혼합제제"", ""식품첨가물혼합제제"", ""식품첨가물혼합제제"", ""식품첨가물혼합제제"", ""이산화탄소""]"
19800375002269,닥터 페퍼 제로,코카콜라음료(주),탄산음료,2022-06-09,2023-01-10,zero,8,"[""안식향산나트륨"", ""정제수"", ""식품첨가물혼합제제"", ""이산화탄소"", ""식품첨가물혼합제제"", ""식품첨가물혼합제제"", ""식품첨가물혼합제제"", ""식품첨가물혼합제제""]"
2023080519565,닥터 페퍼 제로,동아에코팩 주식회사,탄산음료,2024-07-08,2024-09-26,zero,7,"[""혼합제제"", ""안식향산나트륨"", ""혼합제제"", ""혼합제제"", ""혼합제제"", ""이산화탄소"", ""정제수""]"
1980037500213,닥터 페퍼 제로 스트로베리크림향,코카콜라음료(주),탄산음료,2025-06-16,2025-06-18,zero,8,"[""정제수"", ""안식향산나트륨"", ""혼합제제"", ""혼합제제"", ""혼합제제"", ""향료"", ""혼합제제"", ""이산화탄소""]"
201005430661503,닥터 페퍼 제로 스트로베리크림향,오케이에프음료 주식회사,탄산음료,2025-05-13,2025-05-16,zero,8,"[""혼합제제"", ""정제수"", ""안식향산나트륨"", ""혼합제제"", ""혼합제제"", ""이산화탄소"", ""혼합제제"", ""향료""]"
20230805195106,닥터 페퍼 제로 스트로베리크림향,동아에코팩 주식회사,탄산음료,2025-06-18,2025-06-19,zero,8,"[""혼합제제"", ""안식향산나트륨"", ""혼합제제"", ""혼합제제"", ""정제수"", ""이산화탄소"", ""혼합제제"", ""향료""]"
1980037500210,닥터 페퍼 제로 시럽,코카콜라음료(주),음료베이스,2025-02-21,2025-02-22,zero,7,"[""정제수"", ""안식향산나트륨"", ""구연산삼나트륨"", ""혼합제제"", ""혼합제제"", ""혼합제제"", ""혼합제제""]"
19910344021517,닥터 페퍼 제로 원제 제3D부,한국코카콜라유한회사,혼합제제,2022-11-25,2022-11-29,zero,3,"[""구연산삼나트륨"", ""아세설팜칼륨"", ""수크랄로스""]"
19910344021508,닥터 페퍼 제로 원제 제3E부,한국코카콜라유한회사,혼합제제,2022-05-19,2022-05-21,zero,2,"[""아세설팜칼륨"", ""수크랄로스""]"
19910344021509,닥터 페퍼 제로 원제 제3F부,한국코카콜라유한회사,혼합제제,2022-05-19,2022-05-21,zero,2,"[""아스파탐"", ""구연산삼나트륨""]"
20020445181190,닥터닥터스 알파CD 제로핏 3200,(주)세움바이오텍,기타가공품,2025-07-24,2025-08-14,zero,7,"[""파인애플향분말"", ""난소화성말토덱스트린분말(고시형)"", ""α-시클로덱스트린"", ""기타 농산가공품"", ""효소식품"", ""파인애플식이섬유"", ""파인애플맛분말""]"
20040332743348,닥터로빈 제로 떡볶이 로제,주식회사 한맥푸드,즉석조리식품,2025-10-20,2025-10-21,zero,2,"[""소스"", ""숙면""]"
20040332743376,닥터로빈 제로 떡볶이 마라로제,주식회사 한맥푸드,즉석조리식품,2026-08-13,2026-08-20,zero,2,"[""소스"", ""숙면""]"
20040332743375,닥터로빈 제로 떡볶이 순한맛,주식회사 한맥푸드,즉석조리식품,2026-08-06,2026-08-08,zero,2,"[""소스"", ""숙면""]"
20040332743347,닥터로빈 제로 떡볶이 오리지널,주식회사 한맥푸드,즉석조리식품,2025-10-20,2025-10-21,zero,2,"[""소스"", ""숙면""]"
202102030782778,닥터바이투 바이오몸 덴티제로 밸런스 마이크로 잇 구강유산균,채움바이오 주식회사,당류가공품,2023-10-25,2024-03-08,zero,13,"[""D-소비톨"", ""자일리톨"", ""프락토올리고당"", ""기타가공품"", ""합성향료"", ""프로바이오틱스(고시형)"", ""기타가공품"", ""이산화규소"", ""스테아린산마그네슘"", ""스테비텐후레쉬"", ""프로폴리스추출물분말"", ""혼합제제"", ""산화아연""]"
20200452306572,닥터스원 알파CD 치커리 플러스 제로컷,(주)에스엠바이오,기타가공품,2026-01-23,2026-01-30,zero,8,"[""치커리추출물"", ""α-시클로덱스트린"", ""이산화규소"", ""효소처리스테비아"", ""DL-사과산"", ""파인애플맛분말"", ""파인애플향분말"", ""난소화성말토덱스트린(고시형)""]"
20080395120807,닥터케어 당코치 제로,(주)서울에프엔비 횡성지점,당뇨환자용 영양조제식품,2024-11-25,2024-11-26,zero,27,"[""난소화성말토덱스트린(고시형)"", ""분리대두단백"", ""분리유단백"", ""덱스트린"", ""알룰로오스"", ""아몬드페이스트"", ""팔라티노스"", ""옥수수기름(옥배유)"", ""유화제"", ""향료"", ""코코넛크림분말"", ""PALM MCT OIL"", ""정제소금"", ""감마리놀렌산 함유 유지(고시형)"", ""혼합제제"", ""유화제"", ""산도조절제"", ""기타가공품"", ""염화칼륨"", ""아세설팜칼륨"", ""제이인산칼륨"", ""구아바잎 추출물(고시형)"", ""이눌린/치커리추출물(고시형)"", ""젤란검"", ""수크랄로스"", ""카제인나트륨"", ""정제수""]"
2018018938832,단백한하루 렌틸콩 당제로,(주)비락대구공장,혼합음료,2025-11-10,2025-11-13,zero,16,"[""분리유단백분말"", ""알룰로오스"", ""분리대두단백"", ""난소화성말토덱스트린(고시형)"", ""땅콩 또는 견과류가공품"", ""두류가공품"", ""정제소금"", ""향료"", ""향료"", ""탄산수소나트륨"", ""효소처리스테비아"", ""카라기난"", ""자당지방산에스테르"", ""자당지방산에스테르"", ""비타민B6염산염"", ""정제수""]"
200603092602306,닭가슴살스파이스-제로M,주식회사 두잇식품소재,복합조미식품,2026-05-15,2026-05-21,zero,20,"[""D-소비톨"", ""혼합제제"", ""유청분말"", ""덱스트린"", ""혼합제제"", ""혼합제제"", ""정제소금"", ""혼합제제"", ""식품첨가물"", ""대두단백분말"", ""산도조절제"", ""산도조절제"", ""산도조절제"", ""양파분말"", ""효모추출물"", ""식품첨가물"", ""산도조절제"", ""복합조미식품"", ""후추가루"", ""효소처리스테비아""]"
1991061213848,담은유자제로,거제농산물수출영농조합법인,액상차,2023-05-16,2023-05-18,zero,10,"[""과.채가공품"", ""알룰로오스"", ""수크랄로스"", ""효소처리스테비아"", ""젤란검"", ""구연산칼슘"", ""젖산칼슘"", ""정제수"", ""비타민C"", ""구연산""]"
2017055503032,당 뺀 알룰로스 제로슈가 요리당,금화농산,당류가공품,2023-10-05,2023-10-18,zero,3,"[""알룰로오스"", ""스테비아추출물"", ""아미드펙틴""]"
20190444045354,당 제로 컷 티,(주)와이케이컴퍼니,침출차,2025-05-14,2025-05-23,zero,4,"[""바나바잎"", ""감잎"", ""여주"", ""뚱딴지""]"
2013049213777,당근바통 제로슈거,웰빙팜,빵류,2024-10-26,2024-11-02,zero,8,"[""정제소금"", ""베이킹파우더"", ""치즈"", ""당류가공품"", ""보리가루"", ""버터"", ""계란"", ""당근""]"
20110449015706,당류제로 발효 콤부차 레몬맛,주식회사오투바이오,기타가공품,2023-09-20,2023-09-26,zero,21,"[""난소화성말토덱스트린(고시형)"", ""프락토올리고당"", ""에리스리톨"", ""구연산(무수)"", ""탄산수소나트륨"", ""발효음료류"", ""레몬엑기스분말"", ""효소처리스테비아"", ""레몬향분말"", ""유산균혼합분말"", ""엘라스틴"", ""히알루론산혼합제제"", ""생선콜라겐"", ""비타민미네랄혼합분말"", ""수크랄로스"", ""귀리식이섬유"", ""서양자두농축분말"", ""비타민B2"", ""대나무수액"", ""비타민C"", ""자일리톨""]"
20110449015705,당류제로 발효 콤부차 청사과맛,주식회사오투바이오,기타가공품,2023-09-20,2023-09-26,zero,25,"[""탄산수소나트륨"", ""구연산(무수)"", ""발효음료류"", ""사과엑기스분말"", ""에리스리톨"", ""프락토올리고당"", ""사과향분말"", ""효소처리스테비아"", ""난소화성말토덱스트린(고시형)"", ""녹차추출물"", ""비타민C"", ""대나무수액"", ""자일리톨"", ""식초분말"", ""홍차추출분말"", ""서양자두농축분말"", ""귀리식이섬유"", ""히비스커스추출분말"", ""사과농축분말"", ""수크랄로스"", ""비타민미네랄혼합분말"", ""생선콜라겐"", ""히알루론산혼합제제"", ""엘라스틴"", ""유산균혼합분말""]"
20110449015707,당류제로 발효 콤부차 파인애플맛,주식회사오투바이오,기타가공품,2023-09-20,2023-09-26,zero,22,"[""비타민C"", ""대나무수액"", ""히비스커스추출분말"", ""식용색소황색제4호"", ""서양자두농축분말"", ""귀리식이섬유"", ""수크랄로스"", ""비타민미네랄혼합분말"", ""생선콜라겐"", ""히알루론산혼합제제"", ""엘라스틴"", ""유산균혼합분말"", ""비타민B2"", ""프락토올리고당"", ""에리스리톨"", ""파인애플향분말"", ""효소처리스테비아"", ""파인애플과즙분말"", ""발효음료류"", ""탄산수소나트륨"", ""구연산(무수)"", ""난소화성말토덱스트린(고시형)""]"
19790614008447,당류제로크리머,(주)희창유업,식물성크림,2023-02-15,2025-11-28,zero,9,"[""폴리글리시톨액"", ""가공유지"", ""우유단백질"", ""제이인산칼륨"", ""폴리인산칼륨"", ""스테아릴젖산나트륨"", ""제삼인산칼슘"", ""효소처리스테비아"", ""글리세린지방산에스테르""]"
19790614008474,당류제로크리머-J,(주)희창유업,식물성크림,2026-07-15,2026-07-16,zero,8,"[""폴리글리시톨액"", ""가공유지"", ""우유단백질"", ""제이인산칼륨"", ""글리세린지방산에스테르"", ""폴리인산칼륨"", ""제삼인산칼슘"", ""효소처리스테비아""]"
19790614008463,당류제로크리머-S,(주)희창유업,식물성크림,2025-08-08,2025-11-05,zero,9,"[""폴리글리시톨액"", ""가공유지"", ""우유단백질"", ""제이인산칼륨"", ""폴리인산칼륨"", ""스테아릴젖산나트륨"", ""제삼인산칼슘"", ""글리세린지방산에스테르"", ""스테비올배당체""]"
19790614008451,당류제로크리머A,(주)희창유업,식물성크림,2023-06-29,2025-11-28,zero,9,"[""폴리글리시톨액"", ""가공유지"", ""우유단백질"", ""제이인산칼륨"", ""폴리인산칼륨"", ""스테아릴젖산나트륨"", ""이산화규소"", ""효소처리스테비아"", ""글리세린지방산에스테르""]"
19810227007287,당이 제로당 유산균음료,매일유업(주)광주공장,유산균음료,2025-02-19,2026-07-01,zero,12,"[""정제수"", ""에리스리톨"", ""유산균배양액"", ""카복시메틸셀룰로스나트륨"", ""펙틴"", ""향료"", ""구연산"", ""DL-사과산"", ""구연산삼나트륨"", ""수크랄로스"", ""향료"", ""열처리유산균""]"
19810227007289,당이 제로당 천도복숭아&자두,매일유업(주)광주공장,혼합음료,2025-05-28,2026-07-01,zero,14,"[""정제수"", ""에리스리톨"", ""구연산"", ""과.채가공품"", ""자두농축액"", ""펙틴"", ""비타민C"", ""구연산삼나트륨"", ""향료"", ""향료"", ""향료제제"", ""탈지분유"", ""아세설팜칼륨"", ""수크랄로스""]"
19810227007288,당이 제로당 청포도,매일유업(주)광주공장,혼합음료,2025-05-28,2026-07-01,zero,13,"[""향료"", ""과.채가공품"", ""구연산"", ""정제수"", ""에리스리톨"", ""백포도농축액"", ""펙틴"", ""비타민C"", ""구연산삼나트륨"", ""향료제제"", ""탈지분유"", ""아세설팜칼륨"", ""수크랄로스""]"
20090368428633,당제로 납작복숭아곤약젤리,(주)스위트코리아,캔디류,2025-09-17,2026-06-11,zero,11,"[""곤약분말"", ""혼합제제"", ""구연산"", ""혼합제제"", ""향료"", ""과.채가공품"", ""에리스리톨"", ""정제수"", ""수크랄로스"", ""구연산삼나트륨"", ""DL-사과산""]"
20190391582645,당제로 애사비 젤리 6000,(주)네추럴웨이 포천제2공장,기타가공품,2026-03-27,2026-05-29,zero,19,"[""레몬착즙액"", ""사과식이섬유"", ""치커리뿌리추출물"", ""여주추출분말"", ""과일채소혼합분말"", ""유산균혼합분말"", ""과.채가공품"", ""기타가공품"", ""뽕나무잎추출분말"", ""기타 농산가공품"", ""수크랄로스"", ""구연산삼나트륨"", ""효소처리스테비아"", ""향료"", ""정제수"", ""발효식초"", ""난소화성말토덱스트린(고시형)"", ""에리스리톨"", ""혼합제제""]"
20080435169400,당제로 통곡물 시리얼,(주)씨알푸드,시리얼류,2024-03-08,2026-07-28,zero,17,"[""이눌린/치커리추출물(고시형)"", ""해바라기유"", ""발아귀리"", ""발아수수"", ""바닐라향"", ""바닐린"", ""대두레시틴(고시형)"", ""혼합제제"", ""글리세린지방산에스테르"", ""효소처리스테비아"", ""혼합제제"", ""혼합제제"", ""혼합제제"", ""알룰로오스"", ""통밀"", ""발아보리"", ""발아현미""]"
19850311005313,당제로전지분,(주)피엔에프에스,식물성크림,2022-10-28,2022-11-09,zero,10,"[""밀크향"", ""글리세린지방산에스테르"", ""제이인산칼륨"", ""스테아릴젖산나트륨"", ""변성전분"", ""카제인나트륨"", ""분리유단백분말"", ""팜유"", ""분리대두단백"", ""폴리글리시톨시럽""]"
19800355003192,당제로전지분,주식회사피엔에프아이,식물성크림,2025-04-10,2025-04-22,zero,11,"[""팜유"", ""폴리글리시톨시럽"", ""정제수"", ""합성향료"", ""글리세린지방산에스테르"", ""제이인산칼륨"", ""스테아릴젖산나트륨"", ""분리대두단백"", ""분리유단백분말"", ""카제인나트륨"", ""변성전분""]"
1993049301792,당제로크리머,(주)삼익유가공,식물성크림,2024-07-15,2026-07-25,zero,15,"[""정제수"", ""카제인"", ""덱스트린"", ""아세설팜칼륨"", ""수크랄로스"", ""정제소금"", ""스테아릴젖산나트륨"", ""제삼인산칼슘"", ""폴리인산칼륨"", ""글리세린지방산에스테르"", ""제이인산칼륨"", ""유함유가공품"", ""우유"", ""가공유지"", ""폴리글리시톨액""]"
19850311005342,당제로크림,(주)피엔에프에스,식물성크림,2024-05-23,2024-06-04,zero,2,"[""이산화규소"", ""식물성크림""]"
19800355003190,당제로크림,주식회사피엔에프아이,식물성크림,2025-04-10,2025-04-16,zero,2,"[""이산화규소"", ""식물성크림""]"
19800355003178,당제로크림B,주식회사피엔에프아이,식물성크림,2025-03-27,2025-04-11,zero,14,"[""정제수"", ""수크랄로스"", ""스테비올배당체"", ""아세설팜칼륨"", ""스테아릴젖산나트륨"", ""폴리인산칼륨"", ""글리세린지방산에스테르"", ""이산화규소"", ""정제소금"", ""우유"", ""제이인산칼륨"", ""분리유단백"", ""가공유지"", ""폴리글리시톨시럽""]"
19850311005323,당제로크림B,(주)피엔에프에스,식물성크림,2023-03-29,2024-10-16,zero,13,"[""수크랄로스"", ""스테비올배당체"", ""아세설팜칼륨"", ""스테아릴젖산나트륨"", ""폴리인산칼륨"", ""이산화규소"", ""글리세린지방산에스테르"", ""정제소금"", ""우유"", ""제이인산칼륨"", ""분리유단백"", ""가공유지"", ""폴리글리시톨시럽""]"
19800355003193,당제로크림C,주식회사피엔에프아이,식물성크림,2025-04-24,2025-04-29,zero,15,"[""스테아릴젖산나트륨"", ""폴리인산칼륨"", ""이산화규소"", ""정제소금"", ""글리세린지방산에스테르"", ""우유"", ""제이인산칼륨"", ""카제인"", ""분리유단백"", ""가공유지"", ""폴리글리시톨시럽"", ""정제수"", ""아세설팜칼륨"", ""수크랄로스"", ""스테비올배당체""]"
20160458115344,당제로현미쑥인절미,주식회사만풍농업회사법인,떡류,2026-05-15,2026-05-16,zero,4,"[""정제소금"", ""정제수"", ""쑥잎"", ""현미찹쌀""]"
2020045230679,당존 핫초코 코코아라떼 스테비아 제로슈가,(주)에스엠바이오,기타가공품,2024-01-04,2025-03-18,zero,8,"[""유가공품"", ""코코아분말"", ""전지분유"", ""치커리식이섬유"", ""에리스리톨"", ""팔라티노스"", ""효소처리스테비아"", ""수크랄로스""]"
2006045915431,당찬김자반제로슈가,대광수산맛김,조미김,2024-07-09,2024-07-10,zero,6,"[""김"", ""태움용융소금"", ""해바라기유"", ""참기름"", ""볶은참깨"", ""기타가공품""]"
20040470032105,대림선 제로붕어빵 단팥,(주)성신비엔에프,빵류,2025-12-15,2026-01-17,zero,12,"[""곡류가공품"", ""콩기름(대두유)"", ""마가린"", ""말티톨액"", ""혼합제제"", ""계란"", ""조림류"", ""밀가루"", ""정제소금"", ""팽창제제"", ""옥수수가루"", ""효소처리스테비아""]"
20040470032107,대림선 제로붕어빵 슈크림,(주)성신비엔에프,빵류,2025-12-24,2026-01-17,zero,14,"[""치자황색소"", ""효소처리스테비아"", ""팽창제제"", ""정제소금"", ""옥수수가루"", ""옥수수전분"", ""콩기름(대두유)"", ""혼합제제"", ""마가린"", ""조림류"", ""말티톨액"", ""계란"", ""밀가루"", ""곡류가공품""]"
20130345125487,댄싱컵 제로슈가 유자파우더(라임향),주식회사 컵풀,기타가공품,2026-04-19,2026-04-29,zero,10,"[""유자과즙분말"", ""치자황색소"", ""수크랄로스"", ""효소처리스테비아"", ""이산화규소"", ""비타민 C 분말"", ""라임향"", ""유자향분말"", ""구연산(무수)"", ""에리스리톨""]"
2024067241313,더 라이트 제로 레몬베이스,주식회사 서울팩토리,당류가공품,2024-12-03,2024-12-05,zero,15,"[""잔탄검"", ""소브산칼륨"", ""수크랄로스"", ""아세설팜칼륨"", ""식용색소황색제4호"", ""정제수"", ""향료"", ""구연산삼나트륨"", ""알룰로오스"", ""레몬"", ""레몬과즙"", ""구연산"", ""DL-사과산"", ""향료"", ""향료""]"
202406724132,더 라이트 제로 자몽베이스,주식회사 서울팩토리,당류가공품,2024-11-07,2024-12-05,zero,16,"[""알룰로오스"", ""정제수"", ""식용색소황색제4호"", ""식용색소적색제40호"", ""아세설팜칼륨"", ""수크랄로스"", ""소브산칼륨"", ""나린진"", ""잔탄검"", ""향료"", ""향료"", ""혼합제제"", ""DL-사과산"", ""구연산"", ""자몽과육"", ""자몽과즙""]"
2024067241314,더 라이트 제로 청포도베이스,주식회사 서울팩토리,당류가공품,2024-12-03,2024-12-05,zero,14,"[""알룰로오스"", ""청포도"", ""구연산"", ""DL-사과산"", ""향료"", ""혼합제제"", ""잔탄검"", ""소브산칼륨"", ""수크랄로스"", ""아세설팜칼륨"", ""식용색소황색제4호"", ""식용색소적색제40호"", ""식용색소청색제1호"", ""정제수""]"
20160634095260,더 콜라겐 구미 제로(THE COLLAGEN GUMMY ZERO),(주)에스디푸드,캔디류,2023-05-11,2024-07-12,zero,28,"[""로즈마리추출물분말"", ""비타민C"", ""혼합제제"", ""향료"", ""기타 농산가공품"", ""식품첨가물"", ""로즈힙추출물분말"", ""구연산삼나트륨"", ""글리세린지방산에스테르"", ""기타가공품"", ""기타가공품"", ""히알루론산(고시형)"", ""기타가공품"", ""고형차"", ""녹차추출물분말(고시형)"", ""향료"", ""식품첨가물"", ""정제수"", ""구연산"", ""D-소비톨액"", ""젤라틴"", ""기타가공품"", ""말티톨시럽"", ""펙틴"", ""향료"", ""기타가공품"", ""DL-사과산"", ""기타 식용유지가공품""]"
20220613038238,더벤티 제로슈가 매실 아이스티 베이스,(주)퍼플랜드,액상차,2026-07-29,2026-08-11,zero,12,"[""효소처리스테비아"", ""잔탄검"", ""수크랄로스"", ""매실농축액"", ""당류가공품"", ""구연산삼나트륨"", ""덱스트린"", ""구연산"", ""합성향료"", ""알룰로오스"", ""정제수"", ""알룰로오스""]"
20220613038239,더벤티 제로슈가 복숭아 아이스티 베이스,(주)퍼플랜드,액상차,2026-07-29,2026-07-31,zero,14,"[""효소처리스테비아"", ""잔탄검"", ""수크랄로스"", ""과.채가공품"", ""당류가공품"", ""구연산삼나트륨"", ""합성향료"", ""홍차추출분말"", ""합성향료"", ""덱스트린"", ""구연산"", ""알룰로오스"", ""정제수"", ""알룰로오스""]"
2023052803244,더블코제로 업,숭인내추럴팜(주) 제1공장,과.채가공품,2024-12-13,2024-12-19,zero,9,"[""기타가공품"", ""비타민C"", ""과.채가공품"", ""타우린"", ""L-메티오닌"", ""치커리뿌리추출물분말"", ""히드록시프로필메틸셀룰로스"", ""이산화규소"", ""스테아린산마그네슘""]"
19910490040225,더카페 제로복숭아 아이스티,세미기업(주),당류가공품,2025-04-22,2026-02-07,zero,17,"[""식품첨가물"", ""식품첨가물"", ""식품첨가물"", ""식품첨가물"", ""당류가공품"", ""식품첨가물"", ""정제수"", ""카라멜색소 Ⅳ"", ""과.채가공품"", ""고형차"", ""식품첨가물"", ""식품첨가물"", ""식품첨가물"", ""향료제제"", ""향료"", ""향료"", ""혼합제제""]"
20130345125301,더캐럿 제로슈가 레몬 아이스티,주식회사 컵풀,고형차,2025-04-24,2025-04-26,zero,11,"[""레몬향분말"", ""구연산"", ""홍차추출분말"", ""에리스리톨"", ""효소처리스테비아"", ""식초분말"", ""레몬농축분말"", ""이산화규소"", ""수크랄로스"", ""카라멜색소 Ⅳ"", ""비타민C""]"
20130345125302,더캐럿 제로슈가 매실 아이스티,주식회사 컵풀,고형차,2025-04-24,2025-04-26,zero,12,"[""사과향분말"", ""매실추출분말"", ""효소처리스테비아"", ""수크랄로스"", ""식초분말"", ""이산화규소"", ""카라멜색소 Ⅳ"", ""비타민C"", ""매실향"", ""구연산"", ""홍차추출분말"", ""에리스리톨""]"
20130345125303,더캐럿 제로슈가 복숭아 아이스티,주식회사 컵풀,고형차,2025-04-24,2025-04-26,zero,12,"[""아세설팜칼륨"", ""복숭아맛분말"", ""카라멜색소 Ⅳ"", ""비타민C"", ""복숭아향분말"", ""구연산"", ""홍차추출분말"", ""에리스리톨"", ""효소처리스테비아"", ""이산화규소"", ""식초분말"", ""수크랄로스""]"
20130345125385,더캐럿 제로슈가 애사비 파우더,주식회사 컵풀,음료베이스,2025-09-19,2025-09-25,zero,10,"[""아세설팜칼륨"", ""수크랄로스"", ""효소처리스테비아"", ""사과향"", ""천연 식초향"", ""식초분말"", ""이산화규소"", ""구연산"", ""에리스리톨"", ""매실향""]"
20140496065359,더캐럿 제로슈가 에너지 베이스,농업회사법인 데이웰(주),음료베이스,2025-05-13,2026-03-24,zero,16,"[""합성향료"", ""합성향료"", ""효소처리스테비아"", ""카페인"", ""합성향료"", ""비타민C"", ""구연산"", ""타우린"", ""정제수"", ""알룰로오스"", ""혼합제제"", ""잔탄검"", ""식용색소황색제4호"", ""수크랄로스"", ""안식향산나트륨"", ""구연산삼나트륨""]"
20140496065401,더캐럿 제로슈가 에너지 베이스 레드,농업회사법인 데이웰(주),음료베이스,2025-10-15,2025-10-17,zero,16,"[""잔탄검"", ""식용색소황색제5호"", ""수크랄로스"", ""안식향산나트륨"", ""구연산삼나트륨"", ""합성향료"", ""합성향료"", ""효소처리스테비아"", ""기타 농산가공품"", ""합성향료"", ""비타민C"", ""구연산"", ""타우린"", ""정제수"", ""알룰로오스"", ""혼합제제""]"
199803643261173,더킹즈 제로슈가 복숭아 아이스티,(주)가배온,고형차,2025-08-12,2026-02-01,zero,11,"[""과.채가공품"", ""수크랄로스"", ""효소처리스테비아"", ""이산화규소"", ""향료"", ""향료"", ""혼합제제"", ""비타민C"", ""홍차추출분말"", ""구연산"", ""에리스리톨""]"
20060392223342,데어제로,네오팜,혼합음료,2025-03-20,2025-05-20,zero,11,"[""비타민D3"", ""비타민C"", ""카라멜색소 Ⅳ"", ""안식향산나트륨"", ""잔탄검"", ""구연산"", ""천연향료"", ""설탕"", ""프락토올리고당"", ""글리세린"", ""정제수""]"
20170275127549,데이롱 레몬 애사비 제로슈가,주식회사 엔아이에프,음료베이스,2026-03-31,2026-04-03,zero,10,"[""정제수"", ""당류가공품"", ""발효식초"", ""과채주스"", ""식품첨가물"", ""안식향산나트륨"", ""구연산"", ""식품첨가물"", ""초산"", ""향료""]"
20170275127550,데이롱 피치 애사비 제로슈가,주식회사 엔아이에프,음료베이스,2026-04-02,2026-04-03,zero,12,"[""기타가공품"", ""곡류가공품"", ""구연산"", ""초산"", ""향료"", ""안식향산나트륨"", ""식품첨가물"", ""혼합제제"", ""정제수"", ""당류가공품"", ""발효식초"", ""과.채가공품""]"
20010445002914,데일리 제로 알파 시즈닝 파우더,엠에스바이오텍(주),기타가공품,2024-12-26,2025-03-15,zero,7,"[""유산균혼합분말"", ""고형차"", ""스테아린산마그네슘"", ""이산화규소"", ""레몬밤추출물"", ""난소화성말토덱스트린(고시형)"", ""α-시클로덱스트린""]"
20170484590349,데일리구미 멀티비타민 제로슈가,서주푸드(주)2공장,캔디류,2025-01-26,2026-04-11,zero,16,"[""L-아르지닌"", ""사과농축액"", ""딸기농축액"", ""유화제"", ""기타 식용유지가공품"", ""과.채가공품"", ""효소처리스테비아"", ""펙틴"", ""D-소비톨액"", ""젤라틴"", ""정제수"", ""말티톨시럽"", ""향료"", ""향료"", ""산도조절제"", ""혼합제제""]"
20170484590350,데일리구미 비타민C 제로슈가,서주푸드(주)2공장,캔디류,2025-01-19,2025-01-21,zero,15,"[""과.채가공품"", ""기타 식용유지가공품"", ""유화제"", ""레몬농축액"", ""파인애플농축액"", ""펙틴"", ""효소처리스테비아"", ""향료"", ""말티톨시럽"", ""정제수"", ""젤라틴"", ""D-소비톨액"", ""비타민C"", ""산도조절제"", ""향료""]"
20170484590348,데일리구미 애사비 제로슈가,서주푸드(주)2공장,캔디류,2025-01-19,2025-01-21,zero,17,"[""말티톨시럽"", ""정제수"", ""발효식초"", ""젤라틴"", ""난소화성말토덱스트린(고시형)"", ""고형차"", ""산도조절제"", ""향료"", ""향료"", ""펙틴"", ""효소처리스테비아"", ""기타 식용유지가공품"", ""유화제"", ""사과농축액"", ""채소혼합농축액"", ""레몬농축액"", ""매실농축액""]"
20170484590351,데일리구미 유산균 제로슈가,서주푸드(주)2공장,캔디류,2025-01-19,2025-01-21,zero,17,"[""말티톨시럽"", ""정제수"", ""D-소비톨액"", ""젤라틴"", ""산도조절제"", ""향료"", ""향료"", ""펙틴"", ""효소처리스테비아"", ""기타 식용유지가공품"", ""과.채가공품"", ""기타가공품"", ""유화제"", ""과.채가공품"", ""과.채가공품"", ""치커리추출물"", ""채소혼합농축액""]"
20170484590372,데일리구미 콜라겐 & 뷰티 제로슈가,서주푸드(주)2공장,캔디류,2025-07-30,2025-08-01,zero,24,"[""젤라틴"", ""D-말티톨"", ""정제수"", ""산도조절제"", ""향료"", ""향료"", ""펙틴"", ""효소처리스테비아"", ""기타 식용유지가공품"", ""이노시톨"", ""난소화성말토덱스트린(고시형)"", ""엘라스틴가수분해물"", ""비타민C"", ""유화제"", ""혼합제제"", ""과.채가공품"", ""과.채가공품"", ""비오틴"", ""향료"", ""혼합제제"", ""효모식품"", ""엽산"", ""기타가공품"", ""말티톨액""]"
20170484590373,데일리구미 콜라겐 앤 뷰티 제로슈가,서주푸드(주)2공장,캔디류,2025-07-30,2025-08-01,zero,23,"[""엽산"", ""효모식품"", ""혼합제제"", ""향료"", ""비오틴"", ""유화제"", ""과.채가공품"", ""비타민C"", ""엘라스틴가수분해물"", ""난소화성말토덱스트린(고시형)"", ""이노시톨"", ""기타 식용유지가공품"", ""효소처리스테비아"", ""과.채가공품"", ""펙틴"", ""향료"", ""말티톨액"", ""기타가공품"", ""젤라틴"", ""D-말티톨"", ""정제수"", ""산도조절제"", ""향료""]"
201005430661218,덴마크 드링킹 포스트바이오틱스 제로 파인애플,오케이에프음료 주식회사,혼합음료,2023-08-29,2023-09-05,zero,16,"[""비타민C"", ""DL-사과산"", ""염화칼륨"", ""정제소금"", ""수크랄로스"", ""효소처리스테비아"", ""기타가공품"", ""정제수"", ""에리스리톨"", ""과.채가공품"", ""구연산"", ""향료"", ""향료"", ""향료"", ""파인애플농축액"", ""구연산삼나트륨""]"
201005430661174,덴마크 드링킹 포스트바이오틱스 제로 프룻믹스,오케이에프음료 주식회사,혼합음료,2023-05-18,2023-05-24,zero,16,"[""구연산"", ""향료"", ""향료"", ""향료"", ""복숭아농축액"", ""구연산삼나트륨"", ""비타민C"", ""DL-사과산"", ""염화칼륨"", ""정제소금"", ""수크랄로스"", ""효소처리스테비아"", ""기타가공품"", ""정제수"", ""에리스리톨"", ""과.채가공품""]"
20170372599336,덴마크 프리미엄 구강유산균 제로슈가 스틱,비타민마을 제1공장,기타가공품,2026-01-27,2026-03-07,zero,9,"[""기타가공품"", ""향료"", ""향료"", ""프로바이오틱스(고시형)"", ""기타 농산가공품"", ""자일리톨"", ""이소말트"", ""에리스리톨"", ""D-소비톨""]"
19780368002660,델몬트망고드링크제로,롯데칠성음료(주),혼합음료,2025-06-25,2025-06-27,zero,14,"[""효소처리스테비아"", ""수크랄로스"", ""아세설팜칼륨"", ""아라비아검"", ""코코넛밀크분말"", ""구연산삼나트륨"", ""비타민C"", ""향료"", ""향료"", ""구연산"", ""망고농축퓌레"", ""알룰로오스"", ""정제수"", ""젤란검""]"
19780614001485,델몬트망고드링크제로,롯데칠성음료(주),혼합음료,2025-06-26,2025-06-27,zero,14,"[""정제수"", ""향료"", ""향료"", ""젤란검"", ""아라비아검"", ""과.채가공품"", ""비타민C"", ""구연산삼나트륨"", ""구연산"", ""효소처리스테비아"", ""아세설팜칼륨"", ""수크랄로스"", ""알룰로오스"", ""망고농축퓌레""]"
19780368002661,델몬트사과드링크제로,롯데칠성음료(주),혼합음료,2025-06-26,2025-06-27,zero,16,"[""사과청징농축액"", ""알룰로오스"", ""정제수"", ""젤란검"", ""폴리글리세린지방산에스테르"", ""자당지방산에스테르"", ""수크랄로스"", ""아세설팜칼륨"", ""코코넛밀크분말"", ""효소처리스테비아"", ""펙틴"", ""비타민C"", ""향료"", ""구연산삼나트륨"", ""향료"", ""구연산""]"
19780614001484,델몬트사과드링크제로,롯데칠성음료(주),혼합음료,2025-06-26,2025-06-27,zero,16,"[""정제수"", ""향료"", ""향료"", ""젤란검"", ""펙틴"", ""사과청징농축액"", ""알룰로오스"", ""수크랄로스"", ""아세설팜칼륨"", ""효소처리스테비아"", ""구연산"", ""구연산삼나트륨"", ""비타민C"", ""과.채가공품"", ""자당지방산에스테르"", ""폴리글리세린지방산에스테르""]"
19960571018695,델몬트제로사과,우일음료,혼합음료,2026-02-19,2026-03-14,zero,12,"[""정제수"", ""향료"", ""향료"", ""혼합제제"", ""비타민C"", ""구연산삼나트륨"", ""구연산"", ""스테비올배당체"", ""아세설팜칼륨"", ""수크랄로스"", ""알룰로오스"", ""사과청징농축액""]"
20110490034105,델몬트퍼플레몬에이드제로,(유)신우 S&F,혼합음료,2025-02-25,2025-02-26,zero,20,"[""레몬농축액"", ""에리스리톨"", ""수크랄로스"", ""아세설팜칼륨"", ""효소처리스테비아"", ""구연산(결정)"", ""구연산삼나트륨"", ""니코틴산아미드"", ""판토텐산칼슘"", ""비타민B6염산염"", ""기타가공품"", ""펙틴"", ""효소처리루틴"", ""메타인산나트륨"", ""식용색소적색제40호"", ""식용색소청색제1호"", ""혼합제제"", ""향료"", ""향료"", ""정제수""]"
20070464094582,델몬트퍼플레몬에이드제로,(유)삼각에프엠씨 웰빙랜드,혼합음료,2025-02-25,2025-02-28,zero,20,"[""혼합제제"", ""식용색소청색제1호"", ""식용색소적색제40호"", ""메타인산나트륨"", ""효소처리루틴"", ""펙틴"", ""기타가공품"", ""비타민B6염산염"", ""판토텐산칼슘"", ""니코틴산아미드"", ""구연산삼나트륨"", ""구연산"", ""효소처리스테비아"", ""아세설팜칼륨"", ""수크랄로스"", ""에리스리톨"", ""레몬농축액"", ""정제수"", ""향료"", ""향료""]"
20130555108265,도투락 제로 곤약젤리 복숭아,주식회사 도투락,캔디류,2026-06-12,2026-07-21,zero,12,"[""혼합제제"", ""에리스리톨"", ""정제수"", ""과.채가공품"", ""향료"", ""효소처리스테비아"", ""기타가공품"", ""젖산칼슘"", ""구연산"", ""비타민C"", ""수크랄로스"", ""과.채가공품""]"
20130555108266,도투락 제로 곤약젤리 풋사과,주식회사 도투락,캔디류,2026-06-12,2026-06-24,zero,12,"[""기타가공품"", ""젖산칼슘"", ""과.채가공품"", ""효소처리스테비아"", ""과.채가공품"", ""향료"", ""혼합제제"", ""에리스리톨"", ""정제수"", ""구연산"", ""비타민C"", ""수크랄로스""]"
2023089602214,동의별가 구증구포 비운도라지 제로,별이당,기타가공품,2025-01-06,2025-01-11,zero,10,"[""홍삼추출액"", ""왕느릅나무껍질추출물"", ""대추"", ""도라지뿌리"", ""계피가루"", ""도두씨앗"", ""생강"", ""벌꿀"", ""쌀조청"", ""도라지뿌리분말""]"
20010364551773,듀오렉신 제로파우더,(주)비오팜,기타가공품,2025-04-09,2026-02-01,zero,10,"[""프로바이오틱스(고시형)"", ""프로바이오틱스(고시형)"", ""효소처리스테비아"", ""식품첨가물"", ""식품첨가물"", ""난소화성말토덱스트린(고시형)"", ""식품첨가물"", ""기타가공품"", ""프로바이오틱스(고시형)"", ""정제수""]"
2016063409599,드림카카오제로,(주)에스디푸드,초콜릿,2018-12-26,2021-01-30,zero,4,"[""초콜릿"", ""혼합제제"", ""정제수"", ""쉘락""]"
19730443003933,드림카카오제로스위트,(주)삼광식품,초콜릿,2018-11-05,2019-03-29,zero,8,"[""밀크향"", ""혼합제제"", ""폴리글리세린지방산에스테르"", ""레시틴"", ""코코아버터"", ""혼합분유"", ""D-말티톨"", ""코코아매스""]"
2021045228416,디보션 식물성 제로 콜레스테롤 왕교자 오리지널,주식회사 디보션푸드,만두,2023-01-13,2024-05-14,zero,30,"[""기타 식용유지가공품"", ""정제소금"", ""메틸셀룰로스"", ""백설탕"", ""5-리보뉴클레오티드이나트륨"", ""L-글루탐산나트륨"", ""곡류가공품"", ""건무"", ""혼합제제"", ""참기름"", ""카라기난"", ""마늘"", ""새송이버섯"", ""콩기름(대두유)"", ""변성전분"", ""당면"", ""조미유H"", ""혼합간장"", ""대파"", ""대두단백"", ""밀가루"", ""표고버섯"", ""부추"", ""두부"", ""양배추"", ""양파"", ""밀가루"", ""정제수"", ""생강"", ""후추가루""]"
2021045228417,디보션 식물성 제로 콜레스테롤 왕교자 찐새우맛,주식회사 디보션푸드,만두,2023-02-17,2024-05-14,zero,31,"[""밀가루"", ""양배추"", ""정제수"", ""기타가공품"", ""밀가루"", ""양파"", ""생강가루"", ""후추가루"", ""기타 식용유지가공품"", ""정제소금"", ""메틸셀룰로스"", ""백설탕"", ""5-리보뉴클레오티드이나트륨"", ""L-글루탐산나트륨"", ""곡류가공품"", ""건무"", ""혼합제제"", ""참기름"", ""카라기난"", ""마늘"", ""새송이버섯"", ""콩기름(대두유)"", ""당면"", ""향미유"", ""혼합간장"", ""변성전분"", ""두류가공품"", ""대파"", ""표고버섯"", ""부추"", ""두부""]"
200104933581186,디보션 식물성 제로 콜레스테롤 왕교자 찐새우맛,(주)엄지식품,만두,2024-12-19,2024-12-21,zero,31,"[""양파"", ""밀가루"", ""기타가공품"", ""정제수"", ""새송이버섯"", ""콩기름(대두유)"", ""당면"", ""향미유"", ""혼합간장"", ""변성전분"", ""양배추"", ""밀가루"", ""두부"", ""부추"", ""표고버섯"", ""대파"", ""두류가공품"", ""생강가루"", ""후추가루"", ""기타식용유지"", ""정제소금"", ""메틸셀룰로스"", ""설탕"", ""5-리보뉴클레오티드이나트륨"", ""L-글루탐산나트륨"", ""곡류가공품"", ""건무"", ""혼합제제"", ""참기름"", ""카라기난"", ""마늘""]"
19910490040223,디저트39 제로 바닐라향 시럽,세미기업(주),당류가공품,2025-03-18,2026-03-27,zero,15,"[""정제소금"", ""카라멜색소 Ⅳ"", ""식품첨가물혼합제제"", ""식품첨가물"", ""식품첨가물"", ""식품첨가물"", ""식품첨가물"", ""향료"", ""식품첨가물"", ""향료"", ""향료"", ""향료"", ""식품첨가물"", ""당류가공품"", ""정제수""]"
20170333328218,디저트39 제로아이스티 복숭아,자연농장,액상차,2023-10-18,2023-10-20,zero,13,"[""구연산삼나트륨"", ""카복시메틸셀룰로스나트륨"", ""수크랄로스"", ""비타민 C 분말"", ""구연산(무수)"", ""DL-사과산"", ""홍차추출분말"", ""복숭아농축액"", ""액상복숭아향"", ""효소처리스테비아"", ""아세설팜칼륨"", ""알룰로오스"", ""정제수""]"
19910490040201,디저트39 제로카라멜향 시럽,세미기업(주),당류가공품,2024-04-26,2026-04-23,zero,13,"[""정제수"", ""식품첨가물"", ""향료"", ""향료"", ""향료"", ""카라멜색소 Ⅳ"", ""식품첨가물혼합제제"", ""정제소금"", ""식품첨가물"", ""식품첨가물"", ""식품첨가물"", ""식품첨가물"", ""당류가공품""]"
197304430031598,디저트39 제로칼로리 바닐라시럽,(주)삼광식품,당류가공품,2024-06-12,2024-06-13,zero,11,"[""에리스리톨"", ""알룰로오스"", ""정제수"", ""감귤추출물"", ""구연산"", ""아세설팜칼륨"", ""곡류가공품"", ""수크랄로스"", ""효소처리스테비아"", ""향료"", ""알룰로오스""]"
20190391313429,디저트39 제로칼로리 카페시럽,(주)태향,음료베이스,2022-02-16,2025-11-29,zero,8,"[""정제수"", ""당류가공품"", ""향료"", ""수크랄로스"", ""과.채가공품"", ""안식향산나트륨"", ""산도조절제"", ""아세설팜칼륨""]"
19910490040228,디카페인 제로슈가 제로칼로리 아이스티,세미기업(주),액상차,2025-06-04,2026-06-09,zero,19,"[""정제수"", ""혼합제제"", ""혼합제제"", ""식품첨가물"", ""식품첨가물"", ""향료"", ""향료제제"", ""향료"", ""식품첨가물"", ""식품첨가물"", ""식품첨가물"", ""식품첨가물"", ""과.채가공품"", ""고형차"", ""식품첨가물"", ""당류가공품"", ""식품첨가물"", ""카라멜색소 Ⅳ"", ""향료""]"
20160368070115,딸기중독 제로 딸기청,(주)이안스푸드글로벌,과.채가공품,2023-08-16,2023-09-20,zero,5,"[""스테비텐후레쉬"", ""레몬농축액"", ""딸기농축액"", ""알룰로오스"", ""딸기""]"
20040036115926,떠먹는 제로 티라미수,주식회사 케익모아,빵류,2025-04-25,2025-04-28,zero,20,"[""혼합제제"", ""혼합제제"", ""식품첨가물"", ""식품첨가물"", ""식품첨가물"", ""코코아분말"", ""식품첨가물"", ""혼합음료"", ""커피"", ""식품첨가물"", ""식물성크림"", ""채종유(유채유 또는 카놀라유)"", ""치즈"", ""밀가루"", ""식품첨가물"", ""난황"", ""식물성크림"", ""전란"", ""정제수"", ""식품첨가물""]"
20080571062177,뚜또 제로슈거 레몬,(주)뚜또,캔디류,2025-04-08,2026-06-09,zero,11,"[""혼합제제"", ""당류가공품"", ""과.채가공품"", ""정제수"", ""향료"", ""구연산"", ""혼합제제"", ""수크랄로스"", ""구연산삼나트륨"", ""비타민C"", ""과.채가공품""]"
20080571062178,뚜또 제로슈거 포도,(주)뚜또,캔디류,2025-04-08,2026-06-09,zero,12,"[""DL-사과산"", ""혼합제제"", ""구연산삼나트륨"", ""수크랄로스"", ""혼합제제"", ""향료"", ""혼합제제"", ""당류가공품"", ""과.채가공품"", ""정제수"", ""과.채가공품"", ""구연산""]"
19960386249148,라라스윗 골드파인 제로바,동그린주식회사,빙과,2026-04-14,2026-06-26,zero,16,"[""정제수"", ""알룰로오스"", ""당류가공품"", ""에리스리톨"", ""구연산"", ""DL-사과산"", ""로커스트콩검"", ""향료"", ""향료"", ""잔탄검"", ""혼합제제"", ""정제소금"", ""향료"", ""수크랄로스"", ""아세설팜칼륨"", ""효소처리스테비아""]"
19950144120241,라라스윗 골드파인 제로바,훼미리식품(주)부산공장,빙과,2026-04-06,2026-07-04,zero,16,"[""정제수"", ""당류가공품"", ""과.채가공품"", ""에리스리톨"", ""DL-사과산"", ""구연산(무수)"", ""로커스트콩검"", ""향료"", ""향료"", ""잔탄검"", ""식품첨가물혼합제제"", ""정제소금"", ""향료"", ""수크랄로스"", ""아세설팜칼륨"", ""식품첨가물""]"
19930461022354,라라스윗 아몬드스윗 제로슈거,연세대학교 연세유업,혼합음료,2025-06-02,2026-02-26,zero,16,"[""올리고당"", ""곡류가공품"", ""땅콩 또는 견과류가공품"", ""향료"", ""정제수"", ""향료"", ""향료"", ""d-토코페롤(혼합형)"", ""탄산칼슘"", ""제이인산칼륨"", ""정제소금"", ""효소처리스테비아"", ""에리스리톨"", ""혼합음료"", ""젤란검"", ""유화제""]"
19950144120236,라라스윗 오렌지 제로바,훼미리식품(주)부산공장,빙과,2025-02-24,2025-03-15,zero,16,"[""아세설팜칼륨"", ""잔탄검"", ""수크랄로스"", ""에리스리톨"", ""당류가공품"", ""로커스트콩검"", ""효소처리스테비아"", ""구연산"", ""과채주스"", ""향료"", ""향료"", ""향료"", ""비트레드"", ""혼합제제"", ""정제수"", ""정제소금""]"
19960386249146,라라스윗 자두 제로바,동그린주식회사,빙과,2026-04-06,2026-04-10,zero,18,"[""정제소금"", ""잔탄검"", ""로커스트콩검"", ""정제수"", ""알룰로오스"", ""에리스리톨"", ""비트레드"", ""비타민C"", ""구연산"", ""향료"", ""혼합제제"", ""향료"", ""효소처리스테비아"", ""아세설팜칼륨"", ""향료"", ""과.채가공품"", ""수크랄로스"", ""향료""]"
19950144120240,라라스윗 자두 제로바,훼미리식품(주)부산공장,빙과,2025-05-09,2025-06-10,zero,18,"[""구연산"", ""비타민C"", ""당류가공품"", ""에리스리톨"", ""수크랄로스"", ""아세설팜칼륨"", ""효소처리스테비아"", ""로커스트콩검"", ""잔탄검"", ""정제소금"", ""정제수"", ""혼합제제"", ""비트레드"", ""향료"", ""향료"", ""향료"", ""향료"", ""과채주스""]"
19960386249149,라라스윗 제주감귤 제로바,동그린주식회사,빙과,2026-04-14,2026-06-26,zero,18,"[""정제수"", ""알룰로오스"", ""당류가공품"", ""에리스리톨"", ""구연산"", ""향료"", ""DL-사과산"", ""혼합제제"", ""향료"", ""향료제제"", ""효소처리스테비아"", ""아세설팜칼륨"", ""비트레드"", ""수크랄로스"", ""정제소금"", ""잔탄검"", ""로커스트콩검"", ""비타민C""]"
19950144120242,라라스윗 제주감귤 제로바,훼미리식품(주)부산공장,빙과,2026-04-06,2026-07-04,zero,18,"[""정제수"", ""당류가공품"", ""당류가공품"", ""에리스리톨"", ""구연산(무수)"", ""향료제제"", ""DL-사과산"", ""식품첨가물혼합제제"", ""향료"", ""향료"", ""식품첨가물"", ""로커스트콩검"", ""잔탄검"", ""정제소금"", ""수크랄로스"", ""식품첨가물"", ""아세설팜칼륨"", ""효소처리스테비아""]"
19950144120237,라라스윗 포도 제로바,훼미리식품(주)부산공장,빙과,2025-02-24,2025-06-18,zero,18,"[""당류가공품"", ""에리스리톨"", ""수크랄로스"", ""아세설팜칼륨"", ""효소처리스테비아"", ""로커스트콩검"", ""잔탄검"", ""정제소금"", ""정제수"", ""스피룰리나색소"", ""비트레드"", ""향료"", ""향료"", ""향료"", ""과채주스"", ""향료"", ""DL-사과산"", ""구연산""]"
198904450141019,라이브타임아메리카노스위트제로,태웅식품(주),커피,2023-01-13,2026-06-19,zero,12,"[""커피추출액"", ""커피농축액"", ""인스턴트커피"", ""에리스리톨"", ""수크랄로스"", ""효소처리스테비아"", ""탄산수소나트륨"", ""탄산칼륨(무수)"", ""혼합제제"", ""향료"", ""향료"", ""정제수""]"
20030473071498,라이블링 애사비 소다 제로 사과맛,건강한사람들 주식회사 2사업장,탄산음료,2025-03-13,2026-06-25,zero,14,"[""정제수"", ""이산화탄소"", ""향료"", ""향료"", ""향료"", ""구연산삼나트륨"", ""DL-사과산"", ""구연산"", ""아세설팜칼륨"", ""수크랄로스"", ""고형차"", ""고형차"", ""발효식초"", ""과.채가공품""]"
20030473071537,라이블링 애사비소다 제로 파인애플맛,건강한사람들 주식회사 2사업장,탄산음료,2026-04-03,2026-06-25,zero,15,"[""정제수"", ""이산화탄소"", ""향료"", ""향료"", ""향료"", ""구연산삼나트륨"", ""DL-사과산"", ""구연산"", ""아세설팜칼륨"", ""수크랄로스"", ""고형차"", ""고형차"", ""발효식초"", ""발효식초"", ""과.채가공품""]"
20030473071538,라이블링 애사비소다 제로 푸룬맛,건강한사람들 주식회사 2사업장,탄산음료,2026-04-03,2026-06-25,zero,15,"[""과.채가공품"", ""발효식초"", ""발효식초"", ""고형차"", ""고형차"", ""수크랄로스"", ""아세설팜칼륨"", ""구연산"", ""DL-사과산"", ""구연산삼나트륨"", ""향료"", ""향료"", ""향료"", ""이산화탄소"", ""정제수""]"
20110449015939,라이트잇 알파CD 알파시클로덱스트린 제로파우더,주식회사오투바이오,기타가공품,2025-03-10,2025-03-12,zero,3,"[""이산화규소"", ""난소화성말토덱스트린(고시형)"", ""α-시클로덱스트린""]"
2023028115730,라잇 제로슈가 바닐라 시럽 라이트,티디바인,당류가공품,2024-05-07,2026-07-01,zero,7,"[""식품첨가물혼합제제"", ""천연향신료"", ""정제수"", ""아라비아검"", ""스테비올배당체"", ""에리스리톨"", ""알룰로오스""]"
20070443110566,락토조이제로,(주)삼양패키징광혜원공장,혼합음료,2021-10-13,2022-02-16,zero,15,"[""정제소금"", ""수크랄로스"", ""아세설팜칼륨"", ""에리스리톨"", ""정제수"", ""혼합제제"", ""혼합제제"", ""혼합제제"", ""기타가공품"", ""기타가공품"", ""L-카르니틴"", ""구연산(무수)"", ""DL-사과산"", ""구연산삼나트륨"", ""비타민C""]"
20140355879284,랩노쉬 제로슈거 초코렛타,(주)대산후드 문산1공장,초콜릿가공품,2025-03-20,2025-03-26,zero,10,"[""준초콜릿"", ""곡류가공품"", ""곡류가공품"", ""밀가루"", ""곡류가공품"", ""코코아분말"", ""탄산칼슘"", ""효소처리스테비아"", ""정제소금"", ""정제수""]"
20170347016273,레드버튼 프리미엄 제로슈가 복숭아 티,(주)베오베,당류가공품,2024-10-16,2025-05-15,zero,10,"[""에리스리톨"", ""D-말티톨"", ""구연산(무수)"", ""고형차"", ""향료"", ""과.채가공품"", ""DL-사과산"", ""비타민 C(고시형)"", ""수크랄로스"", ""혼합제제""]"
19960458039770,레몬 녹차 제로,웅진식품(주),액상차,2026-05-28,2026-06-05,zero,13,"[""구연산"", ""향료"", ""향료"", ""향료"", ""과.채가공품"", ""고형차"", ""비타민C"", ""아세설팜칼륨"", ""수크랄로스"", ""구연산삼나트륨"", ""스테비올배당체"", ""에리스리톨"", ""정제수""]"
20000614238547,레몬녹차 에이드 제로,(주)바이오포트코리아,혼합음료,2023-07-13,2024-01-18,zero,12,"[""레몬농축액"", ""녹차농축액"", ""에리스리톨"", ""구연산삼나트륨"", ""구연산"", ""비타민C"", ""수크랄로스"", ""아세설팜칼륨"", ""홍화황색소"", ""향료"", ""향료"", ""정제수""]"
20190413079120,레몬녹차제로,동원시스템즈(주) 횡성사업장,혼합음료,2022-04-28,2025-03-01,zero,12,"[""수크랄로스"", ""합성향료"", ""합성향료"", ""합성향료"", ""정제수"", ""에리스리톨"", ""레몬농축액"", ""녹차농축액"", ""구연산"", ""비타민C"", ""홍화황색소"", ""스테비올배당체""]"
20110445029178,레몬녹차제로,주식회사 퓨럽2공장,혼합음료,2023-06-07,2023-06-10,zero,12,"[""정제수"", ""합성향료"", ""합성향료"", ""합성향료"", ""수크랄로스"", ""스테비올배당체"", ""홍화황색소"", ""비타민C"", ""구연산"", ""녹차농축액"", ""레몬농축액"", ""에리스리톨""]"
2019029032756,레몬에이드 제로,(주)레츠프레소,고형차,2021-08-27,2021-09-25,zero,1,"[""레몬맛분말""]"
2022078026614,레몬에이드제로,(주)에이트리에프앤비,혼합음료,2023-03-21,2023-03-23,zero,11,"[""레몬농축액"", ""구연산"", ""에리스리톨"", ""정제소금"", ""수크랄로스"", ""아세설팜칼륨"", ""라임향"", ""레몬향"", ""자몽향"", ""시트러스향"", ""정제수""]"
20090473152590,레몬에이드제로,(주)신성티엔에프,혼합음료,2023-01-16,2023-01-17,zero,11,"[""향료"", ""혼합제제"", ""정제소금"", ""아세설팜칼륨"", ""레몬농축액"", ""수크랄로스"", ""향료"", ""향료"", ""구연산"", ""에리스리톨"", ""정제수""]"
201005430661129,레인보우 샤베트 스파클링 제로,오케이에프음료 주식회사,탄산음료,2023-02-10,2026-06-30,zero,14,"[""라즈베리농축액"", ""오렌지농축액"", ""파인애플농축액"", ""향료"", ""아세설팜칼륨"", ""향료"", ""락색소"", ""과.채가공품"", ""향료"", ""구연산(무수)"", ""이산화탄소"", ""정제수"", ""자주색고구마색소"", ""수크랄로스""]"
20170474063286,레프제로 구강유산균 엠지,대원헬스케어주식회사2공장,당류가공품,2025-02-08,2025-04-01,zero,13,"[""자바투메릭추출분말"", ""프로바이오틱스(고시형)"", ""유산균혼합분말"", ""프로폴리스추출물(고시형)"", ""산화아연"", ""옥수수수염추출분말"", ""스테아린산마그네슘"", ""Lacticaseibacillus rhamnosus(고시형)"", ""이소말트"", ""자일리톨"", ""D-소비톨"", ""식이섬유(고시형)"", ""애플민트향""]"
2018044215796,레프제로 구강유산균 엠지,(주)메디오젠충주공장,캔디류,2023-11-29,2025-12-23,zero,13,"[""자바투메릭추출분말"", ""프로바이오틱스(고시형)"", ""이소말트"", ""자일리톨"", ""D-소비톨"", ""아라비아검(고시형)"", ""애플민트향"", ""Lacticaseibacillus rhamnosus(고시형)"", ""스테아린산마그네슘"", ""옥수수수염추출분말"", ""프로폴리스추출물분말"", ""산화아연"", ""유산균혼합분말""]"
20170474063266,레프제로 구강유산균 엠지 레몬,대원헬스케어주식회사2공장,당류가공품,2025-02-26,2025-03-07,zero,15,"[""천연향료(Lemon)"", ""대나무수액"", ""스테아린산마그네슘"", ""구연산(무수)"", ""건조효모(비타민D)"", ""옥수수수염추출분말"", ""프로폴리스추출물분말"", ""산화아연"", ""유산균혼합분말"", ""Lacticaseibacillus rhamnosus(고시형)"", ""식이섬유(고시형)"", ""레몬과즙분말"", ""자일리톨"", ""이소말트"", ""프로바이오틱스(고시형)""]"
20180442157117,레프제로 구강유산균 엠지 레몬,(주)메디오젠충주공장,캔디류,2024-03-05,2025-04-22,zero,16,"[""자바투메릭추출분말"", ""프로바이오틱스(고시형)"", ""이소말트"", ""자일리톨"", ""유산균혼합분말"", ""산화아연"", ""프로폴리스추출물분말"", ""옥수수수염추출분말"", ""건조효모(비타민D)"", ""스테아린산마그네슘"", ""대나무수액"", ""레몬향분말"", ""Lacticaseibacillus rhamnosus(고시형)"", ""아라비아검(고시형)"", ""레몬과즙분말"", ""D-소비톨""]"
2018044215799,레프제로 구강유산균 엠지 포도,(주)메디오젠충주공장,캔디류,2023-11-30,2025-04-22,zero,18,"[""포도향분말"", ""스테아린산마그네슘"", ""대나무수액"", ""구연산"", ""건조효모(비타민D)"", ""옥수수수염추출분말"", ""프로폴리스추출물분말"", ""산화아연"", ""포도농축액분말"", ""유산균혼합분말"", ""프로바이오틱스(고시형)"", ""자바투메릭추출분말"", ""Lacticaseibacillus rhamnosus(고시형)"", ""이소말트"", ""자일리톨"", ""D-소비톨"", ""아라비아검(고시형)"", ""포도향분말""]"
20170474063267,레프제로 구강유산균 엠지 포도,대원헬스케어주식회사2공장,당류가공품,2025-02-26,2025-03-11,zero,16,"[""Lacticaseibacillus rhamnosus(고시형)"", ""대나무수액"", ""스테아린산마그네슘"", ""옥수수수염추출분말"", ""건조효모(비타민D)"", ""프로폴리스추출물분말"", ""산화아연"", ""유산균혼합분말"", ""프로바이오틱스(고시형)"", ""이소말트"", ""자일리톨"", ""D-소비톨"", ""아라비아검(고시형)"", ""포도과즙분말"", ""포도향분말"", ""자바투메릭추출분말""]"
19990211056201,로보카폴리 제로당 자일리톨캔디,다이식품 제2공장,캔디류,2022-03-18,2022-03-22,zero,1,"[""자일리톨""]"
200203836031019,로얄 알부민 당제로,(주)팜텍코리아,혼합음료,2026-03-10,2026-04-04,zero,9,"[""혼합음료"", ""산화아연"", ""비타민B1염산염"", ""밀크씨슬추출물분말"", ""비타민B6염산염"", ""초유단백분말"", ""비타민C"", ""비타민B2"", ""판토텐산칼슘""]"
20100461303668,롯데시네마 제로팝콘,(주)제이앤이 아산공장,과자,2024-03-06,2024-03-12,zero,9,"[""혼합제제"", ""혼합제제"", ""정제소금"", ""혼합식용유"", ""레시틴"", ""가공버터"", ""정제수"", ""D-말티톨"", ""옥수수""]"
202302571236,루엘 설탕제로 알룰로스,(주)벨슨,당류가공품,2025-02-24,2026-07-01,zero,7,"[""비타민C"", ""비타민B12"", ""비타민B6염산염"", ""니코틴산아미드"", ""비타민B2"", ""비타민B1염산염"", ""알룰로오스""]"
20070386464733,루와 제로슈거 믹스커피(RUWA Zero sugar Mix coffee),(주)웰빙엘에스,커피,2024-08-19,2024-10-15,zero,5,"[""Pediococcus pentosaceus"", ""수크랄로스"", ""더치커피추출액"", ""발효농축액"", ""식물성크림""]"
2020036304020,루이보스 밀크티베이스 제로,아이원티,액상차,2024-09-30,2024-10-03,zero,6,"[""정제수"", ""천일염"", ""효소처리스테비아"", ""알룰로오스"", ""침출차"", ""루이보스잎""]"
20020445102658,루카스나인 시그니처 더블샷라떼 제로슈거,(주)제이에스푸드,커피,2026-08-17,2026-08-20,zero,2,"[""인스턴트커피"", ""식물성크림""]"
20210348794455,르쎄떼 제로슈가 피치 블랙티 파우더,주식회사 알티스트,기타가공품,2024-01-05,2024-02-08,zero,7,"[""수크랄로스"", ""비타민C"", ""과.채가공품"", ""홍차추출분말"", ""식품첨가물혼합제제"", ""구연산(무수)"", ""에리스리톨""]"
20090275055358,리베이크 제로슈가 베이글 에브리띵,(주)고메베이글,빵류,2024-09-19,2024-09-21,zero,14,"[""식품첨가물혼합제제"", ""향료"", ""정제수"", ""밀가루"", ""곡류가공품"", ""기타 농산가공품"", ""식품첨가물"", ""두류가공품"", ""난소화성말토덱스트린(고시형)"", ""유청단백분말"", ""올리브유"", ""효모"", ""재제소금(재제조소금)"", ""곡류가공품""]"
20090275055359,리베이크 제로슈가 베이글 트러플,(주)고메베이글,빵류,2024-09-19,2024-09-21,zero,12,"[""밀가루"", ""곡류가공품"", ""식품첨가물"", ""두류가공품"", ""난소화성말토덱스트린(고시형)"", ""유청단백분말"", ""향미유"", ""효모"", ""재제소금(재제조소금)"", ""곡류가공품"", ""식품첨가물혼합제제"", ""정제수""]"
20090275055357,리베이크 제로슈가 베이글 플레인,(주)고메베이글,빵류,2024-09-19,2024-09-21,zero,13,"[""밀가루"", ""곡류가공품"", ""식품첨가물"", ""두류가공품"", ""난소화성말토덱스트린(고시형)"", ""유청단백분말"", ""올리브유"", ""효모"", ""재제소금(재제조소금)"", ""곡류가공품"", ""식품첨가물혼합제제"", ""향료"", ""정제수""]"
2021000406794,리얼 레몬 하이볼 生 제로슈거,(주)카브루 비전브루어리,기타 주류,2026-05-07,2026-05-29,zero,11,"[""기타주류"", ""정제수"", ""신선편의식품"", ""과.채가공품"", ""이산화탄소"", ""구연산(무수)"", ""향료"", ""향료"", ""비타민C"", ""향료"", ""아세설팜칼륨""]"
20210004067116,리얼 레몬 하이볼 生 제로슈거(수출용),(주)카브루 비전브루어리,기타 주류,2026-08-11,2026-08-11,zero,10,"[""아세설팜칼륨"", ""향료"", ""향료"", ""향료"", ""구연산(무수)"", ""이산화탄소"", ""과.채가공품"", ""과.채가공품"", ""정제수"", ""기타주류""]"
20110275074127,리치스 제로 레몬 에이드,라사,음료베이스,2023-06-21,2024-02-08,zero,9,"[""에리스리톨"", ""효소처리스테비아"", ""수크랄로스"", ""구연산(무수)"", ""레몬향분말"", ""구연산삼나트륨"", ""레몬과즙분말"", ""치자황색소"", ""비타민C""]"
20110275074129,리치스 제로 아이스티 피치,라사,음료베이스,2024-04-12,2026-03-11,zero,10,"[""과일혼합"", ""과즙분말"", ""비타민C"", ""구연산삼나트륨"", ""복숭아향분말"", ""DL-사과산"", ""홍차추출분말"", ""구연산(무수)"", ""수크랄로스"", ""에리스리톨""]"
20110275074128,리치스 제로 체리 에이드,라사,음료베이스,2023-06-21,2024-02-08,zero,9,"[""에리스리톨"", ""효소처리스테비아"", ""수크랄로스"", ""구연산(무수)"", ""체리농축분말"", ""체리향분말"", ""식용색소적색제40호"", ""제3인산칼슘"", ""비타민C""]"
20210389682390,리포큐민 제로슈가 리포좀 수용성 커큐민 비타C,주식회사 한국고려홍삼,캔디류,2026-03-30,2026-04-03,zero,16,"[""에리스리톨"", ""정제수"", ""기타가공품"", ""비타민C"", ""효소처리스테비아"", ""난소화성말토덱스트린(고시형)"", ""알룰로오스"", ""혼합제제"", ""합성향료"", ""구연산(무수)"", ""수크랄로스"", ""세븐베리농축액"", ""생강착즙액"", ""망고농축액"", ""젖산칼슘"", ""잔탄검""]"
202505632193,린코어 제로슈거 초코 프로틴,주식회사 글리시드,기타가공품,2025-08-15,2026-02-01,zero,22,"[""L-글루타민"", ""난소화성말토덱스트린(고시형)"", ""타우린"", ""코코아분말"", ""제삼인산칼슘"", ""효소처리스테비아"", ""정제소금"", ""자당지방산에스테르"", ""향료"", ""혼합제제"", ""곡류가공품"", ""수크랄로스"", ""DL-사과산"", ""L-아르지닌"", ""분리유단백"", ""분리유단백분말"", ""분리대두단백분말"", ""에리스리톨"", ""코코아분말"", ""혼합제제"", ""향료"", ""식물성크림""]"
20080481290134,릴리벳 제로슈가 복숭아 아이스티 베이스,코비스,액상차,2024-10-21,2024-10-23,zero,11,"[""효소처리스테비아"", ""DL-사과산"", ""홍차추출분말"", ""나한과추출물분말"", ""구연산(무수)"", ""비타민C"", ""복사나무열매농축액"", ""복숭아향"", ""복사나무열매과즙분말"", ""알룰로오스"", ""홍차추출액""]"
1999024250627,립톤 제로슈가 아이스티 믹스 복숭아,(주)스윗티,고형차,2022-02-22,2024-04-26,zero,13,"[""복사나무열매과즙분말"", ""혼합제제"", ""향료제제"", ""비타민C"", ""구연산삼나트륨"", ""이산화규소"", ""DL-사과산"", ""구연산(무수)"", ""홍차추출분말"", ""아세설팜칼륨"", ""아스파탐"", ""스테비올배당체"", ""에리스리톨""]"
20000360372369,립톤제로복숭아 아이스티,롯데칠성음료(주),액상차,2024-02-05,2024-05-23,zero,10,"[""홍차추출분말"", ""향료제제"", ""구연산삼나트륨"", ""스테비올배당체"", ""아세설팜칼륨"", ""수크랄로스"", ""DL-사과산"", ""구연산(무수)"", ""비타민C"", ""정제수""]"
19930242053500,립톤제로복숭아스파클링,롯데칠성음료(주),탄산음료,2026-02-25,2026-03-06,zero,11,"[""스테비올배당체"", ""비타민C"", ""수크랄로스"", ""아세설팜칼륨"", ""구연산삼나트륨"", ""향료제제"", ""구연산(무수)"", ""DL-사과산"", ""고형차"", ""이산화탄소"", ""정제수""]"
19930242053465,립톤제로복숭아아이스티,롯데칠성음료(주),액상차,2024-01-31,2024-04-25,zero,10,"[""정제수"", ""비타민C"", ""구연산(무수)"", ""DL-사과산"", ""수크랄로스"", ""아세설팜칼륨"", ""스테비올배당체"", ""구연산삼나트륨"", ""향료제제"", ""고형차""]"
20130188080427,링스틱 제로 아이스피치,농업회사법인 맑을청웰빙 주식회사,고형차,2023-03-30,2023-05-18,zero,12,"[""에리스리톨"", ""타우린"", ""복숭아향분말"", ""DL-사과산"", ""정제소금"", ""구연산삼나트륨"", ""비타민 C 분말"", ""수크랄로스"", ""자일리톨"", ""이눌린"", ""3종 혼합유산균"", ""치커리추출분말""]"
20110490034115,링티비타제로레몬에이드,(유)신우 S&F,혼합음료,2026-01-05,2026-04-28,zero,18,"[""에리스리톨"", ""DL-사과산"", ""과.채가공품"", ""비타민C"", ""구연산"", ""정제소금"", ""구연산삼나트륨"", ""비타민혼합제제"", ""수크랄로스"", ""스테비올배당체"", ""타우린"", ""염화마그네슘"", ""산화아연"", ""구연산칼륨"", ""레몬향"", ""천연 레몬라임향"", ""자몽향"", ""정제수""]"
20110490034116,링티비타제로복숭아에이드,(유)신우 S&F,혼합음료,2026-01-05,2026-04-28,zero,18,"[""에리스리톨"", ""DL-사과산"", ""과.채가공품"", ""비타민C"", ""정제소금"", ""구연산삼나트륨"", ""구연산"", ""맥아추출물분말"", ""비타민혼합제제"", ""수크랄로스"", ""타우린"", ""구연산칼륨"", ""스테비올배당체"", ""염화마그네슘"", ""산화아연"", ""천연복숭아향"", ""천연복숭아향"", ""정제수""]"
20070443110698,링티제로 레몬라임맛,(주)삼양패키징광혜원공장,혼합음료,2023-03-06,2026-06-13,zero,16,"[""정제수"", ""혼합제제"", ""비타민B6염산염"", ""혼합제제"", ""혼합제제"", ""판토텐산칼슘"", ""니코틴산아미드"", ""글루콘산마그네슘"", ""수크랄로스"", ""글루콘산아연"", ""구연산삼나트륨"", ""기타소금"", ""과.채가공품"", ""구연산"", ""향료"", ""에리스리톨""]"
20100543066981,링티제로 복숭아맛,오케이에프음료 주식회사,혼합음료,2021-11-25,2025-08-29,zero,18,"[""비타민 A 혼합제제"", ""비타민B6염산염"", ""니코틴산아미드"", ""염화마그네슘"", ""과.채가공품"", ""구연산"", ""천연향료"", ""천연향료"", ""에리스리톨"", ""정제수"", ""수크랄로스"", ""구연산삼나트륨"", ""정제소금"", ""혼합제제"", ""글루콘산아연"", ""혼합제제"", ""판토텐산칼슘"", ""구연산칼륨""]"
20070443110677,링티제로 복숭아맛,(주)삼양패키징광혜원공장,혼합음료,2023-01-31,2026-06-13,zero,16,"[""판토텐산칼슘"", ""니코틴산아미드"", ""글루콘산마그네슘"", ""수크랄로스"", ""글루콘산아연"", ""구연산삼나트륨"", ""기타소금"", ""과.채가공품"", ""구연산"", ""향료"", ""에리스리톨"", ""비타민B6염산염"", ""혼합제제"", ""정제수"", ""혼합제제"", ""혼합제제""]"
2019041307965,링티제로 복숭아맛,동원시스템즈(주) 횡성사업장,혼합음료,2021-03-23,2023-06-10,zero,17,"[""판토텐산칼슘"", ""비타민A혼합분말"", ""비타민B6염산염"", ""니코틴산아미드"", ""기타소금"", ""구연산삼나트륨"", ""구연산"", ""수크랄로스"", ""복숭아농축액"", ""에리스리톨"", ""글루콘산아연"", ""비타민B12"", ""혼합제제"", ""글루콘산마그네슘"", ""비씨에이에이"", ""향료"", ""정제수""]"
19950433026729,링티제로 복숭아맛 캔,(주)금강비앤에프,혼합음료,2022-10-28,2022-11-23,zero,19,"[""에리스리톨"", ""복숭아농축액"", ""정제소금"", ""구연산삼나트륨"", ""구연산"", ""수크랄로스"", ""염화마그네슘"", ""니코틴산아미드"", ""비타민B6염산염"", ""비타민A혼합분말"", ""판토텐산칼슘"", ""비타민B12"", ""혼합제제"", ""글루콘산아연"", ""비씨에이에이"", ""구연산칼륨"", ""천연복숭아향"", ""천연복숭아향"", ""정제수""]"
201005430661688,링티제로 에너지 스파클링 레몬라임,오케이에프음료 주식회사,탄산음료,2026-03-27,2026-05-12,zero,20,"[""타우린"", ""과.채가공품"", ""과라나추출물분말"", ""천연향료"", ""이산화탄소"", ""구연산"", ""에리스리톨"", ""정제수"", ""비타민C"", ""혼합제제"", ""마카농축액"", ""L-카르니틴"", ""글루콘산마그네슘"", ""수크랄로스"", ""아세설팜칼륨"", ""젖산칼슘"", ""염화칼륨"", ""구연산삼나트륨"", ""테아닌"", ""정제소금""]"
200704431101171,링티제로 에너지 스파클링 레몬라임,(주)삼양패키징광혜원공장,탄산음료,2026-07-20,2026-08-05,zero,21,"[""과라나추출물분말"", ""타우린"", ""글루콘산마그네슘"", ""향료"", ""구연산"", ""에리스리톨"", ""이산화탄소"", ""혼합제제"", ""염화칼륨"", ""과.채가공품"", ""구연산삼나트륨"", ""정제소금"", ""비타민C"", ""테아닌"", ""아세설팜칼륨"", ""수크랄로스"", ""젖산칼슘"", ""DL-사과산"", ""L-카르니틴"", ""마카농축액"", ""정제수""]"
201005430661687,링티제로 에너지 스파클링 피치,오케이에프음료 주식회사,탄산음료,2026-03-27,2026-05-12,zero,20,"[""마카농축액"", ""L-카르니틴"", ""글루콘산마그네슘"", ""수크랄로스"", ""아세설팜칼륨"", ""젖산칼슘"", ""염화칼륨"", ""구연산삼나트륨"", ""테아닌"", ""정제소금"", ""비타민C"", ""혼합제제"", ""타우린"", ""과.채가공품"", ""과라나추출물분말"", ""천연향료"", ""이산화탄소"", ""구연산"", ""정제수"", ""에리스리톨""]"
200704431101170,링티제로 에너지 스파클링 피치,(주)삼양패키징광혜원공장,탄산음료,2026-07-20,2026-08-05,zero,20,"[""혼합제제"", ""과라나추출물분말"", ""타우린"", ""글루콘산마그네슘"", ""향료"", ""구연산"", ""에리스리톨"", ""이산화탄소"", ""정제수"", ""마카농축액"", ""L-카르니틴"", ""젖산칼슘"", ""수크랄로스"", ""아세설팜칼륨"", ""테아닌"", ""비타민C"", ""정제소금"", ""구연산삼나트륨"", ""과.채가공품"", ""염화칼륨""]"
201203326538,마(麻)유유 스테비아 제로슈가 떡볶이,(주)복원식품,즉석조리식품,2022-11-08,2024-03-28,zero,4,"[""어묵"", ""정제수"", ""복합조미식품"", ""떡류""]"
2022023343234,마드리드 제로 하이볼 베이스,주식회사 레비테이트,음료베이스,2024-10-25,2024-10-26,zero,18,"[""정제수"", ""기타과당"", ""천연자몽향"", ""천연오렌지향"", ""합성향료"", ""락색소"", ""수크랄로스"", ""STEVIOSIDE 스테비오사이드"", ""DL-사과산"", ""구연산"", ""안식향산나트륨"", ""천연향신료"", ""건조오렌지껍질"", ""침출차"", ""과채주스"", ""바나바잎추출물"", ""L-아르지닌"", ""타우린""]"
20080358277277,마마쿡다름식혜제로,서정쿠킹(주),혼합음료,2026-01-15,2026-01-22,zero,8,"[""수크랄로스"", ""효소처리스테비아"", ""쌀"", ""생강"", ""알룰로오스"", ""에리스리톨"", ""엿기름"", ""정제수""]"
20100141566402,마법의 제로톡스5020,선용 바이오푸드,기타가공품,2022-06-17,2022-06-22,zero,6,"[""젤라틴"", ""히알루론산"", ""결명자분말"", ""핑거루트뿌리"", ""헤마토코쿠스추출물분말(고시형)"", ""효모""]"
202200158001,마스브루어리 제로 12도,주식회사 화성양조장 농업회사법인,탁주,2023-05-30,2023-06-07,zero,4,"[""효모"", ""쌀"", ""정제수"", ""누룩""]"
1984022101078,마스터토닉워터제로,롯데칠성음료(주),탄산음료,2020-04-21,2026-07-01,zero,3,"[""정제수"", ""이산화탄소"", ""천연향료""]"
19780614001483,마운틴듀제로슈거,롯데칠성음료(주),탄산음료,2025-05-08,2025-05-09,zero,10,"[""정제수"", ""이산화탄소"", ""식용색소황색제4호"", ""수크랄로스"", ""아세설팜칼륨"", ""카페인"", ""아스파탐"", ""구연산(무수)"", ""향료"", ""혼합제제""]"
19780368002659,마운틴듀제로슈거,롯데칠성음료(주),탄산음료,2025-05-12,2025-05-17,zero,10,"[""혼합제제"", ""구연산(무수)"", ""이산화탄소"", ""정제수"", ""식용색소황색제4호"", ""수크랄로스"", ""아세설팜칼륨"", ""카페인"", ""아스파탐"", ""향료""]"
19930242053487,마운틴듀제로슈거,롯데칠성음료(주),탄산음료,2025-04-24,2025-05-01,zero,10,"[""혼합제제"", ""향료"", ""구연산(무수)"", ""아스파탐"", ""카페인"", ""아세설팜칼륨"", ""수크랄로스"", ""식용색소황색제4호"", ""이산화탄소"", ""정제수""]"
20000360372397,마운틴듀제로슈거,롯데칠성음료(주),탄산음료,2025-04-25,2025-05-02,zero,10,"[""혼합제제"", ""향료"", ""구연산(무수)"", ""아스파탐"", ""카페인"", ""아세설팜칼륨"", ""수크랄로스"", ""식용색소황색제4호"", ""이산화탄소"", ""정제수""]"
2021044228230,마운틴듀제로슈거,롯데칠성음료(주),탄산음료,2025-05-07,2025-05-13,zero,10,"[""아세설팜칼륨"", ""카페인"", ""아스파탐"", ""구연산(무수)"", ""향료제제"", ""혼합제제"", ""이산화탄소"", ""식용색소황색제4호"", ""수크랄로스"", ""정제수""]"
20000360372372,마운틴듀제로슈거블루,롯데칠성음료(주),탄산음료,2024-03-01,2024-07-20,zero,11,"[""혼합제제"", ""향료제제"", ""구연산(무수)"", ""아스파탐"", ""카페인"", ""아세설팜칼륨"", ""수크랄로스"", ""식용색소청색제1호"", ""식용색소적색제40호"", ""이산화탄소"", ""정제수""]"
19930242053467,마운틴듀제로슈거블루,롯데칠성음료(주),탄산음료,2024-02-23,2024-07-23,zero,11,"[""식용색소적색제40호"", ""식용색소청색제1호"", ""수크랄로스"", ""혼합제제"", ""향료제제"", ""구연산(무수)"", ""아스파탐"", ""카페인"", ""아세설팜칼륨"", ""정제수"", ""이산화탄소""]"
2021044228222,마운틴듀제로슈거블루,롯데칠성음료(주),탄산음료,2024-05-29,2024-06-04,zero,11,"[""혼합제제"", ""수크랄로스"", ""아세설팜칼륨"", ""카페인"", ""아스파탐"", ""구연산(무수)"", ""향료제제"", ""정제수"", ""이산화탄소"", ""식용색소적색제40호"", ""식용색소청색제1호""]"
19760487005323,마이구미 포도 ZERO% 설탕제로,(주)오리온 제2익산공장,캔디류,2024-12-23,2026-01-04,zero,18,"[""기타 식용유지가공품"", ""수크랄로스"", ""아세설팜칼륨"", ""과.채가공품"", ""향료"", ""향료"", ""향료"", ""글리세린"", ""치자청색소"", ""과.채가공품"", ""펙틴"", ""L-주석산"", ""폴리덱스트로스"", ""젤라틴"", ""말티톨액"", ""콜라겐"", ""DL-사과산"", ""구연산""]"
2021026933631,마이그랑 제로복숭아아이스티1L,주식회사 그랑,고형차,2026-04-24,2026-05-07,zero,1,"[""고형차""]"
202207803626,마이다스 느린정성 생강청 제로,고담촌,액상차,2025-08-06,2025-08-07,zero,3,"[""생강가루"", ""알룰로오스"", ""생강농축액""]"
20220604079118,마이디데이 제로스틱,(주)원일바이오 제1공장,기타가공품,2025-04-10,2026-03-21,zero,6,"[""기타가공품"", ""10종혼합유산균분말"", ""대나무수액"", ""이산화규소"", ""난소화성말토덱스트린(고시형)"", ""α-시클로덱스트린""]"
20090368428626,맛있는 제로 레몬에이드,(주)스위트코리아,혼합음료,2026-04-28,2026-05-01,zero,9,"[""DL-사과산"", ""구연산삼나트륨"", ""치자황색소"", ""수크랄로스"", ""구연산"", ""천연향료"", ""레몬농축액"", ""에리스리톨"", ""정제수""]"
200206230091132,매실에이드 제로,퓨어플러스(주),과.채음료,2026-06-02,2026-06-09,zero,12,"[""수크랄로스"", ""스테비올배당체"", ""카라멜색소 Ⅳ"", ""비타민C"", ""구연산삼나트륨"", ""향료"", ""향료"", ""구연산(무수)"", ""과.채가공품"", ""과.채가공품"", ""에리스리톨"", ""정제수""]"
20090473152673,매직워터 레몬제로,(주)신성티엔에프,혼합음료,2026-03-12,2026-03-18,zero,14,"[""로커스트콩검"", ""향료"", ""젤란검"", ""정제수"", ""에리스리톨"", ""구연산"", ""타우린"", ""한천"", ""향료"", ""구연산삼나트륨"", ""젖산칼슘"", ""수크랄로스"", ""잔탄검"", ""아세설팜칼륨""]"
1990029401452,맥당제로 365 환,두리농산,기타가공품,2011-08-16,2016-07-03,zero,10,"[""바나바"", ""감초"", ""옥수수수염"", ""인삼"", ""뽕나무뿌리껍질"", ""복령"", ""당귀"", ""산약"", ""칡뿌리"", ""사삼""]"
19800415004447,맥콜 제로,(주)일화초정공장,탄산음료,2023-02-03,2023-10-21,zero,18,"[""구연산삼나트륨"", ""구연산"", ""기타가공품"", ""기타가공품"", ""아세설팜칼륨"", ""수크랄로스"", ""덱스트린"", ""보리추출액"", ""비타민B1염산염"", ""정제수"", ""이산화탄소"", ""니코틴산아미드"", ""향료"", ""향료"", ""향료"", ""기타가공품"", ""비타민C"", ""비타민B2""]"
2024052542689,맨해튼로스트앤코 발리 브루 제로 카페인,(주)커피도슨트,침출차,2026-01-07,2026-01-10,zero,1,"[""볶은보리""]"
20070464034266,맷돌방식으로 만든 제로슈거 말차두유,농업회사법인 논산딸기랜드(주),가공두유,2026-06-08,2026-06-12,zero,4,"[""수크랄로스"", ""천일염"", ""녹차가루"", ""두유액""]"
19970378043950,메가 알부민 플래티넘 당제로,케이지랩(주),혼합음료,2026-02-10,2026-02-21,zero,1,"[""액상차""]"
19970464172681,메가비타3000 제로,(주)보고신약 논산공장,혼합음료,2025-05-12,2025-05-20,zero,16,"[""정제수"", ""사과향"", ""파인애플향"", ""비타민D3혼합제제"", ""산화마그네슘"", ""비타민B6염산염"", ""비타민B1염산염"", ""비타민B2"", ""정제소금"", ""수크랄로스"", ""효소처리스테비아"", ""펙틴"", ""타우린"", ""구연산삼나트륨"", ""L-아르지닌"", ""비타민C""]"
2019059902661,메이크 라떼 제로슈가 밀크티,휴밀(humeal),기타가공품,2023-08-14,2026-07-29,zero,2,"[""당류가공품"", ""홍차분말""]"
2019059902695,메이크 라떼 제로슈가 바나나,휴밀(humeal),기타가공품,2025-10-22,2025-11-06,zero,4,"[""기타가공품"", ""바나나맛분말"", ""당류가공품"", ""식물성크림""]"
2009033237444,메종키토 제로고추장,농업회사법인(주)이삭뜰,고추장,2023-04-12,2024-07-02,zero,7,"[""알룰로오스"", ""한식메주"", ""고춧가루"", ""보리"", ""천일염"", ""주정"", ""한식간장""]"
2024052542687,명례헌 보리가배 제로 카페인,(주)커피도슨트,침출차,2026-01-07,2026-01-29,zero,1,"[""볶은보리""]"
20050555180816,명인딸기에이드 제로슈거,농업회사법인(주)동서웰빙,혼합음료,2026-01-22,2026-06-11,zero,12,"[""정제수"", ""딸기퓌레"", ""에리스리톨"", ""구연산"", ""향료"", ""향료"", ""구연산삼나트륨"", ""잔탄검"", ""혼합제제"", ""수크랄로스"", ""스테비올배당체"", ""식용색소적색제40호""]"
20220495001169,모닝컴스 제로슈거 애사비,(주)한미양행 선유공장,음료베이스,2025-01-02,2025-01-07,zero,5,"[""수크랄로스"", ""효소처리스테비아"", ""천연향료"", ""에리스리톨"", ""발효식초""]"
20170347016309,모델제로 스페셜티 no.5,(주)베오베,커피,2025-08-25,2025-08-29,zero,1,"[""볶은커피""]"
20130285121367,모도르 제로 다방커피,주식회사 소담에프앤비,커피,2025-03-15,2025-03-17,zero,10,"[""에리스리톨"", ""식물성크림"", ""덱스트린"", ""분말유크림"", ""수크랄로스"", ""효소처리스테비아"", ""정제소금"", ""이산화규소"", ""커피"", ""혼합제제""]"
20240672413108,모도르 제로 복숭아아이스티 베이스,주식회사 서울팩토리,음료베이스,2025-06-04,2025-06-06,zero,14,"[""복숭아향"", ""홍차향"", ""DL-사과산"", ""구연산"", ""향료"", ""과.채가공품류"", ""정제수"", ""알룰로오스"", ""안식향산나트륨"", ""아세설팜칼륨"", ""수크랄로스"", ""구연산삼나트륨"", ""홍차추출분말"", ""비타민C""]"
202205720469,모브커피 미세플라스틱제로 드립백,모브 커피 로스터즈,커피,2023-11-14,2023-11-24,zero,1,"[""볶은커피분말""]"
20190376144151,모어벨라 제로컷피 커피믹스맛,주식회사 케이지이,기타가공품,2024-09-12,2024-10-01,zero,16,"[""정제수"", ""식물성크림"", ""커피"", ""알룰로오스"", ""난소화성말토덱스트린(고시형)"", ""에리스리톨"", ""기타 농산가공품"", ""효소처리스테비아"", ""바나바잎추출물"", ""L-아르지닌"", ""L-카르니틴"", ""비타민C"", ""비타민 E 혼합제제분말"", ""니코틴산아미드"", ""유청단백분말"", ""수크랄로스""]"
19980449002703,몬스터 에너지 제로 슈거,해태에이치티비주식회사,탄산음료,2022-03-31,2026-06-24,zero,16,"[""구연산삼나트륨"", ""안식향산"", ""소브산"", ""차추출물"", ""카페인"", ""기타가공품"", ""L-카르니틴"", ""구연산"", ""포도과피색소"", ""아세설팜칼륨"", ""수크랄로스"", ""향료제제"", ""향료제제"", ""향료제제"", ""이산화탄소"", ""정제수""]"
19800375002277,몬스터 에너지 제로 슈거,코카콜라음료(주),탄산음료,2023-06-07,2023-06-08,zero,16,"[""구연산삼나트륨"", ""안식향산"", ""소브산"", ""차추출물"", ""카페인"", ""혼합제제"", ""L-카르니틴"", ""구연산"", ""포도과피색소"", ""아세설팜칼륨"", ""수크랄로스"", ""향료"", ""혼합제제"", ""향료"", ""이산화탄소"", ""정제수""]"
20170433536215,몽크슈 제로 알룰로스분말,(주)디엔 농업회사법인,당류가공품,2026-06-05,2026-06-06,zero,3,"[""알룰로오스"", ""나한과추출물분말"", ""스테비올배당체""]"
201005430661246,무브 제로 슈거,오케이에프음료 주식회사,탄산음료,2023-11-09,2023-11-14,zero,17,"[""인산"", ""혼합제제"", ""수크랄로스"", ""효소처리스테비아"", ""탄산수소나트륨"", ""비타민C"", ""혼합제제"", ""용성비타민P"", ""비타민B2"", ""식용색소황색제5호"", ""정제수"", ""이산화탄소"", ""구연산(무수)"", ""향료"", ""구연산삼나트륨"", ""이노시톨"", ""타우린""]"
20190391313713,뮤빈스 제로 발리 믹스,(주)태향,기타가공품,2026-05-20,2026-06-05,zero,7,"[""에리스리톨"", ""식물성크림"", ""고형차"", ""혼합제제"", ""향료제제"", ""수크랄로스"", ""구아검""]"
20100543066541,미닛메이드 스파클링 제로 슈거 사과,오케이에프음료 주식회사,탄산음료,2017-04-18,2022-09-09,zero,8,"[""이산화탄소"", ""식품첨가물혼합제제"", ""식품첨가물혼합제제"", ""식품첨가물혼합제제"", ""식품첨가물혼합제제"", ""정제수"", ""식품첨가물혼합제제"", ""사과농축과즙""]"
20100543066812,미닛메이드 스파클링 제로 슈거 청포도,오케이에프음료 주식회사,탄산음료,2020-04-29,2022-09-09,zero,10,"[""이산화탄소"", ""식품첨가물혼합제제"", ""식품첨가물혼합제제"", ""식품첨가물혼합제제"", ""식품첨가물혼합제제"", ""식품첨가물혼합제제"", ""식품첨가물혼합제제"", ""폴리덱스트로스"", ""청포도농축과즙"", ""정제수""]"
20140209102106,미떼 제로슈거,신우식품 주식회사,기타 코코아가공품,2026-07-29,2026-07-30,zero,7,"[""정제소금"", ""제삼인산칼슘"", ""기타코코아가공품"", ""코코아분말"", ""에리스리톨"", ""알룰로오스"", ""식물성크림""]"
2004029450117,미산당제로식혜,미산식품,혼합음료,2025-11-14,2025-11-20,zero,7,"[""정제수"", ""멥쌀"", ""맥아추출액"", ""에리스리톨"", ""수크랄로스"", ""아세설팜칼륨"", ""효소처리스테비아""]"
201502941103,미소수제로,나노텍,혼합음료,2016-02-22,2017-09-01,zero,2,"[""정제수"", ""수소""]"
201005430661456,미에로화이바 제로슈가,오케이에프음료 주식회사,혼합음료,2025-02-01,2025-02-04,zero,11,"[""아세설팜칼륨"", ""수크랄로스"", ""스테비올배당체"", ""락색소"", ""정제수"", ""폴리덱스트로스"", ""산도조절제"", ""산도조절제"", ""향료"", ""향료"", ""비타민C""]"
200704431101179,미에로화이바 제로슈가,(주)삼양패키징광혜원공장,혼합음료,2026-08-12,2026-08-13,zero,11,"[""폴리덱스트로스"", ""비타민C"", ""구연산"", ""구연산삼나트륨"", ""수크랄로스"", ""아세설팜칼륨"", ""스테비올배당체"", ""락색소"", ""향료"", ""향료"", ""정제수""]"
20100380269577,미트제로 토마토치즈군만두,세린식품(주),만두,2021-06-25,2025-03-26,zero,25,"[""천연향신료"", ""L-글루탐산나트륨제제"", ""후추가루"", ""폴리인산나트륨"", ""물엿"", ""정제소금"", ""소스"", ""기타가공품"", ""L-글루탐산나트륨"", ""식품첨가물혼합제제"", ""절임식품"", ""복합조미식품"", ""서류가공품"", ""절임식품"", ""토마토케첩"", ""설탕"", ""대두단백"", ""청피망"", ""과채가공품"", ""새송이버섯"", ""곡류가공품"", ""양파"", ""자연치즈"", ""정제수"", ""밀가루""]"
20200326367108,믹스원 프라임 제로슈가 스테비아,(주)다은에프에스,혼합제제,2023-10-12,2023-10-17,zero,2,"[""에리스리톨"", ""효소처리스테비아""]"
20210004067108,믹스유 제로슈거 사케 하이볼 레몬바질,(주)카브루 비전브루어리,기타 주류,2026-05-30,2026-06-05,zero,15,"[""천연향료"", ""아세설팜칼륨"", ""향료"", ""향료"", ""탄산수소나트륨"", ""비타민C"", ""향료"", ""향료"", ""구연산"", ""이산화탄소"", ""과.채가공품"", ""신선편의식품"", ""청주"", ""정제수"", ""기타주류""]"
202604861524,밀가루 없는 제로촉,(주)티엔푸드 4공장,과자,2026-06-10,2026-06-16,zero,21,"[""나한과추출물분말"", ""효소처리스테비아"", ""탄산수소암모늄"", ""산성피로인산나트륨"", ""탄산수소나트륨"", ""재제소금(재제조소금)"", ""향료"", ""대두레시틴(고시형)"", ""프락토올리고당"", ""혼합분유"", ""코코아분말"", ""가공치즈"", ""전분가공품"", ""난소화성말토덱스트린(고시형)"", ""전란액"", ""초콜릿"", ""버터"", ""곡류가공품"", ""당류가공품"", ""당류가공품"", ""아몬드분말""]"
2016039511663,밀가루 없는 제로칩 솔티,주식회사 우리밀 새말공장,과자,2025-09-16,2025-10-14,zero,8,"[""나한과추출물분말"", ""볶은콩가루"", ""효모추출물"", ""감자전분"", ""프락토올리고당"", ""천일염"", ""현미유"", ""현미""]"
2016039511664,밀가루 없는 제로칩 어니언,주식회사 우리밀 새말공장,과자,2025-09-16,2025-10-14,zero,10,"[""천일염"", ""양파분말"", ""프락토올리고당"", ""현미유"", ""현미"", ""볶음양파분말"", ""감자플레이크"", ""나한과추출물분말"", ""볶은콩가루"", ""효모추출물""]"
20150182104672,밀라이트 제로카페,다원바이오,고형차,2020-06-09,2020-06-10,zero,2,"[""기타가공품"", ""고형차""]"
20130197516146,밀크파우더제로,(주)유니온F&C,기타가공품,2024-04-09,2024-05-15,zero,7,"[""정제소금"", ""이산화규소"", ""밀크향분말"", ""덱스트린"", ""식물성크림"", ""식물성크림"", ""유청분말""]"
19780368002624,밀키스제로,롯데칠성음료(주),탄산음료,2022-11-03,2023-02-13,zero,11,"[""수크랄로스"", ""향료제제"", ""두류가공품"", ""합성향료"", ""향료제제"", ""구연산(결정)"", ""이산화탄소"", ""혼합분유"", ""알룰로오스"", ""정제수"", ""아세설팜칼륨""]"
19780614001456,밀키스제로,롯데칠성음료(주),탄산음료,2022-11-03,2023-02-11,zero,11,"[""혼합분유"", ""알룰로오스"", ""구연산(결정)"", ""두류가공품"", ""수크랄로스"", ""아세설팜칼륨"", ""향료제제"", ""합성향료"", ""향료제제"", ""이산화탄소"", ""정제수""]"
20000360372336,밀키스제로,롯데칠성음료(주),탄산음료,2022-03-16,2023-03-10,zero,11,"[""혼합분유"", ""알룰로오스"", ""구연산"", ""두류가공품"", ""수크랄로스"", ""아세설팜칼륨"", ""합성향료"", ""합성향료"", ""혼합제제"", ""이산화탄소"", ""정제수""]"
19930242053443,밀키스제로,롯데칠성음료(주),탄산음료,2022-11-05,2024-01-13,zero,11,"[""향료제제"", ""이산화탄소"", ""정제수"", ""혼합분유"", ""알룰로오스"", ""구연산"", ""두류가공품"", ""수크랄로스"", ""아세설팜칼륨"", ""향료제제"", ""합성향료""]"
19780614001470,밀키스제로딸기&바나나,롯데칠성음료(주),탄산음료,2024-01-29,2024-03-22,zero,14,"[""식용색소적색제40호"", ""아세설팜칼륨"", ""수크랄로스"", ""혼합분유"", ""알룰로오스"", ""구연산"", ""두류가공품"", ""향료제제"", ""향료"", ""향료"", ""향료"", ""향료"", ""이산화탄소"", ""정제수""]"
20000360372368,밀키스제로딸기&바나나,롯데칠성음료(주),탄산음료,2024-01-19,2024-02-21,zero,14,"[""혼합분유"", ""알룰로오스"", ""구연산"", ""두류가공품"", ""수크랄로스"", ""아세설팜칼륨"", ""식용색소적색제40호"", ""향료제제"", ""향료"", ""향료"", ""향료"", ""향료"", ""이산화탄소"", ""정제수""]"
19780368002644,밀키스제로딸기&바나나,롯데칠성음료(주),탄산음료,2024-01-30,2024-06-01,zero,14,"[""정제수"", ""알룰로오스"", ""혼합분유"", ""이산화탄소"", ""구연산(결정)"", ""향료"", ""향료"", ""두류가공품"", ""향료제제"", ""수크랄로스"", ""아세설팜칼륨"", ""식용색소적색제40호"", ""향료"", ""향료""]"
19930242053464,밀키스제로딸기&바나나,롯데칠성음료(주),탄산음료,2024-01-29,2024-02-29,zero,14,"[""구연산"", ""두류가공품"", ""수크랄로스"", ""아세설팜칼륨"", ""식용색소적색제40호"", ""향료제제"", ""향료"", ""향료"", ""향료"", ""향료"", ""이산화탄소"", ""정제수"", ""알룰로오스"", ""혼합분유""]"
19750358001829,바나프레소 제로슈가 바닐라파우더,(주)대상다이브스 이천공장,고형차,2025-08-22,2025-09-01,zero,9,"[""바닐린"", ""아스파탐"", ""잔탄검"", ""정제소금"", ""향료"", ""구아검"", ""에리스리톨"", ""식물성크림"", ""바닐라빈""]"
201102571531574,바닐라빈 시럽 제로슈가,다솔푸드테크 주식회사,당류가공품,2026-04-08,2026-04-10,zero,12,"[""아세설팜칼륨"", ""수크랄로스"", ""바닐라"", ""소브산칼륨"", ""잔탄검"", ""유함유가공품"", ""향료제제"", ""바닐라"", ""혼합제제"", ""구연산삼나트륨"", ""에리스리톨"", ""정제수""]"
201103387781,바로제로(Baro Zero),대정화금(주),기구등의 살균·소독제,2011-09-27,2016-07-06,zero,2,"[""에탄올"", ""정제수""]"
201103387785,바로제로75,대정화금(주),혼합제제와기구등의살균소독제,2015-07-02,2017-12-31,zero,3,"[""정제수"", ""구연산"", ""에탄올""]"
201103387782,바로제로95,대정화금(주),혼합제제와기구등의살균소독제,2012-10-18,2017-06-10,zero,3,"[""에탄올"", ""정제수"", ""구연산""]"
201103387786,바로제로Q,대정화금(주),혼합제제와기구등의살균소독제,2015-07-02,2017-06-10,zero,3,"[""정제수"", ""제일인산나트륨"", ""차아염소산나트륨(수)""]"
202408120463,바론순수 제로 생강청,농업회사법인 현대에프엔비 주식회사,액상차,2024-07-12,2026-07-01,zero,3,"[""생강추출액"", ""알룰로오스"", ""효소처리스테비아""]"
20070443110982,바리스타룰스 원데이 제로 스위트 아메리카노,(주)삼양패키징광혜원공장,커피,2025-04-23,2025-06-25,zero,11,"[""커피"", ""커피"", ""당류가공품"", ""탄산수소나트륨"", ""향료제제"", ""비타민C"", ""향료"", ""향료"", ""아세설팜칼륨"", ""수크랄로스"", ""정제수""]"
2016035586111,바이러스제로,온트리플렉스,기타기구등의 살균소독제,2023-02-13,2023-02-24,zero,3,"[""이산화티타늄"", ""이산화염소"", ""정제수""]"
201605133071,바이러스제로 파워킬,코리아퍼틸라이져(주),이산화염소제제,2016-09-05,2026-07-01,zero,4,"[""아염소산나트륨"", ""차아염소산나트륨(살균소독제)"", ""황산"", ""정제수""]"
201603558616,바이러스제로-F,온트리플렉스,기타기구등의 살균소독제,2020-02-21,2021-04-22,zero,2,"[""정제수"", ""이산화염소""]"
2003047205274,바이오 POSTBIOTIC 포스트바이오틱 드링크 제로,매일유업(주) 청양공장,유산균음료,2024-10-02,2024-10-08,zero,15,"[""에리스리톨"", ""혼합탈지분유"", ""포도당"", ""셀룰로오스혼합제제"", ""펙틴"", ""향료"", ""구연산"", ""DL-사과산"", ""구연산삼나트륨"", ""수크랄로스"", ""향료"", ""락토바실러스 아시도필루스 사균체 혼합"", ""유산균"", ""유산균"", ""정제수""]"
202102030783118,바이오몸 클린 덴티제로 밸런스 마이크로 잇 구강유산균,채움바이오 주식회사,당류가공품,2025-02-12,2025-12-18,zero,13,"[""산화아연"", ""혼합제제"", ""프로폴리스추출물분말"", ""스테비텐후레쉬"", ""스테아린산마그네슘"", ""이산화규소"", ""기타가공품"", ""프로바이오틱스(고시형)"", ""합성향료"", ""기타가공품"", ""프락토올리고당"", ""자일리톨"", ""D-소비톨""]"
2018038803712,바이오청국장 제로푸딩 초코앤바나나,(주)광진기업,청국장,2024-06-03,2024-06-14,zero,4,"[""대두"", ""바나나"", ""카카오분말"", ""알룰로오스""]"
202003832513,바이오키퍼제로59,(주)클린코리아아이디켐,에탄올제제,2020-05-18,2026-02-01,zero,2,"[""에탄올"", ""정제수""]"
202003832514,바이오키퍼제로75,(주)클린코리아아이디켐,에탄올제제,2020-05-18,2026-02-01,zero,2,"[""에탄올"", ""정제수""]"
20030473071401,바이오티 제로소다,건강한사람들 주식회사 2사업장,탄산음료,2021-06-25,2021-07-08,zero,10,"[""천연향료"", ""천연향료"", ""정제수"", ""이산화탄소"", ""식품첨가물혼합제제"", ""아세설팜칼륨"", ""수크랄로스"", ""DL-사과산"", ""에리스리톨"", ""올리고당""]"
201405702731,박트제로,오메가팜,과산화초산제제,2014-10-28,2019-07-12,zero,4,"[""인산"", ""초산"", ""과산화초산"", ""과산화수소""]"
201405702732,박트제로큐,오메가팜,빙초산,2016-01-14,2019-07-12,zero,7,"[""젖산"", ""DL-사과산"", ""구연산"", ""인산"", ""정제수"", ""과산화수소"", ""빙초산""]"
20220369252262,발리브루 커피 제로 카페인 캡슐,주식회사 다뮤지끄,침출차,2025-06-19,2026-02-01,zero,1,"[""곡류가공품""]"
2004029450118,밥알없는 미산당제로식혜,미산식품,혼합음료,2025-11-14,2025-11-21,zero,7,"[""효소처리스테비아"", ""수크랄로스"", ""아세설팜칼륨"", ""에리스리톨"", ""맥아추출액"", ""멥쌀"", ""정제수""]"
19880607021455,배럴헬스 제로바이브 알파시클로덱스트린,(주)케이지앤에프,기타가공품,2025-04-09,2025-04-11,zero,3,"[""난소화성말토덱스트린(고시형)"", ""시클로덱스트린"", ""이산화규소""]"
201902253053,버드와이저 제로(Budweiser Zero),오비맥주(주)광주공장,탄산음료,2020-08-16,2026-07-01,zero,13,"[""정제수"", ""맥아"", ""쌀"", ""이산화탄소"", ""호프펠렛"", ""합성향료"", ""황산칼슘"", ""비타민C"", ""인산"", ""효소"", ""합성향료"", ""호프추출물"", ""효모""]"
2022023343230,벚꽃 제로 베이스,주식회사 레비테이트,음료베이스,2024-03-15,2024-03-16,zero,12,"[""정제수"", ""당류가공품"", ""합성향료"", ""락색소"", ""침출차"", ""침출차"", ""수크랄로스"", ""STEVIOSIDE 스테비오사이드"", ""천연체리향"", ""DL-사과산"", ""구연산"", ""안식향산나트륨""]"
2022023343235,베네치아 제로 하이볼 베이스,주식회사 레비테이트,음료베이스,2024-10-25,2024-10-26,zero,17,"[""천연복숭아향"", ""천연향료"", ""치자황색소"", ""침출차"", ""침출차"", ""침출차"", ""과채주스"", ""수크랄로스"", ""정제수"", ""기타과당"", ""STEVIOSIDE 스테비오사이드"", ""DL-사과산"", ""구연산"", ""안식향산나트륨"", ""L-아르지닌"", ""바나바잎추출물"", ""타우린""]"
20170333328321,베네핏 제로슈가 헤이즐넛,자연농장,기타가공품,2024-08-04,2024-08-13,zero,2,"[""개암가루"", ""헤이즐넛향""]"
20170442089284,베르제로,맥널티 바이오(주),과.채가공품,2026-05-15,2026-05-27,zero,11,"[""스테아린산마그네슘"", ""카복시메틸셀룰로스칼슘"", ""이산화규소"", ""여주추출분말"", ""녹차추출물분말(고시형)"", ""과.채가공품"", ""결정셀룰로스"", ""난소화성말토덱스트린(고시형)"", ""치커리뿌리추출물분말"", ""α-시클로덱스트린"", ""과.채가공품""]"
20160634095509,베리랩스 칼마디 제로 구미,(주)에스디푸드,캔디류,2026-06-25,2026-07-04,zero,24,"[""정제수"", ""기타가공품"", ""향료"", ""글리세린지방산에스테르"", ""혼합제제"", ""글루콘산마그네슘"", ""향료"", ""효소처리스테비아"", ""황산망간"", ""구연산삼나트륨"", ""과.채가공품"", ""혼합제제"", ""비타민 K 혼합제제"", ""펙틴"", ""기타 식용유지가공품"", ""알룰로오스"", ""향료"", ""구연산"", ""제이인산마그네슘"", ""제삼인산칼슘"", ""구연산칼슘"", ""젤라틴"", ""폴리글리시톨시럽"", ""말티톨시럽""]"
19910490040242,베버시티 제로&디카페인 복숭아 아이스티,세미기업(주),액상차,2026-01-26,2026-01-28,zero,19,"[""정제수"", ""혼합제제"", ""혼합제제"", ""식품첨가물"", ""식품첨가물"", ""식품첨가물"", ""카라멜색소 Ⅳ"", ""식품첨가물"", ""당류가공품"", ""식품첨가물"", ""고형차"", ""과.채가공품"", ""식품첨가물"", ""식품첨가물"", ""식품첨가물"", ""식품첨가물"", ""향료"", ""혼합제제"", ""식품첨가물""]"
20000473050361,베베푸드 오가닉 순한김 제로,주식회사 광천김 제2공장,조미김,2020-09-01,2020-09-16,zero,1,"[""김""]"
2014009127230,베세토 제로 프리미엄,아키타이프 01,커피,2025-01-09,2025-01-17,zero,3,"[""볶은커피"", ""볶은커피"", ""볶은커피""]"
2015056068521,베세토 제로 프리미엄,주식회사 큐빈,커피,2019-04-08,2019-04-10,zero,4,"[""볶은커피"", ""볶은커피"", ""볶은커피"", ""볶은커피""]"
2022050431646,베세토제로 프리미엄,올인원랩,커피,2023-08-31,2023-09-08,zero,4,"[""커피원두"", ""커피원두"", ""커피원두"", ""커피원두""]"
2014056024182,베세토제로프리미엄디카페인,라그리마커피,커피,2025-05-26,2025-05-28,zero,1,"[""커피원두""]"
20170347016243,베오베 제로슈가 다크 체리 파우더,(주)베오베,당류가공품,2024-02-28,2024-03-01,zero,14,"[""과.채가공품"", ""향료"", ""구연산(무수)"", ""난소화성말토덱스트린(고시형)"", ""에리스리톨"", ""D-말티톨"", ""효소처리스테비아"", ""수크랄로스"", ""비트레드"", ""코치닐추출색소"", ""제삼인산칼슘"", ""정제소금"", ""혼합제제"", ""DL-사과산""]"
20170347016236,베오베 제로슈가 레몬 아이스티,(주)베오베,고형차,2024-02-27,2024-02-29,zero,11,"[""치자황색소"", ""수크랄로스"", ""고형차"", ""제삼인산칼슘"", ""제이인산칼륨"", ""과.채가공품"", ""비타민 C(고시형)"", ""향료"", ""구연산(무수)"", ""에리스리톨"", ""D-말티톨""]"
20170347016239,베오베 제로슈가 청사과 파우더,(주)베오베,당류가공품,2024-02-27,2024-03-05,zero,10,"[""D-말티톨"", ""에리스리톨"", ""구연산(무수)"", ""향료"", ""과.채가공품"", ""DL-사과산"", ""제삼인산칼슘"", ""수크랄로스"", ""향료"", ""혼합제제""]"
20170347016242,베오베 제로슈가 청포도 그린티 파우더,(주)베오베,당류가공품,2024-02-28,2024-03-05,zero,11,"[""D-말티톨"", ""에리스리톨"", ""과.채가공품"", ""향료"", ""구연산(무수)"", ""향료"", ""녹차추출물분말(고시형)"", ""비타민 C(고시형)"", ""제삼인산칼슘"", ""혼합제제"", ""수크랄로스""]"
20170347016240,베오베 제로슈가 초코파우더,(주)베오베,당류가공품,2024-02-27,2024-03-13,zero,11,"[""수크랄로스"", ""자당지방산에스테르"", ""제삼인산칼슘"", ""정제소금"", ""구아검"", ""변성전분"", ""향료"", ""코코아분말"", ""식물성크림"", ""코코아분말"", ""D-말티톨""]"
20170347016241,베오베 제로슈가 캐모마일릴렉서 파우더,(주)베오베,당류가공품,2024-02-27,2024-02-29,zero,14,"[""수크랄로스"", ""비트레드"", ""향료"", ""효소처리스테비아"", ""정제소금"", ""자당지방산에스테르"", ""DL-사과산"", ""기타가공품"", ""혼합제제"", ""D-말티톨"", ""에리스리톨"", ""난소화성말토덱스트린(고시형)"", ""기타가공품"", ""구연산(무수)""]"
20000380147274,별똥별제로,양우바이오 주식회사,기타가공품,2022-02-21,2025-08-25,zero,28,"[""계피"", ""볶은우엉"", ""난소화성말토덱스트린(고시형)"", ""차나무잎"", ""삼백초지상부"", ""건조약모밀지상부"", ""퉁퉁마디"", ""볶은뚱딴지덩이줄기"", ""알긴산나트륨"", ""서양자두농축분말"", ""청국장분말"", ""알로에농축액"", ""엽산"", ""생선콜라겐분말"", ""Aspergillus oryzae분말"", ""다시마추출액"", ""올리고당"", ""밀크씨슬"", ""건생강분말"", ""삼씨앗분말"", ""결명자분말"", ""찹쌀풀"", ""왕느릅나무껍질분말"", ""보리가루"", ""칡뿌리분말"", ""귀리분말"", ""질경이씨앗껍질분말"", ""히알루론산""]"
199104430101730,병-제로펫-올리고딸기시럽(P15),아그라나프루트코리아주식회사,기타잼,2016-12-06,2016-12-07,zero,6,"[""딸기농축과즙"", ""프락토올리고당"", ""결정과당"", ""합성착향료"", ""과채가공품"", ""정제수""]"
2022068328423,복베리 에너지 드링크 제로 (Bokberry  Energy Drink Zero),세븐브로이맥주 주식회사,탄산음료,2024-06-18,2025-06-24,zero,17,"[""정제수"", ""에리스리톨"", ""복분자농축액"", ""구연산"", ""구연산삼나트륨"", ""타우린"", ""카페인"", ""기타가공품"", ""수크랄로스"", ""비타민C"", ""아세설팜칼륨"", ""정제소금"", ""향료"", ""향료"", ""향료"", ""향료"", ""이산화탄소""]"
19940440030252,복숭아 아이스티 제로,(주)퓨럽,액상차,2026-03-18,2026-03-19,zero,10,"[""에리스리톨"", ""과.채가공품"", ""정제수"", ""덱스트린"", ""향료"", ""수크랄로스"", ""비타민C"", ""구연산"", ""구연산삼나트륨"", ""홍차추출분말""]"
20090449018603,복숭아 아이스티 제로,한국맥널티주식회사,액상차,2025-12-02,2025-12-05,zero,12,"[""정제수"", ""에리스리톨"", ""과.채가공품"", ""구연산"", ""향료"", ""고형차"", ""구연산삼나트륨"", ""향료"", ""비타민C"", ""수크랄로스"", ""기타가공품"", ""효소처리스테비아""]"
201005430661014,복숭아 아이스티 제로,오케이에프음료 주식회사,혼합음료,2022-05-03,2024-06-18,zero,12,"[""정제수"", ""에리스리톨"", ""홍차추출분말"", ""과.채가공품"", ""구연산"", ""혼합제제"", ""혼합제제"", ""혼합제제"", ""구연산삼나트륨"", ""비타민C"", ""수크랄로스"", ""스테비올배당체""]"
20190413079228,복숭아 아이스티 제로,동원시스템즈(주) 횡성사업장,액상차,2024-12-10,2024-12-11,zero,10,"[""수크랄로스"", ""구연산삼나트륨"", ""DL-사과산"", ""구연산"", ""과.채가공품"", ""홍차추출액"", ""정제수"", ""향료"", ""향료"", ""아세설팜칼륨""]"
20060372438614,복숭아 아이스티 제로,(주)꽃샘식품,액상차,2023-04-25,2023-05-03,zero,12,"[""정제수"", ""에리스리톨"", ""과.채가공품"", ""구연산"", ""향료"", ""고형차"", ""구연산삼나트륨"", ""향료"", ""비타민C"", ""수크랄로스"", ""기타가공품"", ""효소처리스테비아""]"
201102571531364,복숭아 아이스티원액 제로슈거,다솔푸드테크 주식회사,액상차,2025-05-07,2025-10-29,zero,13,"[""구연산삼나트륨"", ""에리스리톨"", ""정제수"", ""에틸말톨"", ""아세설팜칼륨"", ""잔탄검"", ""수크랄로스"", ""효소처리스테비아"", ""향료"", ""과.채가공품"", ""고형차"", ""DL-사과산"", ""구연산""]"
20190413079121,복숭아녹차제로,동원시스템즈(주) 횡성사업장,혼합음료,2022-04-28,2025-05-24,zero,11,"[""합성향료"", ""합성향료"", ""에리스리톨"", ""과.채가공품"", ""녹차농축액"", ""구연산"", ""비타민C"", ""락색소"", ""스테비올배당체"", ""수크랄로스"", ""정제수""]"
20110445029179,복숭아녹차제로,주식회사 퓨럽2공장,혼합음료,2023-06-07,2023-06-10,zero,11,"[""녹차농축액"", ""복숭아농축액"", ""에리스리톨"", ""정제수"", ""합성향료"", ""합성향료"", ""수크랄로스"", ""스테비올배당체"", ""락색소"", ""비타민C"", ""구연산""]"
20170275127344,복숭아아이스티 제로,주식회사 엔아이에프,음료베이스,2024-08-05,2025-01-21,zero,12,"[""자몽종자추출물"", ""당류가공품"", ""과.채가공품"", ""혼합제제"", ""정제수"", ""향료"", ""향료"", ""향료"", ""효소처리스테비아"", ""구연산"", ""DL-사과산"", ""홍차추출분말""]"
198904450141043,복숭아아이스티제로,태웅식품(주),혼합음료,2023-06-14,2023-07-12,zero,12,"[""수크랄로스"", ""에리스리톨"", ""홍차추출분말"", ""복숭아농축액"", ""복숭아향"", ""비타민C"", ""혼합제제"", ""구연산삼나트륨"", ""구연산"", ""효소처리스테비아"", ""홍차향"", ""정제수""]"
198904450141014,복숭아아이스티제로,태웅식품(주),혼합음료,2022-12-27,2024-09-12,zero,12,"[""복사나무열매농축액"", ""구연산"", ""에리스리톨"", ""홍차추출분말"", ""정제소금"", ""구연산삼나트륨"", ""수크랄로스"", ""아세설팜칼륨"", ""당시럽류"", ""복숭아향"", ""복숭아향"", ""정제수""]"
20090473152592,복숭아에이드 제로,(주)신성티엔에프,혼합음료,2023-01-16,2023-01-26,zero,11,"[""정제수"", ""에리스리톨"", ""구연산"", ""향료"", ""향료"", ""홍차추출분말"", ""수크랄로스"", ""아세설팜칼륨"", ""복숭아농축액"", ""정제소금"", ""당류가공품""]"
2021049806636,봉동수생강레몬청 제로,봉동들녘 농업회사법인 주식회사,액상차,2024-10-31,2024-11-02,zero,4,"[""생강"", ""알룰로오스"", ""정제수"", ""레몬주스""]"
2021049806635,봉동진생강레몬청 제로,봉동들녘 농업회사법인 주식회사,액상차,2024-10-24,2024-11-02,zero,4,"[""생강"", ""알룰로오스"", ""정제수"", ""레몬주스""]"
200201832821476,봉봉 석류 콜라겐 젤리 제로,(주)푸드웰,캔디류,2026-04-22,2026-04-28,zero,22,"[""젖산칼슘"", ""DL-사과산"", ""구연산(결정)"", ""정제수"", ""혼합제제"", ""에리스리톨"", ""알룰로오스"", ""석류농축액"", ""기타가공품"", ""효모추출물"", ""수크랄로스"", ""아세설팜칼륨"", ""스테비올배당체"", ""효소처리루틴"", ""구연산삼나트륨"", ""향료"", ""향료"", ""향료"", ""향료"", ""홍화황색소"", ""적양배추색소"", ""정제소금""]"
20190413079182,봉봉 아이스티 제로 복숭아,동원시스템즈(주) 횡성사업장,액상차,2024-01-30,2024-02-09,zero,14,"[""과.채가공품"", ""홍차추출액"", ""구연산(결정)"", ""구연산삼나트륨"", ""정제소금"", ""스테비올배당체"", ""수크랄로스"", ""아세설팜칼륨"", ""효소처리루틴"", ""향료"", ""향료"", ""향료"", ""향료"", ""정제수""]"
20190413079183,봉봉 아이스티 제로 자몽,동원시스템즈(주) 횡성사업장,액상차,2024-01-30,2024-02-09,zero,13,"[""과.채가공품"", ""홍차추출액"", ""구연산(결정)"", ""구연산삼나트륨"", ""비타민C"", ""나한과추출물분말"", ""수크랄로스"", ""아세설팜칼륨"", ""효소처리루틴"", ""향료"", ""향료"", ""향료"", ""정제수""]"
19800415004519,부르르 밀크소다 제로,(주)일화초정공장,탄산음료,2026-04-23,2026-07-04,zero,11,"[""정제수"", ""이산화탄소"", ""향료"", ""알룰로오스"", ""혼합분유"", ""두류가공품"", ""구연산"", ""젖산칼슘"", ""수크랄로스"", ""아세설팜칼륨"", ""기타가공품""]"
201005430661604,부르르 밀크소다 제로 망고파인애플,오케이에프음료 주식회사,탄산음료,2025-10-03,2025-10-14,zero,15,"[""파인애플농축액"", ""아세설팜칼륨"", ""수크랄로스"", ""젖산칼슘"", ""두류가공품"", ""구연산"", ""혼합분유"", ""알룰로오스"", ""이산화탄소"", ""정제수"", ""홍화황색소"", ""망고농축액"", ""향료"", ""향료"", ""향료""]"
19800415004485,부르르 밀크소다 제로 망고파인애플,(주)일화초정공장,탄산음료,2024-06-18,2024-06-19,zero,15,"[""구연산"", ""두류가공품"", ""젖산칼슘"", ""수크랄로스"", ""아세설팜칼륨"", ""과.채가공품"", ""과.채가공품"", ""향료"", ""향료"", ""향료"", ""홍화황색소"", ""이산화탄소"", ""정제수"", ""알룰로오스"", ""혼합분유""]"
201005430661605,부르르 밀크소다 제로 메론,오케이에프음료 주식회사,탄산음료,2025-10-03,2025-10-14,zero,16,"[""식용색소청색제1호"", ""식용색소황색제4호"", ""향료"", ""향료"", ""향료"", ""향료"", ""멜론농축액"", ""아세설팜칼륨"", ""수크랄로스"", ""젖산칼슘"", ""두류가공품"", ""구연산"", ""혼합분유"", ""알룰로오스"", ""이산화탄소"", ""정제수""]"
19800415004486,부르르 밀크소다 제로 메론,(주)일화초정공장,탄산음료,2024-06-18,2024-06-19,zero,16,"[""알룰로오스"", ""혼합분유"", ""구연산"", ""두류가공품"", ""젖산칼슘"", ""수크랄로스"", ""아세설팜칼륨"", ""과.채가공품"", ""향료"", ""향료"", ""향료"", ""향료"", ""식용색소황색제4호"", ""식용색소청색제1호"", ""이산화탄소"", ""정제수""]"
201005430661137,부르르 제로사이다,오케이에프음료 주식회사,탄산음료,2023-05-19,2023-05-26,zero,10,"[""정제수"", ""이산화탄소"", ""알룰로오스"", ""구연산"", ""난소화성말토덱스트린(고시형)"", ""향료"", ""향료"", ""수크랄로스"", ""아세설팜칼륨"", ""구연산삼나트륨""]"
19800415004392,부르르 제로사이다,(주)일화초정공장,탄산음료,2020-10-26,2023-06-01,zero,10,"[""정제수"", ""이산화탄소"", ""향료"", ""향료"", ""구연산삼나트륨"", ""아세설팜칼륨"", ""수크랄로스"", ""난소화성말토덱스트린(고시형)"", ""구연산"", ""알룰로오스""]"
201005430661606,부르르 제로사이다 자두,오케이에프음료 주식회사,탄산음료,2025-10-03,2025-10-14,zero,12,"[""향료"", ""향료"", ""향료"", ""천연향료"", ""구연산삼나트륨"", ""아세설팜칼륨"", ""수크랄로스"", ""난소화성말토덱스트린(고시형)"", ""구연산"", ""알룰로오스"", ""이산화탄소"", ""정제수""]"
19800415004483,부르르 제로사이다 자두,(주)일화초정공장,탄산음료,2024-10-16,2024-11-23,zero,12,"[""정제수"", ""이산화탄소"", ""향료"", ""향료"", ""향료"", ""천연향료"", ""구연산삼나트륨"", ""아세설팜칼륨"", ""수크랄로스"", ""난소화성말토덱스트린(고시형)"", ""구연산"", ""알룰로오스""]"
19800415004391,부르르 제로콜라,(주)일화초정공장,탄산음료,2020-10-26,2025-08-01,zero,10,"[""정제수"", ""이산화탄소"", ""카페인"", ""수크랄로스"", ""아세설팜칼륨"", ""인산"", ""구연산삼나트륨"", ""알룰로오스"", ""카라멜색소"", ""혼합제제""]"
19800415004481,부르르 제로콜라 레몬,(주)일화초정공장,탄산음료,2024-01-24,2026-04-29,zero,16,"[""정제수"", ""이산화탄소"", ""향료"", ""향료"", ""향료"", ""향료"", ""향료"", ""카페인"", ""카라멜색소 Ⅳ"", ""구연산삼나트륨"", ""구연산"", ""인산"", ""수크랄로스"", ""아세설팜칼륨"", ""알룰로오스"", ""혼합제제""]"
19800415004506,부르르 제로콜라 수박,(주)일화초정공장,탄산음료,2025-06-10,2025-06-12,zero,13,"[""구연산"", ""수크랄로스"", ""카라멜색소 Ⅳ"", ""인산"", ""혼합제제"", ""알룰로오스"", ""카페인"", ""아세설팜칼륨"", ""정제수"", ""이산화탄소"", ""향료"", ""향료"", ""천연향료""]"
19800415004474,부르르 제로콜라 체리,(주)일화초정공장,탄산음료,2023-07-26,2024-03-22,zero,12,"[""혼합제제"", ""알룰로오스"", ""아세설팜칼륨"", ""수크랄로스"", ""인산"", ""카페인"", ""식용색소적색제40호"", ""향료"", ""향료"", ""향료"", ""이산화탄소"", ""정제수""]"
19800415004433,부르르 제로콜라 카페인프리,(주)일화초정공장,탄산음료,2022-04-07,2024-07-24,zero,11,"[""혼합제제"", ""인산"", ""카라멜색소 Ⅳ"", ""구연산삼나트륨"", ""수크랄로스"", ""아세설팜칼륨"", ""합성향료"", ""천연향료"", ""이산화탄소"", ""정제수"", ""알룰로오스""]"
19800415004482,부르르 제로콜라 화이바 플러스,(주)일화초정공장,탄산음료,2024-01-17,2024-01-19,zero,13,"[""이산화탄소"", ""향료"", ""천연향료"", ""천연향료"", ""혼합제제"", ""카페인"", ""아세설팜칼륨"", ""수크랄로스"", ""구연산삼나트륨"", ""구연산"", ""인산"", ""난소화성말토덱스트린(고시형)"", ""정제수""]"
20170449030329,뷰티링 제로에이드,주식회사 코스팜,고형차,2022-05-11,2024-01-06,zero,18,"[""에리스리톨"", ""구연산(무수)"", ""향료"", ""과.채가공품"", ""DL-사과산"", ""비타민C"", ""수크랄로스"", ""건조효모"", ""생선콜라겐"", ""이산화규소"", ""타우린"", ""아미노산혼합제제"", ""비타민미네랄혼합제제"", ""과.채가공품"", ""효소식품"", ""히알루론산혼합제제"", ""엘라스틴가수분해물"", ""유단백농축분말""]"
20100543066983,뷰티슬림화이버 제로슈가,오케이에프음료 주식회사,혼합음료,2021-11-24,2023-11-04,zero,21,"[""비타민B12"", ""비타민B6염산염"", ""판토텐산칼슘"", ""염화마그네슘"", ""감귤추출물"", ""니코틴산아미드"", ""카로틴"", ""수크랄로스"", ""혼합제제"", ""구연산삼나트륨"", ""아세설팜칼륨"", ""L-알라닌"", ""L-아르지닌"", ""구연산"", ""향료"", ""향료"", ""비타민C"", ""난소화성말토덱스트린(고시형)"", ""정제수"", ""구연산칼륨"", ""글루콘산아연""]"
201005430661196,뷰티슬림화이버제로슈가,오케이에프음료 주식회사,혼합음료,2023-06-26,2023-11-04,zero,21,"[""정제수"", ""난소화성말토덱스트린(고시형)"", ""구연산"", ""비타민C"", ""향료"", ""향료"", ""L-아르지닌"", ""L-알라닌"", ""구연산삼나트륨"", ""혼합제제"", ""수크랄로스"", ""카로틴"", ""아세설팜칼륨"", ""니코틴산아미드"", ""감귤추출물"", ""염화마그네슘"", ""판토텐산칼슘"", ""비타민B6염산염"", ""글루콘산아연"", ""구연산칼륨"", ""비타민B12""]"
20100543066982,뷰티콜라겐 제로슈가,오케이에프음료 주식회사,혼합음료,2021-11-24,2025-08-29,zero,19,"[""혼합제제"", ""비타민B6염산염"", ""판토텐산칼슘"", ""니코틴산아미드"", ""히알루론산"", ""수크랄로스"", ""유화제"", ""코치닐추출색소"", ""적양배추색소"", ""아세설팜칼륨"", ""혼합제제"", ""알로에겔분말"", ""향료"", ""향료"", ""구연산"", ""기타가공품"", ""폴리덱스트로스"", ""정제수"", ""비타민B12""]"
201605630832,브로콜리새싹제로피피엠분말,농업회사법인 바이오새싹 주식회사,과.채가공품,2019-04-29,2019-04-30,zero,1,"[""브로콜리싹""]"
2013001705529,브롱스 크래프트 제로,농업회사법인 대한주조 주식회사,기타 주류,2023-06-22,2023-06-22,zero,6,"[""정제수"", ""소주"", ""청주"", ""효소처리스테비아"", ""에리스리톨"", ""글리신""]"
20170347016200,브루다 제로슈가 복숭아 아이스티,(주)베오베,고형차,2023-05-03,2023-05-09,zero,9,"[""에리스리톨"", ""구연산"", ""고형차"", ""향료"", ""카라멜색소 I"", ""과.채가공품"", ""DL-사과산"", ""비타민 C(고시형)"", ""수크랄로스""]"
20170474063120,브이:제로,대원헬스케어주식회사2공장,캔디류,2022-10-24,2023-02-23,zero,11,"[""결정셀룰로스"", ""포도당"", ""파인애플추출분말"", ""염화칼륨"", ""녹차가루"", ""스테아린산마그네슘"", ""이산화규소"", ""서양호박분말"", ""파파인"", ""히드록시프로필메틸셀룰로스"", ""케르세틴""]"
20100543066977,브이톡 제로 레몬에이드,오케이에프음료 주식회사,탄산음료,2021-11-04,2023-11-04,zero,19,"[""레몬농축액"", ""아세설팜칼륨"", ""수크랄로스"", ""안식향산나트륨"", ""정제소금"", ""천연향료"", ""주정"", ""가공유지"", ""아라비아검"", ""글리세린"", ""향료"", ""향료"", ""향료"", ""구연산"", ""이산화탄소"", ""에리스리톨"", ""정제수"", ""유화제"", ""D-소르비톨액""]"
20190575042203,브이톡 제로 복숭아티 에이드,튤립인터내셔널(주),탄산음료,2023-05-24,2023-05-27,zero,13,"[""구연산(결정)"", ""에리스리톨"", ""복숭아농축액"", ""홍차추출분말"", ""정제소금"", ""수크랄로스"", ""아세설팜칼륨"", ""안식향산나트륨"", ""당류가공품"", ""향료"", ""향료"", ""이산화탄소"", ""정제수""]"
201005430661089,브이톡 제로 복숭아티 에이드,오케이에프음료 주식회사,탄산음료,2022-11-15,2023-07-04,zero,12,"[""안식향산나트륨"", ""당류가공품"", ""수크랄로스"", ""아세설팜칼륨"", ""정제소금"", ""향료"", ""홍차추출분말"", ""복숭아농축액"", ""구연산"", ""이산화탄소"", ""에리스리톨"", ""정제수""]"
2018026931910,블랙라벨 제로코프,플라잉더치,커피,2022-12-15,2022-12-21,zero,3,"[""코코넛추출오일"", ""정제수"", ""볶은커피원두""]"
2016036864154,블렌드 제로,(주)커피짓는사람들,커피,2017-12-27,2018-01-06,zero,3,"[""커피원두"", ""커피원두"", ""커피원두""]"
2002046107315887,블루샥 제로슈거 바닐라향시럽,(주)동원홈푸드,당류가공품,2025-05-02,2025-05-03,zero,8,"[""정제수"", ""자일리톨"", ""혼합제제"", ""소브산칼륨"", ""수크랄로스"", ""카라멜색소 Ⅳ"", ""혼합제제"", ""D-말티톨""]"
2022046124621,블링 제로(Bling Zero),주식회사 부족한녀석들 1공장,탄산음료,2025-11-13,2025-11-14,zero,7,"[""효모"", ""염화칼슘"", ""호프펠렛"", ""미역추출물"", ""이산화탄소"", ""맥아"", ""정제수""]"
201005430661414,블링부스터 위글위글 스파클링제로버블 레몬맛,오케이에프음료 주식회사,탄산음료,2024-11-08,2025-11-15,zero,10,"[""정제수"", ""이산화탄소"", ""레몬농축액"", ""구연산"", ""향료"", ""아세설팜칼륨"", ""아스파탐"", ""향료"", ""수크랄로스"", ""향료""]"
201005430661415,블링부스터 위글위글 스파클링제로버블 수박맛,오케이에프음료 주식회사,탄산음료,2024-11-11,2025-11-15,zero,10,"[""향료"", ""수크랄로스"", ""정제수"", ""이산화탄소"", ""향료"", ""수박농축액"", ""구연산"", ""아세설팜칼륨"", ""아스파탐"", ""향료""]"
201005430661416,블링부스터 위글위글 스파클링제로버블 알로에맛,오케이에프음료 주식회사,탄산음료,2024-11-11,2025-11-15,zero,10,"[""향료"", ""수크랄로스"", ""향료"", ""아스파탐"", ""아세설팜칼륨"", ""향료"", ""구연산"", ""이산화탄소"", ""과.채가공품"", ""정제수""]"
201005430661417,블링부스터 위글위글 스파클링제로버블 애플망고맛,오케이에프음료 주식회사,탄산음료,2024-11-12,2025-11-15,zero,12,"[""천연향료"", ""천연향료"", ""천연향료"", ""아스파탐"", ""아세설팜칼륨"", ""과.채가공품"", ""구연산"", ""향료"", ""향료"", ""이산화탄소"", ""정제수"", ""수크랄로스""]"
20180379618354,비디엑스-제로+1,(주)세종바이오팜,기타가공품,2022-10-11,2022-10-26,zero,2,"[""포도당"", ""기타가공품""]"
20190413079292,비락수정과 제로,동원시스템즈(주) 횡성사업장,액상차,2025-12-30,2026-01-14,zero,8,"[""정제수"", ""스테비올배당체"", ""수크랄로스"", ""나한과추출물분말"", ""정제소금"", ""계피추출액"", ""에리스리톨"", ""생강추출액""]"
1992044300378,비락식혜 제로,(주)팔도,혼합음료,2024-02-20,2024-02-22,zero,8,"[""엿기름당화액"", ""정제수"", ""아세설팜칼륨"", ""수크랄로스"", ""효소처리스테비아"", ""생강추출액"", ""밥류"", ""에리스리톨""]"
20230609874282,비문제로-07,(주)뉴트리션바이오,기타가공품,2025-06-23,2026-01-03,zero,14,"[""산화마그네슘"", ""산화아연"", ""과.채가공품"", ""기타가공품"", ""기타가공품"", ""과.채가공품"", ""과.채가공품"", ""과.채가공품"", ""과.채가공품"", ""기타 농산가공품"", ""과.채가공품"", ""과.채가공품"", ""비타민C"", ""과.채가공품""]"
201904910193,비브이제로,(주)프레이바이오,혼합제제와기구등의살균소독제,2024-09-28,2024-10-17,zero,2,"[""정제수"", ""차아염소산나트륨(살균소독제)""]"
19950355316319,비앤비 프로폴리스 캔디 제로,한울식품,캔디류,2024-12-18,2024-12-24,zero,8,"[""향료"", ""l-멘톨"", ""프로폴리스"", ""향료"", ""자일리톨"", ""이소말트"", ""향료"", ""향료""]"
202000560666,비에프제로원365,미라클바이오주식회사,기타가공품,2020-02-09,2020-02-14,zero,30,"[""익모초분말"", ""질경이잎"", ""양파껍질"", ""두충수피"", ""보스웰리아분말"", ""우엉뿌리"", ""보리순"", ""핑거루트뿌리"", ""브라질넛견과"", ""노니열매"", ""잇꽃씨앗"", ""옥수수수염"", ""천마뿌리"", ""계피껍질"", ""동"", ""식물성 바이오 미네랄"", ""뽕나무잎"", ""칡뿌리"", ""엿기름"", ""구연산"", ""밤속껍질"", ""녹차가루"", ""참당귀뿌리"", ""독활뿌리"", ""쇠무릅뿌리"", ""황기뿌리"", ""한속단뿌리"", ""율무씨앗"", ""돌외잎"", ""약모밀분말""]"
2023063476323,비엘피 제로 셋,주식회사메디스턴,기타가공품,2024-10-02,2025-08-19,zero,23,"[""자일리톨"", ""카복시메틸셀룰로스칼슘"", ""글리세린"", ""폴리소르베이트80"", ""기타가공품"", ""향료"", ""히드록시프로필메틸셀룰로스"", ""변성전분"", ""효소처리스테비아"", ""구연산(무수)"", ""시클로덱스트린시럽"", ""β-시클로덱스트린"", ""향료"", ""당류가공품"", ""과.채가공품"", ""기타가공품"", ""풀루란"", ""기타 농산가공품"", ""과.채가공품"", ""당류가공품"", ""아스파탐"", ""정제수"", ""바나바잎 추출물(고시형)""]"
20170449030207,비타글루 제로 에이드,주식회사 코스팜,고형차,2021-04-08,2024-04-04,zero,17,"[""아미노산혼합제제"", ""이산화규소"", ""수크랄로스"", ""효모추출물제품"", ""비타민C"", ""DL-사과산"", ""과.채가공품"", ""향료"", ""구연산(무수)"", ""에리스리톨"", ""유단백농축분말"", ""과.채가공품"", ""타우린"", ""히알루론산혼합제제"", ""엘라스틴가수분해물"", ""효소식품"", ""비타민미네랄혼합제제""]"
20140443099541,비타잘크톤 뮤 제로,(주)휴온스엔,혼합음료,2025-04-09,2025-04-12,zero,11,"[""정제수"", ""에리스리톨"", ""젖산칼슘"", ""구연산"", ""사이다향"", ""황산마그네슘"", ""황금추출물"", ""구연산삼나트륨"", ""수크랄로스"", ""분말비타민D3혼합제제"", ""비타민B6염산염""]"
20140443099540,비타잘크톤 피카츄 제로,(주)휴온스엔,혼합음료,2025-04-09,2025-04-12,zero,11,"[""비타민B6염산염"", ""산화아연"", ""자일리톨"", ""수크랄로스"", ""구연산삼나트륨"", ""황금추출물"", ""천연사과향"", ""구연산"", ""젖산칼슘"", ""에리스리톨"", ""정제수""]"
2015041501398,비타홍제로,(주)바른음료,혼합음료,2025-12-12,2025-12-13,zero,12,"[""홍삼농축액"", ""정제수"", ""효소처리스테비아"", ""혼합과일향"", ""비타민B2"", ""구연산(결정)"", ""판토텐산칼슘"", ""구연산삼나트륨"", ""정제소금"", ""비타민C"", ""타우린"", ""수크랄로스""]"
202003844179,비토700 제로,비토바이오 농업회사법인 주식회사,기타발효음료,2024-04-05,2026-02-01,zero,15,"[""노니열매"", ""인삼"", ""바나바잎 추출물(고시형)"", ""여주추출물"", ""상황버섯추출물(고시형)"", ""건조차가버섯"", ""바위솔지상부"", ""알로에(고시형)"", ""민들레뿌리"", ""생강"", ""산이질풀잎"", ""복령균핵발효액"", ""강황발효추출물"", ""불로초자실체농축액"", ""식품첨가물혼합제제""]"
200201832821227,빅 뽀로로 제로 딸기맛,(주)푸드웰,혼합음료,2024-05-31,2025-11-18,zero,19,"[""탈지분유"", ""딸기농축액"", ""두류가공품"", ""혼합제제"", ""구연산(무수)"", ""구연산삼나트륨"", ""젖산칼슘"", ""비타민B1염산염"", ""비타민D3혼합제제"", ""정제수"", ""향료제제"", ""향료"", ""향료"", ""나한과추출물분말"", ""난소화성말토덱스트린(고시형)"", ""에리스리톨"", ""수크랄로스"", ""효소처리스테비아"", ""정제소금""]"
200201832821228,빅 뽀로로 제로 밀크맛,(주)푸드웰,혼합음료,2024-05-28,2025-11-18,zero,18,"[""비타민D3혼합제제"", ""비타민B1염산염"", ""젖산칼슘"", ""구연산삼나트륨"", ""구연산(무수)"", ""혼합제제"", ""두류가공품"", ""탈지분유"", ""정제수"", ""향료"", ""향료"", ""향료"", ""나한과추출물분말"", ""난소화성말토덱스트린(고시형)"", ""에리스리톨"", ""수크랄로스"", ""효소처리스테비아"", ""정제소금""]"
19820607004109,빙그레 제로 아이스티 복숭아,(주)빙그레,액상차,2026-02-10,2026-02-11,zero,10,"[""에리스리톨"", ""수크랄로스"", ""효소처리스테비아"", ""구연산"", ""구연산삼나트륨"", ""홍차엑기스분말"", ""복사나무열매농축액"", ""합성향료"", ""합성향료"", ""정제수""]"
19820607004110,빙그레 제로 아이스티 샤인머스캣,(주)빙그레,액상차,2026-02-10,2026-02-11,zero,11,"[""에리스리톨"", ""수크랄로스"", ""효소처리스테비아"", ""구연산"", ""구연산삼나트륨"", ""홍차엑기스분말"", ""청포도농축액"", ""합성향료"", ""합성향료"", ""향료제제"", ""정제수""]"
20200016222290,빛나리 제로슈가 (전량 수출용 16%),고려원 주식회사 농업회사법인,기타 주류,2025-03-14,2025-10-30,zero,4,"[""정제수"", ""주정"", ""수크랄로스"", ""과실주""]"
200004490351004,빽다방 아샷추 제로,(주)쟈뎅,커피,2026-04-27,2026-06-02,zero,8,"[""고형차"", ""과.채가공품"", ""향료"", ""수크랄로스"", ""향료제제"", ""구연산(무수)"", ""커피"", ""에리스리톨""]"
19920624042917,사과좋아! 말랑 스파클링 제로,(주)상일,탄산음료,2023-08-08,2024-01-19,zero,10,"[""정제수"", ""이산화탄소"", ""알룰로오스"", ""향료"", ""천연향료"", ""DL-사과산"", ""비타민C"", ""구연산삼나트륨"", ""수크랄로스"", ""스테비올배당체""]"
19800415004450,사이다 제로,(주)일화초정공장,탄산음료,2023-01-06,2023-01-10,zero,9,"[""정제수"", ""이산화탄소"", ""천연향료"", ""천연향료"", ""천연향료"", ""아세설팜칼륨"", ""수크랄로스"", ""구연산"", ""에리스리톨""]"
20100543066965,사이다스파클링 제로,오케이에프음료 주식회사,탄산음료,2021-08-11,2021-12-17,zero,9,"[""수크랄로스"", ""아세설팜칼륨"", ""천연향료"", ""구연산삼나트륨"", ""합성향료"", ""합성향료"", ""구연산"", ""이산화탄소"", ""정제수""]"
19940440030231,산사제로,(주)퓨럽,혼합음료,2025-11-24,2025-11-25,zero,12,"[""젖산칼슘"", ""젤란검"", ""아세설팜칼륨"", ""수크랄로스"", ""향료"", ""향료"", ""구연산"", ""구연산삼나트륨"", ""산사나무열매"", ""과.채가공품"", ""에리스리톨"", ""정제수""]"
2013056042343,살균제로,(주)씨엔지,차아염소산수,2025-12-12,2025-12-19,zero,2,"[""정제수"", ""차아염소산수""]"
20070309132917,삼성 당제로 알부민 플러스,(주)코리아화인에프티,혼합음료,2026-01-30,2026-02-03,zero,29,"[""기타가공품"", ""구연산삼나트륨"", ""향료"", ""드링크향"", ""카라멜색소 Ⅲ"", ""생선콜라겐"", ""사과향"", ""DL-사과산"", ""비타민C"", ""L-아르지닌"", ""타우린"", ""정제수"", ""혼합음료"", ""비타민B2"", ""다시마농축액"", ""향료"", ""과라나추출물분말"", ""마카추출분말"", ""글루콘산아연"", ""L-테아닌(고시형)"", ""L-글루탐산나트륨"", ""비타민B6염산염"", ""비타민B1염산염"", ""기타가공품"", ""초유단백분말"", ""타히보차추출물"", ""아세설팜칼륨"", ""수크랄로스"", ""비타민B12""]"
19850449001124,삼육두유 제로슈거,삼육식품,가공두유,2023-12-19,2025-12-19,zero,15,"[""향료"", ""글리세린지방산에스테르"", ""정제소금"", ""땅콩 또는 견과류가공품"", ""땅콩 또는 견과류가공품"", ""옥수수기름(옥배유)"", ""당류가공품"", ""원액두유"", ""향료"", ""혼합제제"", ""잔탄검"", ""정제수"", ""식품첨가물혼합제제"", ""탄산칼슘"", ""효소처리스테비아""]"
20010415034742,새로구미 제로슈거,국제제과(주),캔디류,2023-08-11,2023-08-12,zero,15,"[""말티톨시럽"", ""젤라틴"", ""구연산"", ""자일리톨"", ""향료"", ""펙틴"", ""기타 식용유지가공품"", ""DL-사과산"", ""구연산삼나트륨"", ""효소처리스테비아"", ""과.채가공품"", ""글리세린지방산에스테르"", ""치자청색소"", ""천연향료"", ""혼합제제""]"
20080360126174,생강차 제로,주식회사 송원식품,고형차,2024-07-16,2025-09-16,zero,11,"[""에리스리톨"", ""생강엑기스분말"", ""아몬드"", ""호두"", ""정제소금"", ""대추슬라이스"", ""대추농축분말"", ""이산화규소"", ""효소처리스테비아"", ""구연산"", ""수크랄로스""]"
20080509087223,생강차 제로슈거,주식회사 담터에프엔비,고형차,2026-06-08,2026-07-01,zero,12,"[""스테비올배당체"", ""식품첨가물혼합제제"", ""에리스리톨"", ""난소화성말토덱스트린(고시형)"", ""기타 농산가공품"", ""호두분태"", ""아몬드분태"", ""볶은해바라기씨앗"", ""기타 농산가공품"", ""정제소금"", ""구연산(무수)"", ""수크랄로스""]"
1984046401438,생귤탱귤 제로 감귤,(주)빙그레,빙과,2024-05-13,2026-04-18,zero,13,"[""비트레드"", ""향료"", ""카로틴"", ""식품첨가물혼합제제"", ""식품첨가물혼합제제"", ""제이인산암모늄"", ""향료"", ""구연산"", ""에리스리톨"", ""알룰로오스"", ""정제수"", ""향료"", ""수크랄로스""]"
2017055519225,생생제로티,크라운식품,액상차,2021-12-06,2022-01-11,zero,5,"[""정제수"", ""자몽종자추출물"", ""비타민C"", ""효소처리스테비아"", ""식물혼합추출액""]"
200704431101166,샤인머스캣 그린티 제로,(주)삼양패키징광혜원공장,액상차,2026-07-05,2026-07-14,zero,14,"[""에리스리톨"", ""액상차"", ""향료"", ""구연산"", ""향료"", ""과.채가공품"", ""향료"", ""구연산삼나트륨"", ""비타민C"", ""향료"", ""아세설팜칼륨"", ""수크랄로스"", ""홍차추출분말"", ""정제수""]"
20000614238675,샤인머스캣에이드제로(ZERO SHINE MUSCAT ADE),(주)바이오포트코리아,혼합음료,2026-01-05,2026-01-07,zero,11,"[""정제수"", ""식용색소청색제1호"", ""식용색소황색제4호"", ""향료"", ""구연산삼나트륨"", ""비타민C"", ""구연산"", ""아세설팜칼륨"", ""수크랄로스"", ""에리스리톨"", ""과.채가공품""]"
1997061704836,샤인제로핏,부산경남우유협동조합,혼합음료,2025-05-07,2025-05-09,zero,12,"[""수크랄로스"", ""아세설팜칼륨"", ""탈지분유"", ""구연산삼나트륨"", ""효소처리스테비아"", ""향료"", ""과.채가공품"", ""향료"", ""구연산"", ""과.채가공품"", ""에리스리톨"", ""정제수""]"
20070463028126,서산갯마을 생강차 제로,김정규 자연건강 영농조합법인,액상차,2024-12-23,2024-12-31,zero,2,"[""알룰로오스"", ""생강""]"
19940484239276,서주 탱글탱글 제로 사과맛,서주푸드 주식회사,캔디류,2024-12-09,2024-12-11,zero,22,"[""젤란검"", ""난소화성말토덱스트린(고시형)"", ""D-소비톨액"", ""D-말티톨"", ""정제수"", ""말티톨시럽"", ""기타가공품"", ""과.채가공품"", ""펙틴"", ""로커스트콩검"", ""잔탄검"", ""사과농축액"", ""아세설팜칼륨"", ""유화제"", ""과.채가공품"", ""효소처리스테비아"", ""기타 식용유지가공품"", ""젖산칼슘"", ""산도조절제"", ""산도조절제"", ""산도조절제"", ""향료""]"
19940484239289,서주 허쉬 제로슈가초코와플,서주푸드 주식회사,과자,2025-11-15,2025-11-19,zero,16,"[""아세설팜칼륨"", ""바닐린"", ""수크랄로스"", ""산도조절제"", ""레시틴"", ""혼합제제"", ""향료"", ""정제소금"", ""가공버터"", ""코코아분말"", ""코코아분말"", ""전란액"", ""정제수"", ""쇼트닝"", ""D-말티톨"", ""밀가루""]"
20130020034102,선양 리치 제로,㈜선양소주,일반증류주,2026-01-23,2026-02-02,zero,9,"[""효소처리스테비아"", ""아세설팜칼륨"", ""스테비올배당체"", ""DL-사과산"", ""구연산(무수)"", ""향료"", ""리치농축"", ""주정"", ""정제수""]"
202306232201,설탕제로 눈꽃스테비아,(주)유디바이오,혼합제제,2023-07-18,2023-09-01,zero,2,"[""에리스리톨"", ""효소처리스테비아""]"
2017043304015,설탕제로 스테비아,(주)산지,혼합제제,2024-05-30,2024-06-05,zero,2,"[""효소처리스테비아"", ""에리스리톨""]"
202206261762,설탕제로 스테비아 에리스리톨,주식회사 새롬푸드테크 농업회사법인,혼합제제,2026-04-08,2026-04-10,zero,2,"[""에리스리톨"", ""효소처리스테비아""]"
20190456640417,설탕제로 알룰로스,주식회사새롬웰푸드,당류가공품,2026-02-25,2026-02-27,zero,4,"[""당류가공품"", ""스테비올배당체"", ""과.채가공품"", ""아라비아검""]"
20170333328230,설탕제로 알룰로스,자연농장,당류가공품,2023-11-03,2023-11-07,zero,3,"[""스테비올배당체"", ""나한과분말"", ""알룰로오스""]"
202302571239,성수동 제로 알룰로스,(주)벨슨,당류가공품,2025-08-06,2026-07-01,zero,2,"[""나한과추출물분말"", ""알룰로오스""]"
200903550827,세균더블제로,네오케미칼제2공장,기구등의 살균·소독제,2015-01-29,2019-09-17,zero,4,"[""염화알킬(C12-C18)벤질디메틸 암모늄"", ""염화디알킬 디메틸 암모늄염"", ""에탄올"", ""정제수""]"
2013031126521,세균제로 살균소독제,금성이엔씨(주),혼합제제,2021-05-04,2021-12-21,zero,2,"[""과산화초산"", ""정제수""]"
2013031126517,세균제로플러스,금성이엔씨(주),과산화초산,2020-03-11,2021-01-28,zero,4,"[""정제수"", ""(1-하이드록시에틸리덴) 비스포스포닉산"", ""과산화수소"", ""초산""]"
19920624042958,세네 에너지 제로슈거 자몽,(주)상일,탄산음료,2025-07-24,2025-07-25,zero,18,"[""구연산"", ""이산화탄소"", ""에리스리톨"", ""정제수"", ""타우린"", ""기타 농산가공품"", ""L-카르니틴"", ""수크랄로스"", ""아세설팜칼륨"", ""향료"", ""혼합제제"", ""정제소금"", ""혼합제제"", ""비타민C"", ""L-아르지닌"", ""향료"", ""향료"", ""향료""]"
20220683125230,세비아 알로에 베라 드링크 배 과즙함유 슈가제로(내수용),(유)삼각에프엠씨 웰빙랜드,혼합음료,2024-10-31,2024-11-06,zero,10,"[""과.채가공품"", ""과.채가공품"", ""구연산"", ""구연산삼나트륨"", ""젖산칼슘"", ""수크랄로스"", ""젤란검"", ""향료"", ""향료"", ""정제수""]"
20220683125228,세비아 알로에 베라 드링크 복숭아 과즙함유 슈가제로(내수용),(유)삼각에프엠씨 웰빙랜드,혼합음료,2024-10-31,2024-11-06,zero,12,"[""과.채가공품"", ""과.채가공품"", ""구연산"", ""구연산삼나트륨"", ""젖산칼슘"", ""수크랄로스"", ""젤란검"", ""식용색소적색제40호"", ""식용색소황색제4호"", ""향료"", ""향료"", ""정제수""]"
20220683125229,세비아 알로에 베라 드링크 수박 과즙함유 슈가제로(내수용),(유)삼각에프엠씨 웰빙랜드,혼합음료,2024-10-31,2024-11-06,zero,11,"[""과.채가공품"", ""과.채가공품"", ""구연산"", ""구연산삼나트륨"", ""젖산칼슘"", ""수크랄로스"", ""젤란검"", ""식용색소적색제40호"", ""혼합제제"", ""향료"", ""정제수""]"
20170449030679,셀브리오 알파CD 제로포뮬러,주식회사 코스팜,기타가공품,2025-09-25,2025-09-27,zero,10,"[""향료"", ""난소화성말토덱스트린(고시형)"", ""α-시클로덱스트린"", ""이소말트"", ""이산화규소"", ""DL-사과산"", ""효소처리스테비아"", ""구연산(무수)"", ""과.채가공품"", ""수크랄로스""]"
2022023343238,소등 제로 액상 시럽,주식회사 레비테이트,음료베이스,2024-10-25,2024-10-26,zero,18,"[""정제수"", ""기타과당"", ""천연블루베리향"", ""천연향료"", ""합성향료"", ""적양배추색소"", ""치자청색소"", ""블루베리잎"", ""침출차"", ""과채주스"", ""수크랄로스"", ""STEVIOSIDE 스테비오사이드"", ""DL-사과산"", ""구연산"", ""안식향산나트륨"", ""L-아르지닌"", ""타우린"", ""바나바추출물분말""]"
2019020023864,소블링 디카페인 바닐라빈 에스프레소 제로슈거,주식회사소블링 송도제1공장,커피,2021-09-15,2021-09-24,zero,3,"[""커피원두추출액"", ""바닐라빈"", ""수크랄로스""]"
2019020023863,소블링 디카페인 에스프레소 제로슈거,주식회사소블링 송도제1공장,커피,2021-09-15,2021-09-24,zero,2,"[""커피원두추출액"", ""수크랄로스""]"
2019020023836,소블링 바닐라빈 시럽 제로슈거,주식회사소블링 송도제1공장,당류가공품,2021-10-30,2021-11-09,zero,4,"[""수크랄로스"", ""바닐라빈"", ""커피원두추출액"", ""정제수""]"
2019020023862,소블링 바닐라빈 에스프레소 다크 제로슈거,주식회사소블링 송도제1공장,커피,2021-09-15,2021-09-24,zero,3,"[""커피원두추출액"", ""바닐라빈"", ""수크랄로스""]"
2019020023861,소블링 에스프레소 다크 제로슈거,주식회사소블링 송도제1공장,커피,2021-09-15,2021-09-24,zero,2,"[""커피원두추출액"", ""수크랄로스""]"
2014027503714,소적두 제로슈가 팥잼,(주)소적두 농업회사법인,조림류,2016-12-06,2021-10-16,zero,4,"[""에리스리톨"", ""나한과농축액분말"", ""기타소금"", ""붉은팥""]"
202302571238,소중한밥상 제로슈가 알룰로스,(주)벨슨,당류가공품,2025-06-26,2026-07-01,zero,2,"[""알룰로오스"", ""나한과추출물분말""]"
19930242053470,소프트소다 딸기 제로,롯데칠성음료(주),탄산음료,2024-04-04,2024-04-10,zero,10,"[""수크랄로스"", ""아세설팜칼륨"", ""구연산삼나트륨"", ""알룰로오스"", ""구연산"", ""정제수"", ""이산화탄소"", ""향료"", ""향료"", ""효소처리루틴""]"
19930242053471,소프트소다 복숭아 제로,롯데칠성음료(주),탄산음료,2024-04-04,2024-04-10,zero,10,"[""정제수"", ""이산화탄소"", ""향료"", ""향료"", ""효소처리루틴"", ""수크랄로스"", ""아세설팜칼륨"", ""구연산삼나트륨"", ""구연산"", ""알룰로오스""]"
20190575042311,소프트워터 복숭아제로,튤립인터내셔널(주),혼합음료,2025-10-10,2025-10-21,zero,10,"[""정제수"", ""에리스리톨"", ""구연산(결정)"", ""향료"", ""과.채가공품"", ""구연산삼나트륨"", ""수크랄로스"", ""아세설팜칼륨"", ""스테비올배당체"", ""히알루론산""]"
19960458039750,소프트워터 복숭아제로,웅진식품(주),혼합음료,2025-10-14,2025-10-28,zero,10,"[""정제수"", ""에리스리톨"", ""구연산"", ""향료"", ""과.채가공품"", ""구연산삼나트륨"", ""히알루론산"", ""수크랄로스"", ""아세설팜칼륨"", ""스테비올배당체""]"
20190575042312,소프트워터 청포도제로,튤립인터내셔널(주),혼합음료,2025-10-10,2025-10-21,zero,11,"[""정제수"", ""에리스리톨"", ""과.채가공품"", ""구연산(결정)"", ""향료"", ""향료"", ""구연산삼나트륨"", ""수크랄로스"", ""아세설팜칼륨"", ""스테비올배당체"", ""산화아연""]"
19960458039751,소프트워터 청포도제로,웅진식품(주),혼합음료,2025-10-17,2025-10-29,zero,11,"[""스테비올배당체"", ""아세설팜칼륨"", ""수크랄로스"", ""구연산삼나트륨"", ""향료"", ""향료"", ""구연산"", ""청포도농축액"", ""에리스리톨"", ""정제수"", ""산화아연""]"
20080481290132,송슈슈 제로슈가 복숭아 아이스티 티베이스,코비스,액상차,2024-09-30,2024-10-23,zero,9,"[""DL-사과산"", ""나한과추출물분말"", ""효소처리스테비아"", ""홍차추출분말"", ""구연산(무수)"", ""복숭아향"", ""복사나무열매과즙분말"", ""알룰로오스"", ""홍차추출액""]"
20220098201156,수제로 하나씩 튀긴 바삭새우튀김,어스메이드,기타 수산물가공품,2023-06-27,2023-06-28,zero,4,"[""기타 수산물가공품"", ""곡류가공품"", ""정제수"", ""콩기름(대두유)""]"
2009049702510,수제로스팅 원두커피,긴물찻집,커피,2013-09-03,2024-01-17,zero,1,"[""커피원두""]"
20190491135199,숙취 제로 샷,(주)프롬바이오 익산공장,액상차,2025-11-12,2026-02-14,zero,17,"[""잔탄검"", ""효소처리스테비아"", ""판토텐산칼슘"", ""비타민B1염산염"", ""비타민B2"", ""기타가공품"", ""강황추출물분말"", ""구연산"", ""액상차"", ""정제수"", ""타우린"", ""난소화성말토덱스트린(고시형)"", ""배농축액"", ""사양벌꿀"", ""이소말토올리고당"", ""헛개나무열매추출농축액"", ""사과농축액""]"
2009033300343,숙취제로 Q,(주)다모에프엔비,기타가공품,2022-05-11,2022-05-14,zero,7,"[""사철쑥"", ""박하지상부"", ""구기자나무열매"", ""아스파라거스순"", ""오리나무추출액"", ""엉겅퀴"", ""차가버섯자실체""]"
2009033300328,숙취제로(HANGOVER-ZERO),(주)다모에프엔비,기타가공품,2016-05-20,2016-07-06,zero,14,"[""헛개나무열매"", ""오리나무추출액"", ""아스파라거스어린순"", ""구기자나무열매"", ""박하지상부"", ""사철쑥"", ""차가버섯자실체"", ""표고버섯"", ""미역"", ""파래"", ""다시마"", ""맥문동뿌리"", ""김"", ""곰솔잎""]"
2014020910288,순양푸드 제로슈거 요거트 파우더,신우식품 주식회사,기타가공품,2025-09-04,2026-07-01,zero,11,"[""유단백분말"", ""구연산(무수)"", ""당류가공품"", ""덱스트린"", ""에리스리톨"", ""구아검"", ""수크랄로스"", ""이산화규소"", ""향료"", ""과.채가공품"", ""향료""]"
20050518017128,순작 제로밤마차 베이스,서광식품영농조합법인,고형차,2024-11-26,2026-07-01,zero,7,"[""당류가공품"", ""옥수수가루"", ""쌀가루"", ""건조감자분말"", ""고형차"", ""알룰로오스"", ""식물성크림""]"
20080332594152,쉐프앤클릭 제로 복숭아 아이스티,(주)스위트컵,음료베이스,2025-09-25,2025-09-27,zero,10,"[""에리스리톨"", ""구연산"", ""향료제제"", ""비타민C"", ""홍차추출분말"", ""과.채가공품"", ""효소처리스테비아"", ""이산화규소"", ""구연산삼나트륨"", ""수크랄로스""]"
201005430661362,슈가로로 구름소다 제로,오케이에프음료 주식회사,탄산음료,2024-06-20,2024-12-17,zero,12,"[""정제수"", ""이산화탄소"", ""에리스리톨"", ""향료"", ""향료"", ""향료"", ""향료"", ""효소처리스테비아"", ""구연산"", ""구연산삼나트륨"", ""수크랄로스"", ""아세설팜칼륨""]"
201005430661345,슈가로로 메론소다 제로,오케이에프음료 주식회사,탄산음료,2024-05-09,2024-05-14,zero,9,"[""정제수"", ""이산화탄소"", ""에리스리톨"", ""향료"", ""향료"", ""스테비올배당체"", ""구연산"", ""수크랄로스"", ""아세설팜칼륨""]"
20080614259769,슈가로로 미니 코코제로 요구르트,(주)희창유업 제2공장,혼합음료,2025-07-17,2025-09-06,zero,14,"[""과.채가공품"", ""정제수"", ""에리스리톨"", ""젖산칼슘"", ""구연산"", ""향료"", ""향료"", ""혼합제제"", ""젤란검"", ""구연산삼나트륨"", ""구아검"", ""수크랄로스"", ""아세설팜칼륨"", ""기타가공품""]"
20070443110932,슈가로로 이온 플러스 제로,(주)삼양패키징광혜원공장,혼합음료,2025-01-23,2025-09-27,zero,23,"[""니코틴산아미드"", ""비타민B6염산염"", ""글루콘산아연"", ""혼합제제"", ""포도종자추출물"", ""혼합제제"", ""향료"", ""향료"", ""향료"", ""향료"", ""향료"", ""정제수"", ""스테비올배당체"", ""아세설팜칼륨"", ""수크랄로스"", ""에리스리톨"", ""구연산"", ""구연산삼나트륨"", ""염화칼륨"", ""염화마그네슘"", ""정제소금"", ""젖산칼슘"", ""비타민C""]"
202201031872,슈가로로 제로슈가,인테이크 주식회사,기타가공품,2022-04-29,2023-06-03,zero,4,"[""에리스리톨"", ""알룰로오스"", ""효소처리스테비아"", ""나한과추출물분말""]"
20110445029264,슈가로로 코코제로 BIG 요구르트,주식회사 퓨럽2공장,혼합음료,2026-06-10,2026-06-18,zero,13,"[""정제수"", ""향료"", ""향료"", ""혼합제제"", ""젖산칼슘"", ""젤란검"", ""아세설팜칼륨"", ""수크랄로스"", ""구연산삼나트륨"", ""구연산"", ""과.채가공품"", ""기타가공품"", ""에리스리톨""]"
20110445029207,슈가로로 코코제로 감귤,주식회사 퓨럽2공장,혼합음료,2024-11-19,2024-12-06,zero,16,"[""감귤농축액"", ""에리스리톨"", ""과.채가공품"", ""구연산"", ""구연산삼나트륨"", ""L-아스코브산칼슘"", ""수크랄로스"", ""아세설팜칼륨"", ""젤란검"", ""젖산칼슘"", ""혼합제제"", ""카로틴"", ""포도과피"", ""향료"", ""향료"", ""정제수""]"
20110445029197,슈가로로 코코제로 망고,주식회사 퓨럽2공장,혼합음료,2024-03-05,2026-07-13,zero,16,"[""혼합제제"", ""카로틴"", ""젖산칼슘"", ""비타민C"", ""젤란검"", ""아세설팜칼륨"", ""수크랄로스"", ""구연산삼나트륨"", ""구연산"", ""과.채가공품"", ""에리스리톨"", ""망고농축액"", ""정제수"", ""향료"", ""코치닐추출색소"", ""향료""]"
20110445029196,슈가로로 코코제로 복숭아,주식회사 퓨럽2공장,혼합음료,2024-03-05,2026-07-13,zero,15,"[""정제수"", ""향료"", ""포도과피색소"", ""코치닐추출색소"", ""혼합제제"", ""비타민C"", ""젖산칼슘"", ""젤란검"", ""아세설팜칼륨"", ""수크랄로스"", ""구연산삼나트륨"", ""구연산"", ""과.채가공품"", ""에리스리톨"", ""과.채가공품""]"
20110445029198,슈가로로 코코제로 요구르트,주식회사 퓨럽2공장,혼합음료,2024-03-05,2026-06-18,zero,13,"[""에리스리톨"", ""기타가공품"", ""과.채가공품"", ""구연산"", ""구연산삼나트륨"", ""수크랄로스"", ""아세설팜칼륨"", ""젤란검"", ""정제수"", ""향료"", ""향료"", ""혼합제제"", ""젖산칼슘""]"
20110445029208,슈가로로 코코제로 파인애플,주식회사 퓨럽2공장,혼합음료,2024-11-19,2024-12-06,zero,15,"[""파인애플농축액"", ""에리스리톨"", ""과.채가공품"", ""구연산"", ""구연산삼나트륨"", ""L-아스코브산칼슘"", ""수크랄로스"", ""아세설팜칼륨"", ""젤란검"", ""젖산칼슘"", ""혼합제제"", ""비타민B2"", ""향료"", ""향료"", ""정제수""]"
20110445029182,슈가로로 코코제로리치,주식회사 퓨럽2공장,혼합음료,2023-08-16,2026-07-13,zero,12,"[""리치향"", ""혼합제제"", ""젖산칼슘"", ""과.채가공품"", ""에리스리톨"", ""과.채가공품"", ""구연산"", ""구연산삼나트륨"", ""수크랄로스"", ""아세설팜칼륨"", ""젤란검"", ""정제수""]"
20110445029183,슈가로로 코코제로포도,주식회사 퓨럽2공장,혼합음료,2023-08-17,2026-01-04,zero,12,"[""포도농축액"", ""에리스리톨"", ""과.채가공품"", ""구연산"", ""구연산삼나트륨"", ""수크랄로스"", ""아세설팜칼륨"", ""젤란검"", ""젖산칼슘"", ""포도과피색소"", ""포도향"", ""정제수""]"
20070443110687,슈가로로 핑크레몬에이드 제로,(주)삼양패키징광혜원공장,혼합음료,2023-02-16,2023-03-04,zero,15,"[""정제수"", ""향료"", ""향료"", ""혼합제제"", ""식용색소적색제40호"", ""메타인산나트륨"", ""스테비올배당체"", ""아세설팜칼륨"", ""수크랄로스"", ""혼합제제"", ""염화마그네슘"", ""에리스리톨"", ""젖산칼슘"", ""구연산"", ""과.채가공품""]"
2019035026619,슈가스위치 제로 알룰로스,정우푸드,당류가공품,2023-11-08,2023-11-10,zero,3,"[""알룰로오스"", ""나한과분말"", ""스테비올배당체""]"
2022049385352,슈가제로,(주)웰크리,소스,2024-01-30,2024-02-06,zero,7,"[""식품첨가물혼합제제"", ""파라옥시안식향산에틸"", ""기타가공품"", ""잔탄검"", ""효소처리스테비아"", ""당류가공품"", ""정제수""]"
20150517016155,슈가제로 스윗드림,(주)자연드림치유식품 푸드공방,기타가공품,2022-07-16,2026-07-01,zero,2,"[""식품첨가물"", ""효소처리스테비아""]"
202203875374,슈가제로 스테비아,좋은날,혼합제제,2023-01-31,2023-02-02,zero,2,"[""에리스리톨"", ""효소처리스테비아""]"
2017028888023,슈가제로스윗믹스,마더랩컴퍼니,당류가공품,2025-12-01,2025-12-10,zero,7,"[""구연산"", ""글리신"", ""수크랄로스"", ""효소처리스테비아"", ""에리스리톨"", ""D-소비톨"", ""폴리덱스트로스""]"
2020036304019,슈크레 얼그레이 밀크티베이스 제로,아이원티,액상차,2024-07-25,2024-10-11,zero,6,"[""천일염"", ""효소처리스테비아"", ""홍차엽"", ""홍차엽"", ""당류가공품"", ""정제수""]"
202202613121860,슈퍼베리 자보티카바 제로컷 100,주식회사 제이에스바이오,고형차,2026-03-05,2026-03-07,zero,1,"[""기타가공품""]"
202401185891,슈퍼제로 스위트너,주식회사 인퓨저,혼합제제,2024-07-12,2024-07-18,zero,2,"[""에리스리톨"", ""스테비올배당체""]"
2017055519214,슈퍼제로레시피(super zero recpipe),크라운식품,액상차,2021-06-07,2021-06-08,zero,1,"[""식물성추출액""]"
197506140032886,슈퍼제로스위트너,(주)엠에스씨,혼합제제,2022-04-06,2022-04-09,zero,2,"[""에리스리톨"", ""스테비올배당체""]"
20030473071223,슈퍼주니어 프리미엄소다 스노우콜라 제로,건강한사람들 주식회사 2사업장,탄산음료,2017-03-02,2017-06-29,zero,15,"[""정제수"", ""이산화탄소"", ""혼합제제"", ""아스파탐"", ""아세설팜칼륨"", ""탄산수소나트륨"", ""DL-사과산"", ""구연산"", ""인산"", ""구연산삼나트륨"", ""카페인"", ""합성착향료"", ""합성착향료"", ""합성착향료"", ""합성착향료""]"
19880311001953,스노블 복숭아 아이스티 제로슈가,롯데웰푸드(주)안산공장,고형차,2026-01-14,2026-03-20,zero,9,"[""덱스트린"", ""효소처리스테비아"", ""수크랄로스"", ""과.채가공품"", ""향료"", ""구연산(무수)"", ""에리스리톨"", ""고형차"", ""이산화규소""]"
20200452306325,스위트영 기름&당제로 현미귀리곤약팝콘,(주)에스엠바이오,곡류가공품,2025-02-24,2025-03-28,zero,7,"[""자일리톨"", ""효소처리스테비아"", ""가공소금"", ""곤약분말"", ""카사바전분"", ""귀리"", ""현미""]"
20100415069132,스윗에너지 산삼본정 초콜릿 제로,대풍,초콜릿가공품,2024-02-28,2025-07-17,zero,4,"[""산삼배양근"", ""초콜릿"", ""정제수"", ""알긴산""]"
19800493005183,스키니피그 제로감귤바,(주)서주,빙과,2025-03-21,2025-04-19,zero,20,"[""당류가공품"", ""에리스리톨"", ""혼합제제"", ""구연산(결정)"", ""향료"", ""β-시클로덱스트린"", ""향료"", ""기타가공품"", ""DL-사과산"", ""카복시메틸셀룰로스나트륨"", ""정제소금"", ""수크랄로스"", ""치자황색소"", ""효소처리스테비아"", ""카라기난"", ""향료"", ""로커스트콩검"", ""안나토색소"", ""혼합제제"", ""정제수""]"
19800493005184,스키니피그 제로복숭아바,(주)서주,빙과,2025-03-21,2025-04-19,zero,19,"[""효소처리스테비아"", ""향료"", ""수크랄로스"", ""정제수"", ""당류가공품"", ""에리스리톨"", ""혼합제제"", ""구연산(결정)"", ""향료"", ""향료"", ""기타가공품"", ""β-시클로덱스트린"", ""정제소금"", ""카복시메틸셀룰로스나트륨"", ""혼합제제"", ""치자황색소"", ""비트레드"", ""로커스트콩검"", ""카라기난""]"
19800493005185,스키니피그 제로키위바,(주)서주,빙과,2025-03-21,2026-03-05,zero,19,"[""혼합제제"", ""혼합제제"", ""심황색소"", ""로커스트콩검"", ""카라기난"", ""효소처리스테비아"", ""과.채가공품"", ""수크랄로스"", ""카복시메틸셀룰로스나트륨"", ""정제소금"", ""β-시클로덱스트린"", ""기타가공품"", ""향료"", ""향료"", ""혼합제제"", ""구연산(결정)"", ""에리스리톨"", ""당류가공품"", ""정제수""]"
19800493005204,스키니피그 제로파인바,(주)서주,빙과,2026-03-13,2026-03-19,zero,18,"[""혼합제제"", ""과.채가공품"", ""로커스트콩검"", ""카라기난"", ""효소처리스테비아"", ""수크랄로스"", ""카복시메틸셀룰로스나트륨"", ""치자황색소"", ""정제소금"", ""향료"", ""향료"", ""β-시클로덱스트린"", ""향료"", ""혼합제제"", ""구연산(결정)"", ""에리스리톨"", ""당류가공품"", ""정제수""]"
19850311005348,스테비아 당제로크리머,(주)피엔에프에스,식물성크림,2025-02-11,2025-02-18,zero,14,"[""아세설팜칼륨"", ""스테아릴젖산나트륨"", ""폴리인산칼륨"", ""폴리글리시톨시럽"", ""가공유지"", ""분리유단백"", ""제이인산칼륨"", ""효소처리스테비아"", ""우유"", ""정제소금"", ""글리세린지방산에스테르"", ""이산화규소"", ""스테비올배당체"", ""수크랄로스""]"
19930556020191,스테비아 제로 슈가,(주)대평,혼합제제,2022-08-01,2024-04-19,zero,2,"[""에리스리톨"", ""효소처리스테비아""]"
20090449018546,스테비아 제로슈가 핫초코라떼,한국맥널티주식회사,기타 코코아가공품,2022-08-23,2024-11-16,zero,10,"[""제삼인산칼슘"", ""이산화규소"", ""스테비텐후레쉬"", ""향료"", ""밀크향분말"", ""수크랄로스"", ""에리스리톨"", ""정제소금"", ""식물성크림"", ""코코아분말""]"
20090449018568,스테비아 제로슈가 호두 아몬드 율무차,한국맥널티주식회사,고형차,2023-07-27,2024-02-08,zero,17,"[""제삼인산칼슘"", ""이산화규소"", ""정제소금"", ""땅콩 또는 견과류가공품"", ""호두"", ""땅콩 또는 견과류가공품"", ""볶음땅콩분말"", ""기타가공품"", ""에리스리톨"", ""수크랄로스"", ""스테비텐후레쉬"", ""두류가공품"", ""옥수수가루"", ""구아검"", ""기타가공품"", ""율무분말"", ""식물성크림""]"
201005430661388,스파클링 레몬보이 제로,오케이에프음료 주식회사,탄산음료,2024-08-13,2024-08-15,zero,13,"[""효소처리루틴"", ""효소처리스테비아"", ""아세설팜칼륨"", ""수크랄로스"", ""맥아추출물분말"", ""에리스리톨"", ""침출차"", ""정제수"", ""비타민C"", ""구연산"", ""향료"", ""이산화탄소"", ""레몬농축액""]"
201005430661168,스파클링 야쿠르트 제로,오케이에프음료 주식회사,탄산음료,2023-05-02,2023-05-03,zero,17,"[""정제수"", ""알룰로오스"", ""이산화탄소"", ""혼합제제"", ""향료"", ""향료"", ""향료"", ""향료"", ""구연산"", ""젖산"", ""기타가공품"", ""비타민C"", ""아세설팜칼륨"", ""수크랄로스"", ""기타가공품"", ""식용색소황색제5호"", ""식용색소적색제40호""]"
201005430661159,스파클링 제로슈가 골드페어,오케이에프음료 주식회사,탄산음료,2023-04-19,2024-09-06,zero,13,"[""정제수"", ""이산화탄소"", ""에리스리톨"", ""향료"", ""향료"", ""향료"", ""구연산"", ""배농축액"", ""아스파탐"", ""아세설팜칼륨"", ""천연향료"", ""수크랄로스"", ""자몽종자추출물""]"
201005430661162,스파클링 제로슈가 그린애플,오케이에프음료 주식회사,탄산음료,2023-04-19,2024-09-06,zero,12,"[""자몽종자추출물"", ""수크랄로스"", ""천연향료"", ""정제수"", ""아세설팜칼륨"", ""아스파탐"", ""이산화탄소"", ""에리스리톨"", ""구연산"", ""향료"", ""향료"", ""과.채가공품""]"
201005430661160,스파클링 제로슈가 샤인머스켓,오케이에프음료 주식회사,탄산음료,2023-04-12,2024-09-06,zero,13,"[""정제수"", ""자몽종자추출물"", ""수크랄로스"", ""천연향료"", ""천연향료"", ""아세설팜칼륨"", ""아스파탐"", ""백포도농축액"", ""향료"", ""향료"", ""구연산"", ""에리스리톨"", ""이산화탄소""]"
201005430661161,스파클링 제로슈가 자두,오케이에프음료 주식회사,탄산음료,2023-04-19,2024-09-06,zero,11,"[""자몽종자추출물"", ""수크랄로스"", ""천연향료"", ""아세설팜칼륨"", ""아스파탐"", ""자두농축액"", ""구연산"", ""향료"", ""에리스리톨"", ""이산화탄소"", ""정제수""]"
201005430661163,스파클링 제로슈가 피치,오케이에프음료 주식회사,탄산음료,2023-04-19,2024-09-06,zero,12,"[""자몽종자추출물"", ""수크랄로스"", ""천연향료"", ""아세설팜칼륨"", ""아스파탐"", ""과.채가공품"", ""구연산"", ""향료"", ""향료"", ""에리스리톨"", ""이산화탄소"", ""정제수""]"
20190575042350,스파클링 프리미엄레시피 제로카페인,튤립인터내셔널(주),탄산음료,2026-05-21,2026-05-23,zero,17,"[""정제수"", ""이산화탄소"", ""향료"", ""향료"", ""효소처리스테비아"", ""수크랄로스"", ""아세설팜칼륨"", ""정제소금"", ""이.디.티.에이.칼슘이나트륨"", ""베타인"", ""비타민C"", ""타우린"", ""구연산(무수)"", ""비타민B2"", ""이노시톨"", ""비타민B6염산염"", ""니코틴산아미드""]"
201005430661128,스파클링제로 수박,오케이에프음료 주식회사,탄산음료,2023-03-07,2023-03-08,zero,11,"[""정제수"", ""에리스리톨"", ""이산화탄소"", ""합성향료"", ""구연산"", ""수박농축액"", ""아세설팜칼륨"", ""천연향료"", ""수크랄로스"", ""자몽종자추출물"", ""천연향료""]"
201005430661179,스파클링제로슈가 딸기,오케이에프음료 주식회사,탄산음료,2023-05-26,2024-08-21,zero,12,"[""아세설팜칼륨"", ""아스파탐"", ""향료"", ""수크랄로스"", ""자몽종자추출물"", ""향료"", ""딸기농축액"", ""향료"", ""구연산"", ""에리스리톨"", ""정제수"", ""이산화탄소""]"
201005430661180,스파클링제로슈가 레몬,오케이에프음료 주식회사,탄산음료,2023-05-26,2024-08-21,zero,12,"[""정제수"", ""에리스리톨"", ""이산화탄소"", ""구연산"", ""향료"", ""레몬농축액"", ""아세설팜칼륨"", ""아스파탐"", ""향료"", ""수크랄로스"", ""자몽종자추출물"", ""향료""]"
201005430661183,스파클링제로슈가 멜론,오케이에프음료 주식회사,탄산음료,2023-05-26,2024-08-21,zero,12,"[""정제수"", ""에리스리톨"", ""이산화탄소"", ""향료"", ""구연산"", ""멜론농축액"", ""아세설팜칼륨"", ""아스파탐"", ""향료"", ""수크랄로스"", ""자몽종자추출물"", ""향료""]"
201005430661181,스파클링제로슈가 수박,오케이에프음료 주식회사,탄산음료,2023-05-26,2024-08-21,zero,12,"[""정제수"", ""에리스리톨"", ""이산화탄소"", ""향료"", ""구연산"", ""수박농축액"", ""아세설팜칼륨"", ""아스파탐"", ""향료"", ""수크랄로스"", ""자몽종자추출물"", ""향료""]"
201005430661182,스파클링제로슈가 포도,오케이에프음료 주식회사,탄산음료,2023-05-26,2024-08-21,zero,12,"[""정제수"", ""에리스리톨"", ""이산화탄소"", ""구연산"", ""향료"", ""백포도농축액"", ""아세설팜칼륨"", ""아스파탐"", ""향료"", ""수크랄로스"", ""자몽종자추출물"", ""향료""]"
19800415004492,스파클링프리미엄레시피제로슈거,(주)일화초정공장,탄산음료,2024-11-11,2024-11-29,zero,21,"[""아세설팜칼륨"", ""비타민C"", ""타우린"", ""베타인"", ""비타민B12"", ""비타민B2"", ""비타민B6염산염"", ""니코틴산아미드"", ""이노시톨"", ""과라나추출물분말"", ""이.디.티.에이.칼슘이나트륨"", ""구연산삼나트륨"", ""구연산"", ""수크랄로스"", ""정제소금"", ""향료"", ""향료"", ""향료"", ""향료"", ""이산화탄소"", ""정제수""]"
19800415004494,스파클링프리미엄레시피제로슈거제로카페인,(주)일화초정공장,탄산음료,2024-11-11,2024-11-29,zero,20,"[""비타민C"", ""타우린"", ""베타인"", ""비타민B12"", ""비타민B2"", ""비타민B6염산염"", ""니코틴산아미드"", ""이노시톨"", ""이.디.티.에이.칼슘이나트륨"", ""구연산삼나트륨"", ""구연산"", ""수크랄로스"", ""정제소금"", ""향료"", ""향료"", ""향료"", ""향료"", ""이산화탄소"", ""정제수"", ""아세설팜칼륨""]"
19970614083158,스프라이트 제로,코카콜라음료주식회사,탄산음료,2021-02-09,2026-07-09,zero,6,"[""정제수"", ""식품첨가물혼합제제"", ""식품첨가물혼합제제"", ""인산"", ""향료"", ""이산화탄소""]"
20020492106556,스프라이트 제로,주식회사 한국음료,탄산음료,2025-04-16,2026-03-07,zero,7,"[""정제수"", ""향료"", ""이산화탄소"", ""향료"", ""인산"", ""식품첨가물혼합제제"", ""식품첨가물혼합제제""]"
19800375002263,스프라이트 제로,코카콜라음료(주),탄산음료,2021-02-03,2026-03-25,zero,7,"[""이산화탄소"", ""향료"", ""향료"", ""인산"", ""식품첨가물혼합제제"", ""식품첨가물혼합제제"", ""정제수""]"
19920562023442,스프라이트 제로,대경사과원예농협음료가공공장,탄산음료,2021-03-19,2026-06-27,zero,6,"[""향료"", ""이산화탄소"", ""인산"", ""식품첨가물혼합제제"", ""식품첨가물혼합제제"", ""정제수""]"
20190575042137,스프라이트 제로,튤립인터내셔널(주),탄산음료,2021-06-08,2026-08-14,zero,6,"[""이산화탄소"", ""식품첨가물혼합제제"", ""정제수"", ""향료"", ""인산"", ""식품첨가물혼합제제""]"
2023080519568,스프라이트 제로,동아에코팩 주식회사,탄산음료,2024-07-08,2026-07-08,zero,6,"[""인산"", ""혼합제제"", ""향료"", ""혼합제제"", ""이산화탄소"", ""정제수""]"
20030473071389,스프라이트 제로,건강한사람들 주식회사 2사업장,탄산음료,2021-02-16,2026-07-04,zero,6,"[""정제수"", ""이산화탄소"", ""향료"", ""인산"", ""식품첨가물혼합제제"", ""식품첨가물혼합제제""]"
20100543066950,스프라이트 제로,오케이에프음료 주식회사,탄산음료,2021-02-08,2026-07-04,zero,6,"[""정제수"", ""혼합제제"", ""혼합제제"", ""인산"", ""향료"", ""이산화탄소""]"
1984022101281,스프라이트 제로,코카콜라음료(주),탄산음료,2021-02-04,2026-07-01,zero,8,"[""정제수"", ""이산화탄소"", ""인산"", ""에리스리톨"", ""스테비올배당체"", ""식품첨가물혼합제제"", ""식품첨가물혼합제제"", ""식품첨가물혼합제제""]"
2023080519582,스프라이트 제로 Chill,동아에코팩 주식회사,탄산음료,2025-03-24,2026-01-21,zero,9,"[""정제수"", ""이산화탄소"", ""혼합제제"", ""향료"", ""혼합제제"", ""향료"", ""향료"", ""향료"", ""향료제제""]"
201005430661465,스프라이트 제로 Chill,오케이에프음료 주식회사,탄산음료,2025-04-09,2025-04-12,zero,8,"[""이산화탄소"", ""향료제제"", ""향료"", ""향료"", ""향료"", ""혼합제제"", ""혼합제제"", ""정제수""]"
19920562023520,스프라이트 제로 Chill,대경사과원예농협음료가공공장,탄산음료,2025-04-10,2026-02-10,zero,9,"[""이산화탄소"", ""향료"", ""향료"", ""정제수"", ""식품첨가물혼합제제"", ""식품첨가물혼합제제"", ""향료"", ""향료"", ""향료제제""]"
20030473071539,스프라이트 제로 with TEA,건강한사람들 주식회사 2사업장,탄산음료,2026-07-09,2026-07-10,zero,13,"[""안식향산나트륨"", ""식품첨가물혼합제제"", ""식품첨가물혼합제제"", ""액상차"", ""정제수"", ""이산화탄소"", ""식품첨가물혼합제제"", ""액상차"", ""향료"", ""향료"", ""향료"", ""카라멜색소 Ⅳ"", ""인산""]"
19920562023533,스프라이트 제로 with Tea,대경사과원예농협음료가공공장,탄산음료,2026-05-18,2026-05-20,zero,13,"[""이산화탄소"", ""식품첨가물혼합제제"", ""액상차"", ""향료"", ""향료"", ""향료"", ""카라멜색소 Ⅳ"", ""액상차"", ""식품첨가물혼합제제"", ""인산"", ""식품첨가물혼합제제"", ""안식향산나트륨"", ""정제수""]"
20020492106558,스프라이트 제로 with Tea,주식회사 한국음료,탄산음료,2026-05-15,2026-05-21,zero,13,"[""이산화탄소"", ""식품첨가물혼합제제"", ""액상차"", ""천연향료"", ""합성향료"", ""천연향료"", ""식품첨가물"", ""액상차"", ""식품첨가물혼합제제"", ""인산"", ""식품첨가물혼합제제"", ""안식향산나트륨"", ""정제수""]"
19800375002287,스프라이트 제로 with Tea,코카콜라음료(주),탄산음료,2026-05-22,2026-05-23,zero,13,"[""정제수"", ""식품첨가물"", ""식품첨가물혼합제제"", ""식품첨가물"", ""식품첨가물혼합제제"", ""액상차"", ""식품첨가물"", ""향료"", ""향료"", ""향료"", ""액상차"", ""식품첨가물혼합제제"", ""이산화탄소""]"
201005430661762,스프라이트 제로 with Tea,오케이에프음료 주식회사,탄산음료,2026-08-10,2026-08-12,zero,13,"[""이산화탄소"", ""혼합제제"", ""액상차"", ""정제수"", ""안식향산나트륨"", ""혼합제제"", ""인산"", ""혼합제제"", ""액상차"", ""카라멜색소 Ⅳ"", ""향료"", ""향료"", ""향료""]"
19800375002265,스프라이트 제로 시럽,코카콜라음료(주),음료베이스,2021-11-10,2026-02-25,zero,8,"[""식품첨가물혼합제제"", ""향료"", ""향료"", ""식품첨가물"", ""식품첨가물혼합제제"", ""식품첨가물혼합제제"", ""식품첨가물"", ""정제수""]"
19910344021489,스프라이트 제로 시럽 원제 제1H부,한국코카콜라유한회사,혼합제제,2021-11-16,2021-11-18,zero,2,"[""안식향산나트륨"", ""메타인산나트륨""]"
19910344021475,스프라이트 제로 원제 제1부,한국코카콜라유한회사,혼합제제,2021-01-15,2021-01-20,zero,2,"[""구연산"", ""구연산칼륨""]"
19910344021476,스프라이트 제로 원제 제2부,한국코카콜라유한회사,혼합제제,2021-01-15,2021-01-20,zero,2,"[""천연향료"", ""주정""]"
19910344021474,스프라이트 제로 원제 제3A부,한국코카콜라유한회사,혼합제제,2021-01-15,2021-01-20,zero,2,"[""아세설팜칼륨"", ""수크랄로스""]"
2019037187471,스프레디딜라이트 제로 헤이즐넛 스프레드,미네스,당류가공품,2025-04-21,2025-04-25,zero,11,"[""천일염"", ""기타가공품"", ""글리세린지방산에스테르"", ""알룰로오스"", ""혼합분유"", ""혼합분유"", ""코코아분말"", ""덱스트린"", ""정제수"", ""땅콩 또는 견과류가공품"", ""알룰로오스""]"
20030473071415,시그너스 제로콜라,건강한사람들 주식회사 2사업장,탄산음료,2022-04-04,2022-04-20,zero,12,"[""정제수"", ""이산화탄소"", ""천연향료"", ""혼합제제"", ""효소처리스테비아"", ""아세설팜칼륨"", ""수크랄로스"", ""구연산삼나트륨"", ""구연산(결정)"", ""에리스리톨"", ""혼합제제"", ""카페인""]"
20030395019942,식사에 뿌려 먹는 알파CD 제로파우더,(주)유유헬스케어,기타가공품,2026-04-03,2026-04-04,zero,4,"[""α-시클로덱스트린"", ""난소화성말토덱스트린(고시형)"", ""덱스트린"", ""이산화규소""]"
20000360372377,실론티그린애플제로,롯데칠성음료(주),액상차,2024-04-25,2024-04-26,zero,13,"[""홍차추출분말"", ""홍차추출분말"", ""에리스리톨"", ""수크랄로스"", ""아세설팜칼륨"", ""구연산"", ""구연산삼나트륨"", ""비타민C"", ""향료"", ""향료"", ""향료"", ""향료"", ""정제수""]"
20000360372359,실론티레몬제로,롯데칠성음료(주),액상차,2023-07-13,2025-11-25,zero,12,"[""수크랄로스"", ""알룰로오스"", ""홍차추출분말"", ""홍차추출액"", ""정제수"", ""천연향료(Lemon)"", ""레몬향"", ""홍차향"", ""비타민C"", ""구연산삼나트륨"", ""구연산"", ""아세설팜칼륨""]"
20190413079131,실론티레몬제로,동원시스템즈(주) 횡성사업장,액상차,2022-07-27,2023-06-10,zero,12,"[""정제수"", ""향료"", ""혼합제제"", ""향료"", ""비타민C"", ""구연산삼나트륨"", ""구연산"", ""아세설팜칼륨"", ""수크랄로스"", ""알룰로오스"", ""홍차추출분말"", ""홍차""]"
20000360372367,실론티복숭아제로,롯데칠성음료(주),액상차,2024-01-10,2024-01-13,zero,13,"[""구연산삼나트륨"", ""구연산"", ""아세설팜칼륨"", ""수크랄로스"", ""에리스리톨"", ""홍차추출분말"", ""홍차추출분말"", ""정제수"", ""향료"", ""향료"", ""향료"", ""향료"", ""비타민C""]"
201005430661694,싱하라임레몬소다제로,오케이에프음료 주식회사,탄산음료,2026-04-10,2026-07-31,zero,16,"[""구연산"", ""이산화탄소"", ""정제수"", ""수크랄로스"", ""아세설팜칼륨"", ""구연산삼나트륨"", ""정제소금"", ""아라비아검"", ""펙틴"", ""안식향산나트륨"", ""레몬농축액"", ""향료"", ""향료"", ""향료"", ""향료"", ""향료제제""]"
201005430661620,싱하레몬소다제로,오케이에프음료 주식회사,탄산음료,2026-04-10,2026-07-31,zero,15,"[""정제수"", ""이산화탄소"", ""구연산"", ""레몬농축액"", ""향료"", ""향료"", ""향료"", ""구연산삼나트륨"", ""정제소금"", ""향료제제"", ""안식향산나트륨"", ""수크랄로스"", ""아세설팜칼륨"", ""아라비아검"", ""펙틴""]"
201005430661680,싱하유자향소다제로,오케이에프음료 주식회사,탄산음료,2026-04-10,2026-07-31,zero,15,"[""정제수"", ""이산화탄소"", ""구연산"", ""오렌지농축액"", ""향료"", ""향료"", ""향료"", ""구연산삼나트륨"", ""향료제제"", ""정제소금"", ""안식향산나트륨"", ""수크랄로스"", ""아세설팜칼륨"", ""아라비아검"", ""펙틴""]"
20080360126172,쌍화차 제로,주식회사 송원식품,고형차,2024-07-10,2026-05-05,zero,11,"[""에리스리톨"", ""아몬드"", ""호두분태"", ""기타가공품"", ""기타가공품"", ""감자전분"", ""카라멜색소 Ⅳ"", ""정제소금"", ""이산화규소"", ""생강추출분말"", ""효소처리스테비아""]"
20080509087222,쌍화차 제로슈거,주식회사 담터에프엔비,고형차,2026-06-08,2026-07-01,zero,10,"[""에리스리톨"", ""난소화성말토덱스트린(고시형)"", ""기타 농산가공품"", ""아몬드분태"", ""호두분태"", ""볶은해바라기씨앗"", ""식품첨가물혼합제제"", ""정제소금"", ""젖산칼슘"", ""스테비올배당체""]"
201005430661487,썬키스트 애사비 제로 스파클링,오케이에프음료 주식회사,탄산음료,2025-03-31,2025-05-03,zero,13,"[""정제수"", ""에리스리톨"", ""발효식초"", ""폴리덱스트로스"", ""이산화탄소"", ""구연산"", ""향료"", ""향료"", ""향료"", ""향료"", ""구연산삼나트륨"", ""수크랄로스"", ""아세설팜칼륨""]"
201005430661613,썬키스트 애사비 제로 스파클링 레몬,오케이에프음료 주식회사,탄산음료,2025-11-24,2026-05-05,zero,12,"[""아세설팜칼륨"", ""수크랄로스"", ""구연산삼나트륨"", ""향료"", ""향료"", ""향료"", ""구연산"", ""이산화탄소"", ""폴리덱스트로스"", ""발효식초"", ""에리스리톨"", ""정제수""]"
201005430661775,썬키스트 애사비 제로 스파클링 자몽,오케이에프음료 주식회사,탄산음료,2026-06-02,2026-06-03,zero,12,"[""아세설팜칼륨"", ""수크랄로스"", ""구연산삼나트륨"", ""향료"", ""향료"", ""향료"", ""구연산"", ""이산화탄소"", ""폴리덱스트로스"", ""발효식초"", ""에리스리톨"", ""정제수""]"
20030473071487,썬키스트 제로 복숭아레몬 소다,건강한사람들 주식회사 2사업장,탄산음료,2025-09-18,2025-09-23,zero,16,"[""정제수"", ""이산화탄소"", ""알룰로오스"", ""구연산"", ""과.채가공품"", ""과.채가공품"", ""구연산삼나트륨"", ""수크랄로스"", ""재제소금(재제조소금)"", ""아라비아검"", ""아세설팜칼륨"", ""감초추출물"", ""식용색소적색제40호"", ""향료"", ""향료"", ""혼합제제""]"
201005430661305,썬키스트 제로 복숭아레몬 소다,오케이에프음료 주식회사,탄산음료,2024-02-08,2026-05-01,zero,16,"[""식용색소적색제40호"", ""감초추출물"", ""아세설팜칼륨"", ""아라비아검"", ""재제소금(재제조소금)"", ""수크랄로스"", ""구연산삼나트륨"", ""혼합제제"", ""레몬농축액"", ""과.채가공품"", ""구연산"", ""향료"", ""향료"", ""이산화탄소"", ""알룰로오스"", ""정제수""]"
201005430661458,썬키스트 제로 오렌지 소다,오케이에프음료 주식회사,탄산음료,2025-02-10,2026-05-01,zero,15,"[""구연산삼나트륨"", ""식용색소황색제5호"", ""향료"", ""혼합제제"", ""향료제제"", ""감초추출물"", ""아세설팜칼륨"", ""아라비아검"", ""재제소금(재제조소금)"", ""수크랄로스"", ""오렌지농축액"", ""구연산"", ""이산화탄소"", ""알룰로오스"", ""정제수""]"
20030473071486,썬키스트 제로 자두자몽 소다,건강한사람들 주식회사 2사업장,탄산음료,2025-08-28,2025-09-03,zero,20,"[""알룰로오스"", ""구연산"", ""과.채가공품"", ""과.채가공품"", ""구연산삼나트륨"", ""수크랄로스"", ""재제소금(재제조소금)"", ""아라비아검"", ""메타인산나트륨"", ""아세설팜칼륨"", ""감초추출물"", ""식용색소적색제40호"", ""식용색소청색제1호"", ""향료"", ""향료"", ""향료"", ""향료"", ""향료"", ""이산화탄소"", ""정제수""]"
201005430661266,썬키스트 제로 자두자몽 소다,오케이에프음료 주식회사,탄산음료,2024-02-08,2026-05-01,zero,20,"[""정제수"", ""알룰로오스"", ""이산화탄소"", ""향료"", ""향료"", ""향료"", ""향료"", ""향료"", ""구연산"", ""자두농축액"", ""자몽농축액"", ""구연산삼나트륨"", ""수크랄로스"", ""재제소금(재제조소금)"", ""아라비아검"", ""메타인산나트륨"", ""식용색소청색제1호"", ""감초추출물"", ""식용색소적색제40호"", ""아세설팜칼륨""]"
201005430661494,썬키스트 제로 자몽 소다,오케이에프음료 주식회사,탄산음료,2025-04-15,2026-05-01,zero,18,"[""이산화탄소"", ""향료"", ""향료"", ""향료"", ""향료"", ""혼합제제"", ""식용색소황색제4호"", ""감초추출물"", ""식용색소적색제40호"", ""아세설팜칼륨"", ""아라비아검"", ""재제소금(재제조소금)"", ""수크랄로스"", ""정제수"", ""알룰로오스"", ""구연산"", ""자몽농축액"", ""구연산삼나트륨""]"
199803643261138,쏠커피 카페 제로슈가 복숭아,(주)가배온,고형차,2025-01-03,2026-02-01,zero,11,"[""구연산(무수)"", ""에리스리톨"", ""홍차추출분말"", ""혼합제제"", ""비타민C"", ""향료"", ""이산화규소"", ""향료"", ""효소처리스테비아"", ""수크랄로스"", ""과.채가공품""]"
20060445009423,쓰리 인 원 내츄럴믹스 땅콩향 제로,(주)에이원카프,기타가공품,2025-12-10,2025-12-13,zero,9,"[""곡류가공품"", ""향료"", ""구연산"", ""정제수"", ""카카오색소"", ""치자황색소"", ""구아검"", ""잔탄검"", ""말티톨액""]"
20200137508378,아덴 제로슈가시럽,(주)이룸에프앤씨,당류가공품,2023-07-05,2025-12-13,zero,6,"[""식품첨가물"", ""식품첨가물"", ""식품첨가물"", ""식품첨가물"", ""식품첨가물"", ""정제수""]"
19860443015666,아르기닌 제로 6000,(주)네이처텍,혼합음료,2023-07-12,2023-08-25,zero,19,"[""비오틴"", ""판토텐산칼슘"", ""니코틴산아미드"", ""효소처리스테비아"", ""드링크향"", ""구연산(무수)"", ""L-아르지닌"", ""오르니틴염산염"", ""정제수"", ""비타민B6염산염"", ""비타민B2인산에스테르나트륨"", ""비타민B1염산염"", ""수크랄로스"", ""기타가공품"", ""L-아스파트산"", ""아미노산혼합제제"", ""L-카르니틴"", ""황금혼합추출물"", ""타우린""]"
20240365166257,아르타민 제로 레몬,콜마비앤에이치(주)세종3공장,음료베이스,2026-06-23,2026-07-03,zero,21,"[""비타민 B1염산염(고시형)"", ""비타민B2"", ""엽산"", ""구연산"", ""에리스리톨"", ""L-아르지닌"", ""비타민B12혼합제제분말"", ""판토텐산칼슘"", ""비타민B6염산염"", ""효소처리스테비아"", ""이산화규소"", ""과.채가공품"", ""대나무수액"", ""향료"", ""자일리톨"", ""혼합제제"", ""치커리뿌리추출물분말"", ""비타민C"", ""DL-사과산"", ""니코틴산아미드"", ""수크랄로스""]"
20240365166136,아르타민 제로 복숭아,콜마비앤에이치(주)세종3공장,음료베이스,2025-06-26,2025-07-01,zero,21,"[""복숭아향분말"", ""에리스리톨"", ""구연산"", ""L-아르지닌"", ""비타민C"", ""복사나무열매과즙분말"", ""비타민B2"", ""비타민B1염산염"", ""니코틴산아미드"", ""수크랄로스"", ""효소처리스테비아"", ""비타민B12"", ""혼합제제"", ""판토텐산칼슘"", ""비타민B6염산염"", ""쌀발효분말"", ""이산화규소"", ""DL-사과산"", ""대나무수액"", ""자일리톨"", ""엽산""]"
20240365166207,아르타민 제로 자몽,콜마비앤에이치(주)세종3공장,음료베이스,2026-03-06,2026-03-12,zero,22,"[""엽산"", ""비타민B2"", ""비타민B1염산염"", ""니코틴산아미드"", ""수크랄로스"", ""비타민B12"", ""혼합제제"", ""판토텐산칼슘"", ""비타민B6염산염"", ""자몽농축분말"", ""효소처리스테비아"", ""이산화규소"", ""대나무수액"", ""자일리톨"", ""에리스리톨"", ""L-아르지닌"", ""비타민C"", ""DL-사과산"", ""구연산"", ""자몽향2분말"", ""자몽향1분말"", ""치커리뿌리추출물분말""]"
198904450141151,아샷추 복숭아제로,태웅식품(주),커피,2025-05-13,2025-05-16,zero,10,"[""복사나무열매농축액"", ""커피농축액"", ""홍차추출분말"", ""수크랄로스"", ""아세설팜칼륨"", ""구연산"", ""혼합제제"", ""복숭아향"", ""커피향"", ""정제수""]"
2020036304018,아쌈 블렌드 밀크티베이스 제로,아이원티,액상차,2024-07-25,2024-10-11,zero,5,"[""천일염"", ""효소처리스테비아"", ""홍차엽"", ""알룰로오스"", ""정제수""]"
197304430031465,아이스엔로빙초코제로,(주)삼광식품,준초콜릿,2023-02-06,2026-01-22,zero,11,"[""폴리글리세린축합리시놀레인산에스테르"", ""수크랄로스"", ""콩기름(대두유)"", ""코코아매스"", ""야자유"", ""D-말티톨"", ""혼합제제"", ""향료"", ""레시틴"", ""코코아버터"", ""유함유가공품""]"
197304430031280,아이스코팅초코제로,(주)삼광식품,준초콜릿,2021-08-17,2022-03-12,zero,9,"[""수크랄로스"", ""바닐라향"", ""밀크향"", ""레시틴"", ""정제팜유"", ""콩기름(대두유)"", ""야자유"", ""코코아매스"", ""D-말티톨""]"
1996052804476,아이스쿨 제로 레드펀치,주식회사 서주,빙과,2025-04-21,2026-07-01,zero,10,"[""혼합제제"", ""비트레드"", ""수크랄로스"", ""향료"", ""정제소금"", ""치자황색소"", ""향료"", ""구연산"", ""과.채가공품"", ""정제수""]"
2022078026649,아이스톡 제로 레몬에이드,(주)에이트리에프앤비,혼합음료,2024-04-18,2024-04-24,zero,10,"[""시트러스향"", ""자몽향"", ""라임향"", ""아세설팜칼륨"", ""수크랄로스"", ""정제소금"", ""에리스리톨"", ""구연산"", ""레몬농축액"", ""정제수""]"
20090473152472,아이스톡 제로 레몬에이드,(주)신성티엔에프,혼합음료,2022-11-08,2023-06-01,zero,10,"[""자몽향"", ""시트러스향"", ""정제소금"", ""아세설팜칼륨"", ""레몬농축액"", ""수크랄로스"", ""라임향"", ""구연산"", ""에리스리톨"", ""정제수""]"
2022078026648,아이스톡 제로 복숭아아이스티,(주)에이트리에프앤비,혼합음료,2024-04-18,2024-04-24,zero,11,"[""정제수"", ""복숭아향"", ""복숭아향"", ""아세설팜칼륨"", ""수크랄로스"", ""정제소금"", ""당류가공품"", ""홍차추출분말"", ""에리스리톨"", ""구연산"", ""복사나무열매농축액""]"
20090473152471,아이스톡 제로 복숭아아이스티,(주)신성티엔에프,혼합음료,2022-11-08,2023-06-01,zero,11,"[""복숭아향"", ""구연산"", ""정제수"", ""에리스리톨"", ""당시럽"", ""정제소금"", ""수크랄로스"", ""복숭아농축액"", ""아세설팜칼륨"", ""홍차추출분말"", ""복숭아향""]"
201005430661241,아이스티제로 복숭아,오케이에프음료 주식회사,혼합음료,2024-01-16,2024-01-25,zero,12,"[""정제수"", ""알룰로오스"", ""구연산"", ""홍차추출분말"", ""과.채가공품"", ""향료"", ""향료"", ""향료"", ""구연산삼나트륨"", ""비타민C"", ""수크랄로스"", ""스테비올배당체""]"
201005430661242,아이스티제로 자몽,오케이에프음료 주식회사,혼합음료,2024-01-16,2024-01-25,zero,11,"[""알룰로오스"", ""구연산"", ""향료"", ""레드자몽농축액"", ""홍차분말"", ""향료"", ""구연산삼나트륨"", ""비타민C"", ""수크랄로스"", ""스테비올배당체"", ""정제수""]"
20220273857484,아이엠뉴 애플사이다비니거 톡스제로,(주)네이처코퍼레이션,과.채가공품,2024-10-07,2026-07-01,zero,15,"[""과.채가공품"", ""기타가공품"", ""기타가공품"", ""고형차"", ""스테아린산마그네슘"", ""이산화규소"", ""식품첨가물"", ""판토텐산칼슘"", ""효소식품"", ""고형차"", ""기타가공품"", ""산화아연"", ""포도당"", ""덱스트린"", ""음료베이스""]"
20070443110765,아임이 레몬아이스티 제로,(주)삼양패키징광혜원공장,액상차,2023-09-25,2023-10-07,zero,13,"[""수크랄로스"", ""스테비올배당체"", ""정제수"", ""에리스리톨"", ""과.채가공품"", ""구연산"", ""향료"", ""향료"", ""향료"", ""고형차"", ""비타민C"", ""구연산삼나트륨"", ""아세설팜칼륨""]"
20070443110764,아임이 복숭아아이스티 제로,(주)삼양패키징광혜원공장,액상차,2023-09-25,2023-10-07,zero,12,"[""수크랄로스"", ""스테비올배당체"", ""아세설팜칼륨"", ""구연산삼나트륨"", ""비타민C"", ""고형차"", ""향료"", ""향료"", ""구연산"", ""과.채가공품"", ""에리스리톨"", ""정제수""]"
20120449005983,아임제로당 간장소스,주식회사후레쉬서브천안공장,소스,2025-06-18,2025-06-21,zero,20,"[""파라옥시안식향산에틸"", ""구연산삼나트륨"", ""향신료조제품"", ""식품첨가물혼합제제"", ""수크랄로스"", ""양파분말"", ""마늘가루"", ""5-리보뉴클레오티드이나트륨"", ""효모추출물"", ""주정"", ""후추가루"", ""정제소금"", ""카라멜색소 Ⅲ"", ""변성전분"", ""L-글루탐산나트륨"", ""식품첨가물혼합제제"", ""양조간장"", ""정제수"", ""참기름"", ""발효식초""]"
201204490051050,아임제로당 매콤소스,주식회사후레쉬서브천안공장,소스,2025-12-11,2025-12-12,zero,17,"[""효모추출물"", ""5-리보뉴클레오티드이나트륨"", ""정제소금"", ""복합조미식품"", ""후추가루"", ""파프리카추출색소"", ""양파"", ""생강"", ""마늘"", ""고춧가루"", ""L-글루탐산나트륨"", ""참기름"", ""변성전분"", ""양조간장"", ""식품첨가물혼합제제"", ""정제수"", ""수크랄로스""]"
2025037370614,아침에 좋은빵 제로슈가 통밀빵,주식회사 와이앤제이코퍼레이션,빵류,2025-09-02,2025-09-09,zero,4,"[""통밀가루"", ""정제수"", ""혼합올리브유"", ""효모""]"
2025037370616,아침에 좋은빵 제로슈가 통밀식빵,주식회사 와이앤제이코퍼레이션,빵류,2025-09-02,2025-09-03,zero,4,"[""효모"", ""혼합올리브유"", ""정제수"", ""통밀가루""]"
20190413079220,아침햇살 제로슈가,동원시스템즈(주) 횡성사업장,혼합음료,2024-07-25,2025-10-29,zero,16,"[""현미추출액"", ""쌀추출액"", ""식물성크림"", ""덱스트린"", ""정제수"", ""수크랄로스"", ""스테비올배당체"", ""향료"", ""에리스리톨"", ""현미유"", ""자당지방산에스테르"", ""향료"", ""글리세린호박산지방산에스테르"", ""글리세린지방산에스테르"", ""향료"", ""정제소금""]"
2022032137424,아케다바이오 K-바이러스 제로 살균수(AKEDABio K-virus zero Sterilizing water),주식회사 디와이씨,식품첨가물과기구등의살균소독제,2025-05-31,2025-08-08,zero,2,"[""이산화염소(수)"", ""정제수""]"
201906001247,아토제로,메이푸드,기타가공품,2025-07-14,2025-07-16,zero,26,"[""녹두가루"", ""도두씨앗"", ""콩가루"", ""현미가루"", ""쌀가루"", ""보리가루"", ""기장쌀"", ""강낭콩분말"", ""엉겅퀴분말"", ""탱자열매분말"", ""토마토분말"", ""호박가루"", ""브로콜리분말"", ""참외열매"", ""양배추분말"", ""배추잎"", ""시금치분말"", ""당근분말"", ""상추"", ""치커리분말"", ""보검선인장열매"", ""산딸기분말"", ""황기분말"", ""살구분말"", ""사과과즙분말"", ""팥가루""]"
2011021922433,아토제로유기농고농축재생앰플,발효코리아영농조합법인,액상차,2014-02-20,2026-07-01,zero,8,"[""유기농오디잎"", ""유기농개똥쑥어린잎"", ""유기농쑥부쟁이어린잎"", ""유기농솔잎"", ""정제수"", ""발아현미"", ""대두"", ""팩틴""]"
2011021922432,아토제로유기농에센스자연치유,발효코리아영농조합법인,액상차,2014-02-20,2026-07-01,zero,8,"[""대두"", ""발아현미"", ""유기농오디잎"", ""유기농개똥쑥어린잎"", ""유기농쑥부쟁이어린잎"", ""유기농솔잎"", ""정제수"", ""팩틴""]"
2011021922429,아토제로유기농토너순수,발효코리아영농조합법인,액상차,2014-02-14,2026-07-01,zero,8,"[""정제수"", ""유기농솔잎"", ""유기농쑥부쟁이어린잎"", ""유기농개똥쑥어린잎"", ""유기농오디잎"", ""발아현미"", ""팩틴"", ""대두""]"
201005430661127,아톰파워업 제로,오케이에프음료 주식회사,탄산음료,2023-04-03,2024-06-01,zero,25,"[""비타민B6염산염"", ""비타민B12"", ""구연산삼나트륨"", ""비타민C"", ""효소처리스테비아"", ""수크랄로스"", ""L-카르니틴"", ""L-아르지닌"", ""효소처리루틴"", ""정제수"", ""에리스리톨"", ""이산화탄소"", ""구연산"", ""타우린"", ""향료"", ""향료"", ""향료"", ""정제소금"", ""기타 농산가공품"", ""덱스트린"", ""dl-α-토코페릴아세테이트"", ""변성전분"", ""이산화규소"", ""판토텐산칼슘"", ""니코틴산아미드""]"
2022046124626,아티스트보틀클럽 B 라거 제로,주식회사 부족한녀석들 1공장,탄산음료,2026-07-13,2026-07-21,zero,6,"[""정제수"", ""밀전분유래 난소화성말토덱스트린(기능성원료인정제2011-6호)"", ""호프펠렛"", ""볶은보리"", ""이산화탄소"", ""맥아""]"
202202738571120,아티초크 오일제로,(주)네이처코퍼레이션,고형차,2026-04-03,2026-07-01,zero,11,"[""스테아린산마그네슘"", ""이산화규소"", ""혼합제제"", ""비타민B6염산염"", ""기타가공품"", ""비타민C"", ""기타가공품"", ""과.채가공품"", ""기타가공품"", ""α-시클로덱스트린"", ""기타가공품""]"
20110449015749,알드제로,주식회사오투바이오,기타가공품,2023-04-03,2023-11-08,zero,16,"[""이소말트"", ""유산균혼합분말"", ""감귤과즙분말"", ""자일리톨"", ""치커리뿌리추출물분말"", ""건조효모"", ""프락토올리고당"", ""비타민미네랄혼합제제"", ""아미노산혼합제제"", ""비타민C"", ""유산균배양건조물"", ""β-시클로덱스트린"", ""구연산(무수)"", ""대나무수액"", ""효소처리스테비아"", ""감귤향분말""]"
20110449015851,알드제로-알파,주식회사오투바이오,기타가공품,2024-06-18,2024-09-26,zero,16,"[""건조효모"", ""치커리뿌리추출물분말"", ""자일리톨"", ""감귤농축분말"", ""프락토올리고당"", ""유산균혼합분말"", ""이소말트"", ""감귤향분말"", ""효소처리스테비아"", ""대나무수액"", ""구연산(무수)"", ""시클로덱스트린"", ""유산균배양건조물"", ""비타민C"", ""아미노산혼합제제"", ""비타민미네랄혼합제제""]"
20110449015794,알드제로골드,주식회사오투바이오,기타가공품,2023-11-03,2024-09-26,zero,16,"[""효소처리스테비아"", ""대나무수액"", ""구연산(무수)"", ""β-시클로덱스트린"", ""유산균배양건조물"", ""비타민C"", ""아미노산혼합제제"", ""비타민미네랄혼합제제"", ""건조효모"", ""치커리뿌리추출물분말"", ""자일리톨"", ""감귤과즙분말"", ""프락토올리고당"", ""유산균혼합분말"", ""이소말트"", ""감귤향분말""]"
20040487668120,알러지제로쿠키,해피드림,과자,2018-09-03,2024-01-17,zero,10,"[""귀리분말"", ""쌀가루"", ""백설탕"", ""채종유(유채유또는카놀라유)"", ""해바라기씨앗"", ""계피가루"", ""베이킹파우더"", ""바닐라향1"", ""정제소금"", ""기타음료""]"
20100543066980,알로에베라킹 제로,오케이에프음료 주식회사,혼합음료,2021-11-15,2024-09-12,zero,12,"[""수크랄로스"", ""향료"", ""구연산"", ""젖산칼슘"", ""과.채가공품"", ""에리스리톨"", ""알로에베라겔즙"", ""정제수"", ""구연산삼나트륨"", ""젤란검"", ""아세설팜칼륨"", ""향료""]"
20210348794378,알룰로스 제로 요거트 파우더,주식회사 알티스트,당류가공품,2025-02-17,2025-02-19,zero,12,"[""수크랄로스"", ""향료"", ""향료제제"", ""혼합제제"", ""향료"", ""향료"", ""과.채가공품"", ""DL-사과산"", ""구연산(무수)"", ""발효유분말"", ""식물성크림"", ""당류가공품""]"
20220520237132,알룰로스 제로밸런스,주식회사 신영허브,당류가공품,2023-08-22,2023-09-22,zero,2,"[""식품첨가물혼합제제"", ""당류가공품""]"
2023028115723,알룰로스 제로슈가,티디바인,당류가공품,2024-02-23,2026-07-01,zero,4,"[""알룰로오스"", ""에리스리톨"", ""스테비올배당체"", ""정제수""]"
202405842004,알밤동동 제로 0.00,(주)우리술,탄산음료,2026-05-29,2026-06-03,zero,11,"[""당류가공품"", ""국"", ""밀"", ""기타과당"", ""쌀"", ""정제수"", ""이산화탄소"", ""치자황색소"", ""향료"", ""구연산"", ""수크랄로스""]"
20020383603812,알부민 인텐시브 골드 당제로,(주)팜텍코리아,혼합음료,2026-01-13,2026-02-05,zero,9,"[""기타가공품"", ""기타가공품"", ""초유단백분말"", ""비타민C"", ""비타민B2"", ""판토텐산칼슘"", ""산화아연"", ""흑삼분말"", ""혼합음료""]"
19900372087930,알부민 인텐시브 골드 당제로,(주)화인내츄럴,혼합음료,2026-02-25,2026-02-28,zero,9,"[""기타가공품"", ""흑삼분말"", ""비타민C"", ""산화아연"", ""판토텐산칼슘"", ""비타민B2"", ""초유단백분말"", ""밀크씨슬추출물분말"", ""기타가공품""]"
19970378043931,알부민365프리미엄골드 당제로,케이지랩(주),혼합음료,2025-12-09,2025-12-11,zero,1,"[""액상차""]"
198604350131344,알오제로,코스맥스바이오(주),기타가공품,2024-02-15,2024-02-17,zero,24,"[""비타민 A 혼합제제"", ""채소혼합분말"", ""비타민C"", ""사과농축분말"", ""이산화규소"", ""효소처리스테비아"", ""포도당"", ""토마토향"", ""에리스리톨"", ""목별열매"", ""이소말트"", ""황산망간"", ""효모추출분말"", ""비타민B6염산염"", ""비타민E혼합제제"", ""비타민B12"", ""혼합제제"", ""레드비트주스분말"", ""타우린"", ""산화아연"", ""니코틴산아미드"", ""밀크씨슬추출물분말"", ""L-메티오닌"", ""산화마그네슘""]"
202202613121761,알파 시클로덱스트린 제로코치,주식회사 제이에스바이오,기타가공품,2025-05-22,2025-05-30,zero,13,"[""기타가공품"", ""혼합제제"", ""효모식품"", ""식품첨가물"", ""기타가공품"", ""과.채가공품"", ""효소처리스테비아"", ""난소화성말토덱스트린분말(고시형)"", ""파인애플향분말"", ""DL-사과산"", ""당류가공품"", ""기타가공품"", ""α-시클로덱스트린""]"
20220520237217,알파 시클로덱스트린 제로핏,주식회사 신영허브,기타가공품,2025-02-25,2025-04-15,zero,3,"[""기타 농산가공품"", ""난소화성말토덱스트린(고시형)"", ""시클로덱스트린""]"
2023048111253,알파 제로핏 원데이 파우더,척척바이오랩(주),기타가공품,2025-07-16,2025-07-24,zero,13,"[""α-시클로덱스트린"", ""난소화성말토덱스트린(고시형)"", ""치커리뿌리추출물분말"", ""파인애플과즙분말"", ""대나무수액"", ""이노시톨"", ""구연산"", ""향료"", ""비타민미네랄혼합분말"", ""효소처리스테비아"", ""식품첨가물"", ""7종 혼합유산균"", ""유산균혼합분말""]"
20170474063343,알파-CD 핏 제로,대원헬스케어주식회사2공장,기타가공품,2025-06-05,2025-06-10,zero,4,"[""대나무수액"", ""이산화규소"", ""난소화성말토덱스트린(고시형)"", ""α-시클로덱스트린""]"
20200391559391,알파CD 더블 제로컷,(주)성진바이오 제1공장,음료베이스,2025-06-13,2025-06-15,zero,6,"[""난소화성말토덱스트린(고시형)"", ""이산화규소"", ""스테아린산마그네슘"", ""레몬과즙분말"", ""비타민C"", ""덱스트린""]"
200704431101045,알파CD 스파클링 제로,(주)삼양패키징광혜원공장,탄산음료,2025-10-14,2025-12-27,zero,13,"[""정제수"", ""혼합제제"", ""수크랄로스"", ""아세설팜칼륨"", ""구연산삼나트륨"", ""향료"", ""과.채가공품"", ""향료"", ""구연산(무수)"", ""난소화성말토덱스트린(고시형)"", ""α-시클로덱스트린"", ""이산화탄소"", ""에리스리톨""]"
20230612332111,알파CD 알파시클로 제로 핏,(주)웰레스트,기타가공품,2025-03-10,2025-03-26,zero,7,"[""α-시클로덱스트린"", ""난소화성말토덱스트린(고시형)"", ""이산화규소"", ""효모식품"", ""락토페린농축물"", ""유산균혼합분말"", ""β-시클로덱스트린""]"
20200389748190,알파CD 알파시클로덱스트린 제로,헬스바이오,기타가공품,2025-04-08,2025-04-14,zero,4,"[""난소화성말토덱스트린(고시형)"", ""α-시클로덱스트린"", ""이산화규소"", ""β-시클로덱스트린""]"
20090043089650,알파CD 알파시클로덱스트린 제로 파우더,(주)토종마을,기타가공품,2025-05-21,2025-05-23,zero,3,"[""α-시클로덱스트린"", ""난소화성말토덱스트린분말(고시형)"", ""양배추분말""]"
20240672181106,알파CD 알파컷 제로,(주)씨이에스팜,당류가공품,2026-06-16,2026-06-17,zero,10,"[""스테아린산마그네슘"", ""이산화규소"", ""포도당"", ""기타 농산가공품"", ""과.채가공품"", ""과.채가공품"", ""레몬버베나분말"", ""글루코만난"", ""알긴산나트륨"", ""당류가공품""]"
20170474063403,알파CD 애프터 핏 제로파우더,대원헬스케어주식회사2공장,기타가공품,2025-12-08,2026-02-04,zero,12,"[""α-시클로덱스트린"", ""난소화성말토덱스트린(고시형)"", ""시클로덱스트린시럽"", ""파인애플식이섬유"", ""이산화규소"", ""파인애플추출분말"", ""γ-시클로덱스트린"", ""효소처리스테비아"", ""자일리톨"", ""유산균혼합분말"", ""프로바이오틱스(고시형)"", ""치커리추출분말""]"
20180442747886,알파CD 원데이 제로컷,(주)원네스팜,기타가공품,2025-10-16,2026-01-15,zero,11,"[""시클로덱스트린"", ""난소화성말토덱스트린(고시형)"", ""향료"", ""당류가공품"", ""DL-사과산"", ""이산화규소"", ""구연산(무수)"", ""효소처리스테비아"", ""수크랄로스"", ""바나바잎 추출물(고시형)"", ""기타가공품""]"
19860443015774,알파CD 제로,(주)네이처텍,기타가공품,2025-04-21,2025-04-29,zero,9,"[""α-시클로덱스트린"", ""난소화성말토덱스트린(고시형)"", ""레몬향분말"", ""레몬과즙분말"", ""구연산(무수)"", ""효소처리스테비아"", ""DL-사과산"", ""이산화규소"", ""수크랄로스""]"
20250470999119,알파CD 제로,주식회사 비에스바이오,기타가공품,2026-06-05,2026-08-07,zero,9,"[""프로테아제(식물성)"", ""과.채가공품"", ""프락토올리고당"", ""기타가공품"", ""곡류가공품"", ""기타가공품"", ""시클로덱스트린"", ""기타가공품"", ""당류가공품""]"
20200391559426,알파CD 제로 컷,(주)성진바이오 제1공장,음료베이스,2026-01-30,2026-02-04,zero,5,"[""기타 농산가공품"", ""α-시클로덱스트린"", ""난소화성말토덱스트린(고시형)"", ""스테아린산마그네슘"", ""이산화규소""]"
20230609874252,알파CD 제로 컷,(주)뉴트리션바이오,기타가공품,2025-04-23,2025-04-26,zero,3,"[""난소화성말토덱스트린(고시형)"", ""α-시클로덱스트린"", ""기타 농산가공품""]"
20210444104267,알파CD 제로부스터,엔에이치 바이오,기타가공품,2025-05-21,2025-05-23,zero,11,"[""시클로덱스트린"", ""덱스트린"", ""에리스리톨"", ""혼합제제"", ""과.채가공품"", ""기타가공품"", ""효소처리스테비아"", ""구연산"", ""DL-사과산"", ""이산화규소"", ""수크랄로스""]"
20220604079129,알파CD 제로컷 원데이핏 알파시클로덱스트린,(주)원일바이오 제1공장,기타가공품,2025-11-04,2026-03-21,zero,3,"[""α-시클로덱스트린"", ""난소화성말토덱스트린(고시형)"", ""이산화규소""]"
20160360030157,알파CD 제로파우더,(주)두리인터내셔날 2공장,기타가공품,2025-04-09,2025-05-13,zero,3,"[""쌀단백분말"", ""난소화성말토덱스트린(고시형)"", ""식품첨가물""]"
20020445181160,알파CD 제로팻,(주)세움바이오텍,기타가공품,2025-03-28,2025-04-12,zero,16,"[""구연산"", ""당류가공품"", ""당류가공품"", ""α-시클로덱스트린"", ""자몽과즙"", ""자몽향"", ""비트루트분말"", ""L-아스코브산칼슘"", ""DL-사과산"", ""난소화성말토덱스트린(고시형)"", ""녹차추출물"", ""식초"", ""보이차추출물(기능성원료인정제2014-7호)"", ""레몬밤추출물"", ""마테추출물분말"", ""가르시니아캄보지아 추출물(고시형)""]"
20230609874243,알파CD 제로팻 (Zero fat) - 알파시클로덱스트린,(주)뉴트리션바이오,기타가공품,2025-04-10,2025-04-26,zero,11,"[""발효식초"", ""차전자피식이섬유(고시형)"", ""과.채가공품"", ""기타가공품"", ""과.채가공품"", ""파인애플향분말"", ""기타가공품"", ""귀리식이섬유"", ""β-시클로덱스트린"", ""난소화성말토덱스트린(고시형)"", ""α-시클로덱스트린""]"
20200391559172,알파CD 제로핏 맥스컷,(주)성진바이오 제1공장,기타가공품,2022-05-12,2025-06-17,zero,6,"[""시클로덱스트린"", ""시클로덱스트린"", ""레몬과즙분말"", ""과.채가공품"", ""기타가공품"", ""락토페린농축물""]"
19900372087822,알파CD 제로핏 알파시클로덱스트린,(주)화인내츄럴,기타가공품,2025-10-21,2025-11-11,zero,9,"[""이산화규소"", ""DL-사과산"", ""구연산(무수)"", ""파인애플맛분말"", ""파인애플향분말"", ""난소화성말토덱스트린(고시형)"", ""α-시클로덱스트린"", ""수크랄로스"", ""효소처리스테비아""]"
20030395019828,알파CD 제로핏 알파시클로덱스트린,(주)유유헬스케어,기타가공품,2025-04-28,2025-04-30,zero,8,"[""효소처리스테비아"", ""시클로덱스트린"", ""난소화성말토덱스트린(고시형)"", ""파인애플향분말"", ""파인애플맛분말"", ""구연산(무수)"", ""제삼인산칼슘"", ""DL-사과산""]"
202102030783236,알파CD 포제로,채움바이오 주식회사,기타가공품,2025-07-14,2025-07-16,zero,5,"[""당류가공품"", ""덱스트린"", ""시클로덱스트린"", ""난소화성말토덱스트린(고시형)"", ""파인애플향분말""]"
20220683125259,알파CD애사비복숭아제로,(유)삼각에프엠씨 웰빙랜드,탄산음료,2025-12-10,2025-12-17,zero,13,"[""정제수"", ""이산화탄소"", ""향료"", ""향료"", ""향료"", ""스테비올배당체"", ""수크랄로스"", ""구연산삼나트륨"", ""DL-사과산"", ""구연산"", ""발효식초"", ""α-시클로덱스트린"", ""에리스리톨""]"
2025069434137,알파CD제로부스터,주식회사대현에벤에셀,기타가공품,2026-08-04,2026-08-08,zero,11,"[""수크랄로스"", ""DL-사과산"", ""구연산(무수)"", ""효소처리스테비아"", ""이산화규소"", ""레몬과즙분말"", ""레몬향분말"", ""에리스리톨"", ""난소화성말토덱스트린(고시형)"", ""α-시클로덱스트린"", ""프로바이오틱스(고시형)""]"
2010027506072,알파CD제로샷,(주)청명자연과학,기타가공품,2025-09-18,2025-10-02,zero,17,"[""α-시클로덱스트린"", ""탄산수소나트륨"", ""당류가공품"", ""수크랄로스"", ""프락토올리고당"", ""난소화성말토덱스트린(고시형)"", ""치커리뿌리추출물"", ""옥수수수염추출분말"", ""효소처리스테비아"", ""고형차"", ""효소식품"", ""혼합제제"", ""식초분말"", ""포도당"", ""에리스리톨"", ""DL-사과산"", ""혼합제제""]"
20010364551805,알파CD제로컷,(주)비오팜,기타가공품,2025-08-28,2026-02-01,zero,10,"[""정제수"", ""α-시클로덱스트린"", ""난소화성말토덱스트린(고시형)"", ""향료제제"", ""구연산"", ""효소처리스테비아"", ""기타 농산가공품"", ""DL-사과산"", ""효소식품"", ""과.채가공품""]"
20030395019813,알파CD제로컷,(주)유유헬스케어,기타가공품,2025-04-09,2025-04-19,zero,9,"[""수크랄로스"", ""효소처리스테비아"", ""이산화규소"", ""과.채가공품"", ""DL-사과산"", ""레몬향분말"", ""레몬맛분말"", ""난소화성말토덱스트린(고시형)"", ""시클로덱스트린""]"
20200450248168,알파CD제로핏,(주)유디바이오,기타가공품,2025-06-17,2025-06-18,zero,9,"[""시클로덱스트린"", ""구연산(무수)"", ""난소화성말토덱스트린분말(고시형)"", ""레드비트농축액"", ""효소처리스테비아"", ""이산화규소"", ""자두향"", ""자두농축"", ""유산균혼합분말""]"
20180442747857,알파CD제로핏,(주)원네스팜,기타가공품,2025-05-14,2025-12-17,zero,10,"[""기타가공품"", ""과.채가공품"", ""향료"", ""과.채가공품"", ""α-시클로덱스트린"", ""기타가공품"", ""효소처리스테비아"", ""구연산(무수)"", ""이산화규소"", ""난소화성말토덱스트린(고시형)""]"
20190491135184,알파사이클로 제로파우더,(주)프롬바이오 익산공장,기타가공품,2025-05-02,2025-05-07,zero,5,"[""효소식품"", ""올리고당"", ""기타 농산가공품"", ""난소화성말토덱스트린(고시형)"", ""α-시클로덱스트린""]"
202202613121746,알파시클로덱스트린 레몬 제로컷,주식회사 제이에스바이오,기타가공품,2025-03-24,2025-04-11,zero,10,"[""DL-사과산"", ""과.채가공품"", ""α-시클로덱스트린"", ""식품첨가물"", ""기타가공품"", ""혼합제제"", ""난소화성말토덱스트린분말(고시형)"", ""효소처리스테비아"", ""혼합제제"", ""기타가공품""]"
20230609874557,알파시클로덱스트린 레몬 제로컷,(주)뉴트리션바이오,기타가공품,2026-07-20,2026-07-23,zero,11,"[""식품첨가물"", ""바나바잎추출물"", ""이산화규소"", ""난소화성말토덱스트린(고시형)"", ""효소처리스테비아"", ""레몬향분말"", ""DL-사과산"", ""과.채가공품"", ""α-시클로덱스트린"", ""기타가공품"", ""혼합제제""]"
20230609874250,알파시클로덱스트린 제로 핏,(주)뉴트리션바이오,기타가공품,2025-04-21,2025-10-17,zero,8,"[""α-시클로덱스트린"", ""난소화성말토덱스트린(고시형)"", ""기타가공품"", ""파인애플향분말"", ""구연산"", ""효소처리스테비아"", ""DL-사과산"", ""이산화규소""]"
20220273857789,알파싸이클로 제로컷,(주)네이처코퍼레이션,기타가공품,2025-05-15,2026-07-01,zero,10,"[""과.채가공품"", ""과.채가공품"", ""고형차"", ""기타가공품"", ""기타가공품"", ""고형차"", ""혼합제제"", ""기타가공품"", ""난소화성말토덱스트린(고시형)"", ""α-시클로덱스트린""]"
2024067218110,알파씨디 알파컷 제로정,(주)씨이에스팜,당류가공품,2025-04-08,2025-07-05,zero,10,"[""당류가공품"", ""스테아린산마그네슘"", ""이산화규소"", ""포도당"", ""기타 농산가공품"", ""과.채가공품"", ""과.채가공품"", ""레몬버베나분말"", ""글루코만난"", ""알긴산나트륨""]"
201906001248,알파제로,메이푸드,기타가공품,2025-07-14,2025-07-16,zero,22,"[""포도당"", ""잇꽃"", ""달맞이꽃씨앗"", ""제비꽃잎"", ""모란꽃잎"", ""무화과열매"", ""보검선인장열매"", ""조"", ""쇠뜨기추출물"", ""천마분말"", ""노니분말"", ""황칠나무추출분말"", ""건조이집트콩"", ""현미가루"", ""콩가루"", ""팥"", ""쌀가루"", ""보리가루"", ""나한과열매"", ""가공소금"", ""구기자나무열매"", ""뽕나무열매""]"
200903083528,알펫제로(ALPET ZERO),(주)크린피스,혼합제제와기구등의살균소독제,2014-05-12,2018-03-27,zero,5,"[""DL-사과산"", ""차추출물"", ""정제수"", ""구연산"", ""자몽종자추출물""]"
200704431101163,애사비 밸런스 스파클링 제로 레몬,(주)삼양패키징광혜원공장,탄산음료,2026-06-16,2026-06-20,zero,13,"[""정제수"", ""수크랄로스"", ""아세설팜칼륨"", ""향료"", ""구연산삼나트륨"", ""DL-사과산"", ""과.채가공품"", ""향료"", ""구연산(무수)"", ""이산화탄소"", ""당류가공품"", ""발효식초"", ""난소화성말토덱스트린(고시형)""]"
200704431101162,애사비 밸런스 스파클링 제로 청사과,(주)삼양패키징광혜원공장,탄산음료,2026-06-16,2026-06-20,zero,14,"[""정제수"", ""수크랄로스"", ""아세설팜칼륨"", ""향료"", ""구연산삼나트륨"", ""향료"", ""DL-사과산"", ""과.채가공품"", ""향료"", ""구연산(무수)"", ""이산화탄소"", ""당류가공품"", ""발효식초"", ""난소화성말토덱스트린(고시형)""]"
20060459041958,애사비 제로톡,에프엔바이오(주),음료베이스,2024-07-09,2024-07-13,zero,21,"[""구연산"", ""탄산수소칼륨"", ""비타민 C(고시형)"", ""식초분말"", ""D-소비톨"", ""탄산칼슘"", ""천도복숭아추출물"", ""복숭아향"", ""녹차추출물분말(고시형)"", ""변성전분"", ""아세설팜칼륨"", ""비트레드"", ""비트레드"", ""수크랄로스"", ""사과농축분말"", ""바나바잎 추출물(고시형)"", ""효모추출물"", ""피쉬콜라겐펩타이드농축액"", ""10종혼합유산균분말"", ""아미노산혼합분말"", ""비타민믹스혼합제제""]"
20090449018516,애터미 카페 아라비카 제로슈가,한국맥널티주식회사,커피,2022-08-30,2023-01-19,zero,5,"[""혼합제제"", ""그린커피빈주정추출물(기능성원료인정제2018-6호)"", ""식물성크림"", ""커피원두분말"", ""인스턴트커피""]"
201005430661130,애플 민트 스파클링 제로,오케이에프음료 주식회사,탄산음료,2023-02-10,2026-06-30,zero,13,"[""정제수"", ""이산화탄소"", ""구연산(무수)"", ""향료"", ""향료"", ""사과농축액"", ""과.채가공품"", ""아세설팜칼륨"", ""천연향료"", ""수크랄로스"", ""홍화황색소"", ""향료"", ""치자청색소""]"
20060372438873,애플 히비스커스티 제로,(주)꽃샘식품,액상차,2023-07-25,2023-07-27,zero,10,"[""수크랄로스"", ""비타민 C 분말"", ""기타가공품"", ""구연산삼나트륨"", ""향료"", ""기타가공품"", ""과.채가공품"", ""구연산"", ""당류가공품"", ""정제수""]"
19960458039706,애플망고 에이드 제로,웅진식품(주),혼합음료,2024-03-06,2024-03-07,zero,14,"[""식용색소황색제4호"", ""식용색소황색제5호"", ""향료"", ""향료"", ""천연향료"", ""아세설팜칼륨"", ""수크랄로스"", ""비타민C"", ""구연산삼나트륨"", ""구연산"", ""망고농축퓌레"", ""에리스리톨"", ""정제수"", ""스테비올배당체""]"
2009030835217,애플제로,(주)크린피스,혼합제제,2022-12-22,2023-01-04,zero,3,"[""구연산"", ""DL-사과산"", ""정제수""]"
19930461022267,야쿠르트 1971 제로,연세대학교 연세유업,유산균음료,2024-09-20,2024-09-23,zero,10,"[""혼합제제"", ""정제수"", ""향료"", ""수크랄로스"", ""아세설팜칼륨"", ""구연산삼나트륨"", ""유산균배양액"", ""에리스리톨"", ""구연산(무수)"", ""DL-사과산""]"
19930461022408,야쿠르트 1971 제로 사과맛,연세대학교 연세유업,유산균음료,2026-02-26,2026-05-05,zero,15,"[""혼합제제"", ""혼합제제"", ""정제수"", ""향료"", ""향료"", ""젖산칼슘"", ""비타민D3혼합제제"", ""향료"", ""수크랄로스"", ""아세설팜칼륨"", ""구연산삼나트륨"", ""DL-사과산"", ""구연산(무수)"", ""사과농축액"", ""유산균배양액""]"
20070443110845,야쿠르트 콤부차 제로,(주)삼양패키징광혜원공장,탄산음료,2024-05-07,2024-05-17,zero,17,"[""식용색소적색제40호"", ""식용색소황색제4호"", ""기타가공품"", ""수크랄로스"", ""난소화성말토덱스트린(고시형)"", ""향료"", ""향료"", ""향료"", ""구연산"", ""액상차"", ""혼합제제"", ""이산화탄소"", ""당류가공품"", ""정제수"", ""향료제제"", ""아세설팜칼륨"", ""구연산삼나트륨""]"
20070443110846,야쿠르트 콤부차 제로 라임맛,(주)삼양패키징광혜원공장,탄산음료,2024-05-07,2024-05-17,zero,14,"[""기타가공품"", ""수크랄로스"", ""난소화성말토덱스트린(고시형)"", ""아세설팜칼륨"", ""향료"", ""향료"", ""향료"", ""향료"", ""구연산"", ""액상차"", ""이산화탄소"", ""당류가공품"", ""식물혼합추출액"", ""정제수""]"
200704431101002,야쿠르트1971 코코바이트 제로 복숭아맛,(주)삼양패키징광혜원공장,혼합음료,2025-05-22,2025-06-18,zero,17,"[""구연산삼나트륨"", ""과.채가공품"", ""젖산칼슘"", ""구연산(무수)"", ""에리스리톨"", ""과.채가공품"", ""스테비올배당체"", ""향료"", ""혼합제제"", ""젤란검"", ""수크랄로스"", ""향료"", ""아세설팜칼륨"", ""정제수"", ""식용색소황색제5호"", ""식용색소적색제40호"", ""기타가공품""]"
200704431101003,야쿠르트1971 코코바이트 제로 야쿠르트맛,(주)삼양패키징광혜원공장,혼합음료,2025-05-22,2025-06-18,zero,16,"[""정제수"", ""식용색소적색제40호"", ""식용색소황색제4호"", ""기타가공품"", ""스테비올배당체"", ""수크랄로스"", ""아세설팜칼륨"", ""젤란검"", ""구연산삼나트륨"", ""향료"", ""젖산칼슘"", ""구연산(무수)"", ""향료제제"", ""혼합제제"", ""에리스리톨"", ""과.채가공품""]"
2023080519577,양반 매실 제로,동아에코팩 주식회사,혼합음료,2024-12-09,2024-12-12,zero,15,"[""스테비올배당체"", ""과.채가공품"", ""수크랄로스"", ""비타민C"", ""아세설팜칼륨"", ""카라멜색소 Ⅳ"", ""혼합제제"", ""향료"", ""구연산삼나트륨"", ""구연산"", ""향료"", ""사과농축액"", ""알룰로오스"", ""매실농축액"", ""정제수""]"
2023080519575,양반 오미자 제로,동아에코팩 주식회사,혼합음료,2024-12-09,2024-12-12,zero,13,"[""구연산삼나트륨"", ""아세설팜칼륨"", ""수크랄로스"", ""과.채가공품"", ""향료"", ""혼합제제"", ""향료"", ""녹차농축액"", ""오미자농축액"", ""구연산"", ""알룰로오스"", ""사과농축액"", ""정제수""]"
2023080519576,양반 유자 제로,동아에코팩 주식회사,혼합음료,2024-12-09,2024-12-12,zero,16,"[""향료"", ""배농축액"", ""구연산"", ""알룰로오스"", ""유자과즙"", ""정제수"", ""과.채가공품"", ""아세설팜칼륨"", ""수크랄로스"", ""향료"", ""구연산삼나트륨"", ""향료"", ""스테비올배당체"", ""과.채가공품"", ""향료"", ""향료""]"
20190413079105,양반유자제로,동원시스템즈(주) 횡성사업장,혼합음료,2022-01-27,2025-08-02,zero,17,"[""정제수"", ""나린진"", ""과.채가공품"", ""향료"", ""향료"", ""향료"", ""향료"", ""향료"", ""구연산삼나트륨"", ""구연산"", ""스테비올배당체"", ""아세설팜칼륨"", ""수크랄로스"", ""과.채가공품"", ""알룰로오스"", ""배농축액"", ""유자과즙""]"
19860358059364,양조간장 제로,샘표식품(주) 이천공장,양조간장,2026-01-20,2026-01-28,zero,7,"[""정제수"", ""탈지대두"", ""밀"", ""천일염"", ""주정"", ""효모추출물"", ""비타민B1라우릴황산염""]"
20230805195126,얼박사 제로,동아에코팩 주식회사,탄산음료,2026-01-26,2026-02-05,zero,20,"[""향료"", ""수크랄로스"", ""혼합제제"", ""펙틴"", ""이노시톨"", ""정제소금"", ""스테비올배당체"", ""아세설팜칼륨"", ""니코틴산아미드"", ""비타민B2인산에스테르나트륨"", ""비타민B6염산염"", ""비타민B1질산염"", ""정제수"", ""알룰로오스"", ""이산화탄소"", ""타우린"", ""구연산"", ""과라나추출물분말"", ""향료"", ""향료""]"
20220683125277,얼비타 제로,(유)삼각에프엠씨 웰빙랜드,탄산음료,2026-03-13,2026-03-20,zero,18,"[""에리스리톨"", ""타우린"", ""카페인"", ""구연산"", ""구연산삼나트륨"", ""아세설팜칼륨"", ""비타민C"", ""정제소금"", ""수크랄로스"", ""비타민B1염산염"", ""비타민B2"", ""비타민B6염산염"", ""비타민B12"", ""향료"", ""향료"", ""이산화탄소"", ""정제수"", ""판토텐산칼슘""]"
20190575042313,에너지워터 블루레몬제로,튤립인터내셔널(주),혼합음료,2025-10-10,2025-10-21,zero,17,"[""정제수"", ""에리스리톨"", ""구연산(결정)"", ""향료"", ""향료"", ""과.채가공품"", ""혼합제제"", ""구연산삼나트륨"", ""정제소금"", ""염화칼륨"", ""젖산칼슘"", ""타우린"", ""염화마그네슘"", ""수크랄로스"", ""아세설팜칼륨"", ""스테비올배당체"", ""식용색소청색제1호""]"
19960458039752,에너지워터 블루레몬제로,웅진식품(주),혼합음료,2025-10-17,2025-10-28,zero,17,"[""정제수"", ""에리스리톨"", ""구연산"", ""레몬농축액"", ""혼합제제"", ""향료제제"", ""향료"", ""구연산삼나트륨"", ""정제소금"", ""염화칼륨"", ""젖산칼슘"", ""타우린"", ""염화마그네슘"", ""수크랄로스"", ""아세설팜칼륨"", ""스테비올배당체"", ""식용색소청색제1호""]"
2021028006714,에리스몽 제로슈가,주식회사 셀메드 1공장,혼합제제,2025-07-07,2025-07-11,zero,3,"[""에리스리톨"", ""효소처리스테비아"", ""나한과추출물분말""]"
20070443110795,에버데이 제로,(주)삼양패키징광혜원공장,혼합음료,2024-02-15,2024-07-02,zero,15,"[""과.채가공품"", ""기타소금"", ""당류가공품"", ""정제수"", ""구연산"", ""혼합제제"", ""향료"", ""향료"", ""아세설팜칼륨"", ""수크랄로스"", ""혼합제제"", ""염화칼륨"", ""염화마그네슘"", ""젖산칼슘"", ""구연산삼나트륨""]"
20070443110796,에버데이 제로 릴렉스,(주)삼양패키징광혜원공장,혼합음료,2024-02-15,2024-07-02,zero,18,"[""식용색소황색제4호"", ""식용색소청색제1호"", ""염화칼륨"", ""염화마그네슘"", ""젖산칼슘"", ""구연산"", ""과.채가공품"", ""혼합제제"", ""비타민B6염산염"", ""테아닌"", ""기타가공품"", ""기타소금"", ""아세설팜칼륨"", ""수크랄로스"", ""정제수"", ""식용색소적색제40호"", ""향료"", ""향료""]"
20070443110797,에버데이 제로 비타민,(주)삼양패키징광혜원공장,혼합음료,2024-02-15,2024-07-02,zero,22,"[""정제수"", ""당류가공품"", ""기타소금"", ""과.채가공품"", ""구연산"", ""구연산삼나트륨"", ""젖산칼슘"", ""염화마그네슘"", ""염화칼륨"", ""비타민C"", ""비타민B2"", ""니코틴산아미드"", ""판토텐산칼슘"", ""비타민B6염산염"", ""혼합제제"", ""수크랄로스"", ""아세설팜칼륨"", ""향료"", ""향료"", ""향료"", ""혼합제제"", ""홍화황색소""]"
20070443110798,에버데이 제로 에너지,(주)삼양패키징광혜원공장,혼합음료,2024-02-15,2024-07-02,zero,21,"[""정제수"", ""난소화성말토덱스트린(고시형)"", ""기타소금"", ""과.채가공품"", ""타우린"", ""L-아르지닌"", ""구연산"", ""수크랄로스"", ""아세설팜칼륨"", ""젖산칼슘"", ""염화마그네슘"", ""염화칼륨"", ""메타인산나트륨"", ""니코틴산아미드"", ""판토텐산칼슘"", ""비타민B6염산염"", ""혼합제제"", ""식용색소적색제40호"", ""식용색소청색제1호"", ""향료"", ""향료""]"
20150275312196,에스트렐라 제로슈거시럽,(주)정심식품,기타가공품,2022-11-09,2022-11-19,zero,5,"[""카복시메틸셀룰로스나트륨"", ""에리스리톨"", ""정제수"", ""수크랄로스"", ""과.채가공품""]"
20040415088168,에이드타임제로티,주식회사 엔푸드,음료베이스,2015-04-15,2016-07-06,zero,10,"[""티베이스"", ""볶음옥수수추출농축액"", ""베리"", ""옥미수엑기스"", ""말토덱스트린"", ""탄산수소나트륨"", ""글리신"", ""옥수수향"", ""안식향산나트륨"", ""정제수""]"
20140445270459,에이바우트커피 제로 바닐라빈 시럽,푸드에이스,당류가공품,2025-06-13,2025-06-27,zero,10,"[""바닐라향"", ""정제수"", ""알룰로오스"", ""소브산칼륨"", ""바닐라빈"", ""규소수지"", ""카라멜색소 Ⅲ"", ""아세설팜칼륨"", ""수크랄로스"", ""스테비텐후레쉬""]"
20180531038232,에프터 제로 스페셜 B,농업회사법인 주식회사 화진 바이오텍,기타가공품,2024-12-09,2026-07-01,zero,4,"[""마늘추출물분말"", ""녹차추출물"", ""인삼추출물"", ""참당귀추출분말""]"
20180531038262,에프터 제로(After Zero),농업회사법인 주식회사 화진 바이오텍,기타가공품,2026-06-01,2026-07-01,zero,1,"[""발효홍삼추출액""]"
20180531038182,에프터제로 골드,농업회사법인 주식회사 화진 바이오텍,기타가공품,2023-02-06,2026-07-01,zero,2,"[""인삼발효추출물"", ""탈지대두분말""]"
20180531038254,에프터제로 골드,농업회사법인 주식회사 화진 바이오텍,기타가공품,2026-04-06,2026-07-01,zero,3,"[""발효홍삼추출액"", ""탈지대두"", ""셀레늄(고시형)""]"
20180531038234,에프터제로 셀레늄,농업회사법인 주식회사 화진 바이오텍,기타가공품,2025-01-31,2026-07-01,zero,1,"[""셀레늄(고시형)""]"
20180531038183,에프터제로 스페셜,농업회사법인 주식회사 화진 바이오텍,기타가공품,2023-02-09,2026-07-01,zero,2,"[""인삼발효추출물"", ""녹차발효추출액""]"
20180531038226,에프터제로 스페셜 C,농업회사법인 주식회사 화진 바이오텍,기타가공품,2024-10-07,2026-07-01,zero,2,"[""인삼발효추출물"", ""녹차발효추출액""]"
2018038538010,에프파이브 브이 제로 (F5 V-ZERO),세종텍(주),차아염소산수미산성,2020-03-04,2026-02-01,zero,2,"[""정제수"", ""염산""]"
200902634473,에프파이브 브이제로(F5 V-ZERO),(주)한국전해수시스템,기타기구등의 살균소독제,2020-03-12,2020-03-21,zero,3,"[""정제수"", ""염산"", ""정제소금""]"
2016037232621,엘보틀 스파이크 제로,(주)엔바이오,혼합음료,2025-10-29,2026-04-09,zero,10,"[""정제수"", ""발효식초"", ""알룰로오스"", ""향료"", ""기타가공품"", ""다류"", ""기타가공품"", ""잔탄검"", ""아세설팜칼륨"", ""스테비올배당체""]"
19930461022286,연세 아이스티 납작복숭아 제로,연세대학교 연세유업,액상차,2024-12-16,2025-01-09,zero,13,"[""과.채가공품"", ""DL-사과산"", ""구연산"", ""구연산삼나트륨"", ""수크랄로스"", ""아세설팜칼륨"", ""고형차"", ""홍차추출액"", ""향료"", ""향료"", ""향료"", ""향료"", ""정제수""]"
19930461022287,연세 아이스티 레몬 제로,연세대학교 연세유업,액상차,2024-12-16,2025-01-09,zero,13,"[""과.채가공품"", ""고형차"", ""DL-사과산"", ""구연산"", ""구연산삼나트륨"", ""수크랄로스"", ""아세설팜칼륨"", ""홍차추출액"", ""정제수"", ""향료제제"", ""향료"", ""향료"", ""향료""]"
20170347016281,영커피 제로슈가 바닐라파우더,(주)베오베,당류가공품,2025-02-25,2025-03-01,zero,12,"[""수크랄로스"", ""효소처리스테비아"", ""향료"", ""커피"", ""향료"", ""정제소금"", ""구아검"", ""카제인나트륨"", ""혼합제제"", ""에리스리톨"", ""D-말티톨"", ""식물성크림""]"
20170347016254,영커피 제로슈가 복숭아 아이스티,(주)베오베,고형차,2024-05-07,2024-05-08,zero,11,"[""수크랄로스"", ""혼합제제"", ""제삼인산칼슘"", ""과.채가공품"", ""비타민C"", ""DL-사과산"", ""향료"", ""구연산(무수)"", ""고형차"", ""에리스리톨"", ""D-말티톨""]"
20170347016253,영커피 제로슈가 청사과 파우더,(주)베오베,당류가공품,2024-05-07,2024-05-08,zero,10,"[""혼합제제"", ""향료"", ""수크랄로스"", ""제삼인산칼슘"", ""DL-사과산"", ""과.채가공품"", ""향료"", ""구연산(무수)"", ""에리스리톨"", ""D-말티톨""]"
20170347016280,영커피 제로슈가 초코파우더,(주)베오베,당류가공품,2025-02-25,2025-03-01,zero,13,"[""향료"", ""수크랄로스"", ""자당지방산에스테르"", ""제삼인산칼슘"", ""D-말티톨"", ""에리스리톨"", ""코코아분말"", ""코코아분말"", ""식물성크림"", ""향료"", ""변성전분"", ""구아검"", ""정제소금""]"
20190391313722,오가다 제로바닐라시럽,(주)태향,음료베이스,2026-06-24,2026-07-09,zero,12,"[""안식향산나트륨"", ""산도조절제"", ""당류가공품"", ""잔탄검"", ""효소처리스테비아"", ""혼합제제"", ""에리스리톨"", ""당류가공품"", ""정제수"", ""향료"", ""아세설팜칼륨"", ""수크랄로스""]"
20170275127589,오가다 제로슈가슈퍼드링크베이스,주식회사 엔아이에프,음료베이스,2026-06-19,2026-06-25,zero,29,"[""판토텐산칼슘"", ""포도과피색소"", ""식품첨가물"", ""구연산"", ""향료"", ""향료"", ""정제수"", ""당류가공품"", ""혼합제제"", ""혼합제제"", ""메타인산나트륨"", ""안식향산나트륨"", ""구연산삼나트륨"", ""폴리인산나트륨"", ""식품첨가물"", ""수크랄로스"", ""아세설팜칼륨"", ""정제소금"", ""기타 농산가공품"", ""타우린"", ""비타민B2"", ""니코틴산아미드"", ""비타민B6염산염"", ""비타민B12"", ""혼합제제"", ""구연산칼륨"", ""염화칼슘"", ""염화마그네슘"", ""제삼인산칼륨""]"
20190391313723,오가다 제로헤이즐넛시럽,(주)태향,음료베이스,2026-06-24,2026-07-09,zero,13,"[""정제수"", ""혼합제제"", ""향료"", ""아세설팜칼륨"", ""수크랄로스"", ""안식향산나트륨"", ""산도조절제"", ""당류가공품"", ""잔탄검"", ""효소처리스테비아"", ""향료"", ""에리스리톨"", ""당류가공품""]"
201104452921155,오늘의일상 하이볼향시럽제로 레몬,(주)흥국에프엔비,당류가공품,2024-05-29,2024-06-11,zero,10,"[""정제수"", ""향료"", ""천연향료"", ""치자황색소"", ""레몬농축액"", ""알룰로오스"", ""에리스리톨"", ""구연산"", ""효소처리스테비아"", ""아세설팜칼륨""]"
201104452921159,오늘의일상 하이볼향시럽제로 핑크자몽,(주)흥국에프엔비,당류가공품,2024-06-05,2024-06-11,zero,13,"[""혼합제제"", ""자주색고구마색소"", ""나린진"", ""효소처리스테비아"", ""구연산"", ""유자착즙액"", ""레드자몽농축액"", ""에리스리톨"", ""알룰로오스"", ""향료"", ""정제수"", ""향료"", ""향료""]"
19800415004517,오늘좋은 그레이프 스파클링 제로,(주)일화초정공장,탄산음료,2026-02-12,2026-05-14,zero,13,"[""식용색소청색제1호"", ""식용색소적색제40호"", ""구연산삼나트륨"", ""L-주석산"", ""구연산"", ""아세설팜칼륨"", ""수크랄로스"", ""알룰로오스"", ""천연향료"", ""향료"", ""향료"", ""이산화탄소"", ""정제수""]"
19800415004518,오늘좋은 그린애플 스파클링 제로,(주)일화초정공장,탄산음료,2026-02-12,2026-04-09,zero,11,"[""알룰로오스"", ""아세설팜칼륨"", ""수크랄로스"", ""구연산"", ""메타인산나트륨"", ""카라멜색소 Ⅳ"", ""향료"", ""향료"", ""천연향료"", ""이산화탄소"", ""정제수""]"
201005430661692,오늘좋은 복숭아 아이스티 제로,오케이에프음료 주식회사,혼합음료,2026-02-20,2026-02-23,zero,12,"[""스테비올배당체"", ""수크랄로스"", ""비타민C"", ""구연산삼나트륨"", ""향료"", ""향료"", ""향료"", ""과.채가공품"", ""홍차추출분말"", ""구연산"", ""알룰로오스"", ""정제수""]"
198904450141087,오늘좋은 복숭아아이스티제로,태웅식품(주),혼합음료,2026-05-08,2026-08-01,zero,13,"[""복숭아향"", ""혼합제제"", ""정제소금"", ""구연산삼나트륨"", ""구연산"", ""당시럽류"", ""아세설팜칼륨"", ""수크랄로스"", ""에리스리톨"", ""홍차추출분말"", ""복사나무열매농축액"", ""정제수"", ""복숭아향""]"
20140368660538,오늘좋은 아메리카노 스위트 제로,(주)자임에프앤비,커피,2026-07-24,2026-08-05,zero,10,"[""수크랄로스"", ""자몽종자추출물"", ""비타민C"", ""구연산"", ""탄산수소나트륨"", ""향료"", ""에스프레소커피추출액"", ""향료"", ""인스턴트커피"", ""정제수""]"
198904450141064,오늘좋은 아샷추 망고 제로,태웅식품(주),커피,2025-01-24,2025-02-14,zero,13,"[""정제수"", ""커피향"", ""망고향"", ""비타민C"", ""카복시메틸셀룰로스나트륨"", ""구연산삼나트륨"", ""구연산"", ""혼합제제"", ""효소처리스테비아"", ""수크랄로스"", ""에리스리톨"", ""망고농축액"", ""커피농축액""]"
198904450141063,오늘좋은 아샷추 복숭아 제로,태웅식품(주),커피,2025-01-24,2025-02-14,zero,10,"[""정제수"", ""커피향"", ""복숭아향"", ""구연산"", ""혼합제제"", ""아세설팜칼륨"", ""수크랄로스"", ""홍차추출분말"", ""복사나무열매농축액"", ""커피농축액""]"
19800415004528,오늘좋은 파인애플 스파클링 제로,(주)일화초정공장,탄산음료,2026-06-24,2026-06-25,zero,14,"[""알룰로오스"", ""구연산"", ""혼합제제"", ""메타인산나트륨"", ""수크랄로스"", ""아세설팜칼륨"", ""식용색소황색제4호"", ""식용색소황색제5호"", ""향료"", ""향료"", ""향료"", ""천연향료"", ""이산화탄소"", ""정제수""]"
19800415004527,오렌지소다 제로,(주)일화초정공장,탄산음료,2026-07-01,2026-07-03,zero,13,"[""알룰로오스"", ""수크랄로스"", ""아세설팜칼륨"", ""구연산"", ""구연산삼나트륨"", ""식용색소황색제5호"", ""혼합제제"", ""향료"", ""향료"", ""향료"", ""천연향료"", ""이산화탄소"", ""정제수""]"
20030473071542,오렌지향 제로,건강한사람들 주식회사 2사업장,탄산음료,2026-06-11,2026-06-12,zero,11,"[""정제수"", ""이산화탄소"", ""향료"", ""혼합제제"", ""식용색소황색제5호"", ""수크랄로스"", ""아세설팜칼륨"", ""구연산삼나트륨"", ""DL-사과산"", ""구연산"", ""알룰로오스""]"
201005430661240,오렌지향 제로탄산,오케이에프음료 주식회사,탄산음료,2023-10-23,2023-11-04,zero,8,"[""아세설팜칼륨"", ""수크랄로스"", ""구연산"", ""천연향료"", ""향료"", ""이산화탄소"", ""에리스리톨"", ""정제수""]"
19980364326770,오롯이 제로슈가 커피믹스,(주)가배온,커피,2021-02-04,2026-02-01,zero,6,"[""식물성크림"", ""효소처리스테비아"", ""커피"", ""커피"", ""에리스리톨"", ""수크랄로스""]"
20170449030718,오르조 보리 제로 카페인 블렌드,주식회사 코스팜,고형차,2026-03-18,2026-03-19,zero,9,"[""보리추출물분말"", ""타우린"", ""혼합제제"", ""L-아르지닌"", ""비타민B2"", ""비타민B1염산염"", ""비타민B6염산염"", ""L-카르니틴"", ""니코틴산아미드""]"
20190575042263,오리지널 뉴욕셀처 라즈베리 소다 제로,튤립인터내셔널(주),탄산음료,2025-05-09,2025-05-14,zero,12,"[""이산화탄소"", ""향료"", ""향료"", ""향료"", ""구연산삼나트륨"", ""구연산(무수)"", ""사카린나트륨"", ""효소처리스테비아"", ""수크랄로스"", ""아세설팜칼륨"", ""알룰로오스"", ""정제수""]"
20190575042262,오리지널 뉴욕셀처 바닐라 크림 소다 제로,튤립인터내셔널(주),탄산음료,2025-05-09,2025-05-14,zero,12,"[""정제수"", ""이산화탄소"", ""향료"", ""향료"", ""향료"", ""구연산삼나트륨"", ""구연산(무수)"", ""사카린나트륨"", ""효소처리스테비아"", ""수크랄로스"", ""아세설팜칼륨"", ""알룰로오스""]"
20190575042264,오리지널 뉴욕셀처 블랙체리 소다 제로,튤립인터내셔널(주),탄산음료,2025-05-09,2025-05-14,zero,11,"[""효소처리스테비아"", ""사카린나트륨"", ""구연산(무수)"", ""구연산삼나트륨"", ""향료"", ""향료"", ""이산화탄소"", ""정제수"", ""수크랄로스"", ""아세설팜칼륨"", ""알룰로오스""]"
20190575042265,오리지널 뉴욕셀처 콜라&베리 소다 제로,튤립인터내셔널(주),탄산음료,2025-05-09,2025-05-14,zero,13,"[""알룰로오스"", ""아세설팜칼륨"", ""수크랄로스"", ""효소처리스테비아"", ""사카린나트륨"", ""구연산(무수)"", ""구연산삼나트륨"", ""향료"", ""향료"", ""향료"", ""향료"", ""이산화탄소"", ""정제수""]"
20060445009167,오붐 요거트 파우더 제로,(주)에이원카프,기타가공품,2017-03-07,2026-07-09,zero,9,"[""에리스리톨"", ""나한과추출물분말"", ""발효유분말"", ""DL-사과산"", ""구연산"", ""구아검"", ""이산화규소"", ""향료"", ""향료제제""]"
20060445009419,오붐 제주 말차 파우더 제로,(주)에이원카프,기타가공품,2025-10-21,2026-04-11,zero,3,"[""나한과추출물분말"", ""고형차"", ""에리스리톨""]"
20060445009421,오붐 초코라떼 파우더 제로,(주)에이원카프,기타 코코아가공품,2025-10-31,2025-11-08,zero,5,"[""식물성크림"", ""코코아분말"", ""에리스리톨"", ""나한과추출물분말"", ""코코아분말""]"
20080395120884,올데이프룻 제로 사과,(주)서울에프엔비 횡성지점,혼합음료,2025-12-16,2025-12-18,zero,13,"[""정제수"", ""에리스리톨"", ""폴리덱스트로스"", ""과.채가공품"", ""구연산"", ""비타민C"", ""향료"", ""향료"", ""향료"", ""수크랄로스"", ""구연산삼나트륨"", ""아세설팜칼륨"", ""스테비올배당체""]"
20080395120815,올데이프룻 제로 청매실,(주)서울에프엔비 횡성지점,혼합음료,2025-01-13,2025-05-24,zero,12,"[""구연산"", ""매실추출물(고시형)"", ""에리스리톨"", ""정제수"", ""폴리덱스트로스"", ""매실향"", ""비타민C"", ""매실향"", ""아세설팜칼륨"", ""구연산삼나트륨"", ""매실향"", ""수크랄로스""]"
20220273857825,올리트루 알파CD 제로핏,(주)네이처코퍼레이션,기타가공품,2025-06-10,2026-07-01,zero,12,"[""이산화규소"", ""DL-사과산"", ""효소처리스테비아"", ""구연산(무수)"", ""과.채가공품"", ""과.채가공품"", ""과.채가공품"", ""혼합제제"", ""기타가공품"", ""난소화성말토덱스트린(고시형)"", ""β-시클로덱스트린"", ""α-시클로덱스트린""]"
200705200791,올제로(ALLZERO),농업회사법인(주)고려홍삼공사,혼합음료,2016-06-02,2026-07-01,zero,8,"[""파인애플추출물"", ""과당"", ""당근추출액"", ""홍삼액"", ""감식초"", ""정제수"", ""탄산칼슘"", ""구연산""]"
19880607021424,와송제로시럽 오리지널맛,(주)케이지앤에프,액상차,2024-07-18,2024-07-20,zero,5,"[""액상차"", ""에리스리톨"", ""과.채가공품"", ""효소처리스테비아"", ""천일염""]"
19920624042899,와이낫 제로 스파클링 레몬,(주)상일,탄산음료,2022-09-29,2023-02-02,zero,12,"[""효소처리스테비아"", ""아세설팜칼륨"", ""수크랄로스"", ""구연산삼나트륨"", ""DL-사과산"", ""향료"", ""향료"", ""향료"", ""구연산"", ""이산화탄소"", ""에리스리톨"", ""정제수""]"
19920624042898,와이낫 제로 스파클링 애플,(주)상일,탄산음료,2022-09-29,2023-02-02,zero,8,"[""효소처리스테비아"", ""향료"", ""수크랄로스"", ""구연산"", ""향료"", ""이산화탄소"", ""에리스리톨"", ""정제수""]"
2023073720724,왓더파머스 제로 두부과자,농업회사법인(주)담양한과명진식품,과자,2025-03-28,2026-07-01,zero,7,"[""재제소금(재제조소금)"", ""콩기름(대두유)"", ""검정깨(흑임자)"", ""계란"", ""정제수"", ""두부"", ""밀가루""]"
20170333328339,왓더파머스 제로 알룰로스 액상,자연농장,당류가공품,2024-10-24,2024-10-26,zero,3,"[""알룰로오스"", ""나한과분말"", ""스테비올배당체""]"
19800493005190,왕포도알 제로슈가,(주)서주,빙과,2025-04-07,2025-04-12,zero,17,"[""과.채가공품"", ""수크랄로스"", ""아세설팜칼륨"", ""카라기난"", ""효소처리스테비아"", ""구아검"", ""혼합제제"", ""향료"", ""DL-사과산"", ""정제소금"", ""혼합제제"", ""향료"", ""혼합제제"", ""구연산(결정)"", ""에리스리톨"", ""말티톨시럽"", ""정제수""]"
2021038519359,요거팡 제로슈거 요거트파우더,솔러블(SOLABlE),기타가공품,2025-07-08,2026-02-01,zero,10,"[""효소처리스테비아"", ""구아검"", ""향료"", ""혼합분유"", ""식물성크림"", ""DL-사과산"", ""구연산"", ""덱스트린"", ""에리스리톨"", ""알룰로오스""]"
201005430661173,요구르트스파클링 제로,오케이에프음료 주식회사,탄산음료,2023-05-15,2023-05-16,zero,19,"[""기타가공품"", ""식용색소황색제5호"", ""정제수"", ""이산화탄소"", ""혼합분유"", ""향료"", ""향료"", ""향료"", ""구연산"", ""두류가공품"", ""구연산삼나트륨"", ""아미드펙틴"", ""아세설팜칼륨"", ""아스파탐"", ""혼합제제"", ""샤베트믹스"", ""메타인산나트륨"", ""수크랄로스"", ""식용색소황색제4호""]"
19960458039721,웅진 아침햇살 제로슈가,웅진식품(주),혼합음료,2024-09-23,2024-09-24,zero,17,"[""현미추출액"", ""쌀추출액"", ""덱스트린"", ""수크랄로스"", ""에리스리톨"", ""미강유(현미유)"", ""자당지방산에스테르"", ""글리세린지방산에스테르"", ""글리세린호박산지방산에스테르"", ""향료"", ""향료"", ""향료"", ""정제소금"", ""정제수"", ""자몽종자추출물"", ""스테비올배당체"", ""식물성크림""]"
19920562023514,웅진 초록매실 스파클링 제로,대경사과원예농협음료가공공장,탄산음료,2025-02-06,2025-02-08,zero,14,"[""비타민C"", ""아세설팜칼륨"", ""수크랄로스"", ""스테비올배당체"", ""정제수"", ""에리스리톨"", ""이산화탄소"", ""매실농축액"", ""구연산"", ""향료"", ""향료"", ""향료"", ""카라멜색소 Ⅲ"", ""구연산삼나트륨""]"
19920624042945,웅진 초록매실 스파클링 제로,(주)상일,탄산음료,2025-01-21,2025-01-23,zero,14,"[""구연산"", ""이산화탄소"", ""에리스리톨"", ""정제수"", ""향료"", ""향료"", ""향료"", ""카라멜색소 Ⅲ"", ""구연산삼나트륨"", ""아세설팜칼륨"", ""수크랄로스"", ""비타민C"", ""매실농축액"", ""스테비올배당체""]"
20170449030691,원데이 제로팻 알파CD,주식회사 코스팜,기타가공품,2025-10-30,2025-11-01,zero,13,"[""효소식품"", ""β-시클로덱스트린"", ""과.채가공품"", ""발효식초"", ""귀리식이섬유"", ""구연산(무수)"", ""이산화규소"", ""혼합제제"", ""DL-사과산"", ""효소처리스테비아"", ""난소화성말토덱스트린(고시형)"", ""이소말트"", ""α-시클로덱스트린""]"
20190404584193,월드B제로알로에향MJF05,어업회사법인월드푸드서비시즈(주),향료,2024-03-08,2024-03-15,zero,7,"[""알로에향"", ""주정"", ""프로필렌글리콜"", ""사카린나트륨"", ""재제소금(재제조소금)"", ""정제수"", ""알로에향""]"
20190404584172,월드M제로알로에향230725,어업회사법인월드푸드서비시즈(주),향료,2023-08-08,2023-08-12,zero,7,"[""알로에향"", ""알로에향"", ""주정"", ""프로필렌글리콜"", ""재제소금(재제조소금)"", ""사카린나트륨"", ""정제수""]"
20020445181267,웰링티 제로,(주)세움바이오텍,음료베이스,2026-06-23,2026-06-25,zero,17,"[""에리스리톨"", ""구연산삼나트륨"", ""비타민C"", ""DL-사과산"", ""레몬향"", ""향료"", ""정제소금"", ""레몬과즙분말"", ""수크랄로스"", ""효소처리스테비아"", ""구연산칼륨"", ""니코틴산아미드"", ""산화마그네슘"", ""판토텐산칼슘"", ""산화아연"", ""비타민B6염산염"", ""비타민B1염산염""]"
20220273857476,웰빙홀릭 브로멜라인 스웰제로,(주)네이처코퍼레이션,과.채가공품,2024-09-27,2026-07-01,zero,11,"[""포도당"", ""구연산칼륨"", ""과.채가공품"", ""고형차"", ""고형차"", ""스테아린산마그네슘"", ""기타가공품"", ""기타가공품"", ""이산화규소"", ""과.채가공품"", ""효소식품""]"
20030473071421,웰치 제로 그레이프,건강한사람들 주식회사 2사업장,탄산음료,2022-05-17,2024-03-14,zero,9,"[""당류가공품"", ""음료베이스"", ""구연산"", ""구연산칼륨"", ""아세설팜칼륨"", ""수크랄로스"", ""혼합제제"", ""이산화탄소"", ""정제수""]"
20030473071446,웰치 제로 샤인머스캣,건강한사람들 주식회사 2사업장,탄산음료,2023-03-06,2024-06-25,zero,12,"[""향료"", ""향료"", ""혼합제제"", ""수크랄로스"", ""아세설팜칼륨"", ""과.채가공품"", ""구연산"", ""향료제제"", ""알룰로오스"", ""향료"", ""이산화탄소"", ""정제수""]"
20030473071422,웰치 제로 오렌지,건강한사람들 주식회사 2사업장,탄산음료,2022-05-17,2022-05-28,zero,8,"[""이산화탄소"", ""수크랄로스"", ""아세설팜칼륨"", ""구연산"", ""과.채가공품"", ""혼합제제"", ""당류가공품"", ""정제수""]"
19920562023458,웰치스 제로 그레이프,대경사과원예농협음료가공공장,탄산음료,2022-08-24,2025-12-10,zero,9,"[""당류가공품"", ""식품첨가물혼합제제"", ""구연산"", ""구연산칼륨"", ""아세설팜칼륨"", ""수크랄로스"", ""합성향료"", ""이산화탄소"", ""정제수""]"
19890528010150,웰치스 제로 그레이프맛,보해양조(주) 장성공장,탄산음료,2022-07-11,2026-07-01,zero,9,"[""정제수"", ""알룰로오스"", ""혼합제제"", ""구연산"", ""구연산칼륨"", ""아세설팜칼륨"", ""수크랄로스"", ""합성향료"", ""이산화탄소""]"
19920562023453,웰치스 제로 그레이프맛,대경사과원예농협음료가공공장,탄산음료,2022-03-31,2025-12-18,zero,9,"[""당류가공품"", ""식품첨가물혼합제제"", ""구연산"", ""구연산칼륨"", ""아세설팜칼륨"", ""수크랄로스"", ""합성향료"", ""이산화탄소"", ""정제수""]"
19920562023477,웰치스 제로 샤인머스캣,대경사과원예농협음료가공공장,탄산음료,2024-02-27,2025-12-18,zero,11,"[""정제수"", ""당류가공품"", ""향료제제"", ""구연산"", ""과.채가공품"", ""아세설팜칼륨"", ""수크랄로스"", ""식품첨가물혼합제제"", ""향료"", ""식품첨가물혼합제제"", ""이산화탄소""]"
19920562023476,웰치스 제로 샤인머스캣맛,대경사과원예농협음료가공공장,탄산음료,2023-04-11,2025-12-18,zero,11,"[""이산화탄소"", ""향료"", ""식품첨가물혼합제제"", ""식품첨가물혼합제제"", ""수크랄로스"", ""아세설팜칼륨"", ""과.채가공품"", ""구연산"", ""향료제제"", ""알룰로오스"", ""정제수""]"
19890528010155,웰치스 제로 샤인머스캣맛,보해양조(주) 장성공장,탄산음료,2023-04-17,2026-07-01,zero,12,"[""과.채가공품"", ""수크랄로스"", ""혼합제제"", ""향료"", ""혼합제제"", ""향료"", ""이산화탄소"", ""아세설팜칼륨"", ""구연산"", ""향료제제"", ""알룰로오스"", ""정제수""]"
19920562023528,웰치스 제로 애플망고맛,대경사과원예농협음료가공공장,탄산음료,2026-02-10,2026-02-12,zero,16,"[""정제수"", ""이산화탄소"", ""식용색소적색제40호"", ""알룰로오스"", ""구연산"", ""향료"", ""향료"", ""향료"", ""향료"", ""식품첨가물혼합제제"", ""과.채가공품"", ""수크랄로스"", ""아세설팜칼륨"", ""향료"", ""식용색소황색제5호"", ""식용색소황색제4호""]"
19920562023459,웰치스 제로 오렌지,대경사과원예농협음료가공공장,탄산음료,2022-08-24,2025-12-18,zero,8,"[""정제수"", ""아세설팜칼륨"", ""오렌지농축액"", ""구연산"", ""식품첨가물혼합제제"", ""당류가공품"", ""수크랄로스"", ""이산화탄소""]"
19920562023454,웰치스 제로 오렌지맛,대경사과원예농협음료가공공장,탄산음료,2022-03-31,2025-12-18,zero,8,"[""정제수"", ""이산화탄소"", ""수크랄로스"", ""아세설팜칼륨"", ""오렌지농축액"", ""구연산"", ""식품첨가물혼합제제"", ""당류가공품""]"
19920562023490,웰치스 제로 체리스트로베리,대경사과원예농협음료가공공장,탄산음료,2024-02-27,2025-12-18,zero,12,"[""향료"", ""향료제제"", ""식용색소적색제40호"", ""아세설팜칼륨"", ""수크랄로스"", ""이산화탄소"", ""딸기농축액"", ""체리농축액"", ""구연산"", ""식품첨가물혼합제제"", ""당류가공품"", ""정제수""]"
19920562023488,웰치스 제로 체리스트로베리맛,대경사과원예농협음료가공공장,탄산음료,2024-02-08,2025-12-13,zero,12,"[""정제수"", ""당류가공품"", ""식품첨가물혼합제제"", ""향료"", ""향료제제"", ""구연산"", ""체리농축액"", ""딸기농축액"", ""수크랄로스"", ""아세설팜칼륨"", ""식용색소적색제40호"", ""이산화탄소""]"
2022044153040,위드잇 제로 마라스톡 매운맛,농업회사법인 엔엘글로벌(주),복합조미식품,2026-03-26,2026-05-12,zero,8,"[""당류가공품"", ""고춧가루"", ""양파분말"", ""건마늘분말"", ""초피나무열매분말"", ""효모추출물"", ""사골추출분말"", ""정제소금""]"
2022044153039,위드잇 제로 마라스톡 순한맛,농업회사법인 엔엘글로벌(주),복합조미식품,2026-03-13,2026-05-12,zero,8,"[""사골추출분말"", ""정제소금"", ""당류가공품"", ""고춧가루"", ""양파분말"", ""건마늘분말"", ""효모추출물"", ""산초나무열매분말""]"
20080375069188,위드잇 제로 우리쌀면,농업회사법인 현농 주식회사,건면,2023-06-09,2026-03-21,zero,2,"[""쌀가루"", ""정제소금""]"
20100308291132,유러피안 1일 1샐러드 with 제로슈가 드레싱,농업회사법인 팜에이트 주식회사,즉석섭취식품,2019-02-08,2023-03-23,zero,4,"[""상추"", ""소스"", ""상추"", ""상추""]"
20100308291131,유러피안 1일 1샐러드 with 제로팻 드레싱,농업회사법인 팜에이트 주식회사,즉석섭취식품,2019-02-08,2023-03-23,zero,4,"[""상추"", ""소스"", ""상추"", ""상추""]"
200703582241618,유산균 제로슈가 구미,코스맥스엔비티(주),캔디류,2026-03-13,2026-06-06,zero,14,"[""프로바이오틱스(고시형)"", ""수크랄로스"", ""글리세린지방산에스테르"", ""기타 식용유지가공품"", ""과.채가공품"", ""향료"", ""구연산"", ""기타가공품"", ""정제수"", ""젤라틴"", ""말티톨액"", ""서양자두농축액"", ""포도농축액"", ""치커리뿌리추출물분말""]"
2022078026653,유어스 레몬라임 제로 에이드,(주)에이트리에프앤비,혼합음료,2024-04-01,2024-04-05,zero,11,"[""정제수"", ""시트러스향"", ""레몬농축액"", ""구연산"", ""에리스리톨"", ""정제소금"", ""구연산삼나트륨"", ""수크랄로스"", ""아세설팜칼륨"", ""라임향"", ""합성향료""]"
20080614259691,유어스 벤티 제로헤이즐넛향,(주)희창유업 제2공장,커피,2022-03-17,2022-04-08,zero,11,"[""정제수"", ""커피농축액"", ""에리스리톨"", ""커피추출액"", ""탄산수소나트륨"", ""아세설팜칼륨"", ""감귤류추출액"", ""수크랄로스"", ""효소처리스테비아"", ""합성향료"", ""합성향료""]"
2022078026652,유어스 샤인머스캣 제로 에이드,(주)에이트리에프앤비,혼합음료,2024-04-01,2024-04-05,zero,10,"[""과일혼합농축액"", ""구연산"", ""에리스리톨"", ""정제소금"", ""수크랄로스"", ""아세설팜칼륨"", ""합성향료"", ""합성향료"", ""시트러스향"", ""정제수""]"
201005430661308,유자 아이스티 제로,오케이에프음료 주식회사,혼합음료,2024-02-19,2024-11-06,zero,11,"[""스테비올배당체"", ""정제수"", ""에리스리톨"", ""향료"", ""구연산"", ""유자청징농축액"", ""홍차추출분말"", ""구연산삼나트륨"", ""비타민C"", ""수크랄로스"", ""향료""]"
200201832821344,유자그린티 아이스티(제로),(주)푸드웰,액상차,2025-04-02,2025-04-23,zero,15,"[""효소처리스테비아"", ""구연산삼나트륨"", ""아세설팜칼륨"", ""수크랄로스"", ""과.채가공품"", ""비타민C"", ""펙틴"", ""향료"", ""향료"", ""구연산"", ""침출차"", ""침출차"", ""에리스리톨"", ""정제수"", ""혼합제제""]"
20070443110877,유자몽 블랙티 제로,(주)삼양패키징광혜원공장,혼합음료,2024-07-29,2025-01-25,zero,13,"[""향료"", ""구연산"", ""에리스리톨"", ""식물혼합추출액"", ""과.채가공품"", ""과.채가공품"", ""향료"", ""향료"", ""정제수"", ""식용색소적색제40호"", ""수크랄로스"", ""구연산삼나트륨"", ""아세설팜칼륨""]"
2023028115736,윤식단 제로,티디바인,당류가공품,2024-07-26,2026-07-01,zero,5,"[""정제수"", ""아라비아검"", ""스테비올배당체"", ""에리스리톨"", ""알룰로오스""]"
201703333281108,이강베 강한 제로 복숭아아이스티,자연농장,액상차,2023-06-08,2023-06-13,zero,12,"[""정제수"", ""알룰로오스"", ""아세설팜칼륨"", ""효소처리스테비아"", ""액상복숭아향"", ""복숭아농축액"", ""홍차추출분말"", ""DL-사과산"", ""구연산(무수)"", ""비타민C"", ""수크랄로스"", ""카복시메틸셀룰로스나트륨""]"
20170333328497,이강베 제로레몬,자연농장,액상차,2025-09-09,2025-11-19,zero,14,"[""구연산삼나트륨"", ""카복시메틸셀룰로스나트륨"", ""라임향"", ""비타민C"", ""구연산(무수)"", ""DL-사과산"", ""레몬퓌레"", ""레몬농축액"", ""레몬향"", ""효소처리스테비아"", ""아세설팜칼륨"", ""알룰로오스"", ""정제수"", ""치자황색소혼합제제""]"
2019035026622,이강베 제로말차,정우푸드,기타가공품,2023-12-26,2025-10-18,zero,6,"[""녹차가루"", ""에리스리톨"", ""알룰로오스"", ""녹차향"", ""효소처리스테비아"", ""녹차가루""]"
20170333328244,이강베 제로밀크티,자연농장,액상차,2023-12-26,2024-01-05,zero,8,"[""홍차추출분말"", ""정제수"", ""효소처리스테비아"", ""홍차향"", ""비타민C"", ""아세설팜칼륨"", ""알룰로오스"", ""정제소금""]"
20170333328245,이강베 제로복숭아아이스티,자연농장,액상차,2023-12-26,2025-04-01,zero,13,"[""구연산삼나트륨"", ""카복시메틸셀룰로스나트륨"", ""수크랄로스"", ""비타민C"", ""구연산(무수)"", ""정제수"", ""알룰로오스"", ""아세설팜칼륨"", ""효소처리스테비아"", ""액상복숭아향"", ""복사나무열매농축액"", ""홍차추출분말"", ""DL-사과산""]"
2019035026626,이강베 제로초코,정우푸드,기타가공품,2023-12-26,2023-12-29,zero,6,"[""알룰로오스"", ""코코아분말"", ""효소처리스테비아"", ""정제소금"", ""초코향분말"", ""에리스리톨""]"
201903502668,이강베 제로초코45,정우푸드,기타 코코아가공품,2023-03-13,2023-03-31,zero,4,"[""알룰로오스"", ""코코아분말"", ""정제소금"", ""효소처리스테비아""]"
201904470711,이끼제로,(주)에이피에스,과산화초산제제,2019-11-08,2020-09-03,zero,1,"[""과산화초산""]"
20240580259156,이데아 당류제로 초코크런치,(주)해명씨앤씨,초콜릿가공품,2026-04-01,2026-04-21,zero,4,"[""과.채가공품"", ""혼합제제"", ""두류가공품"", ""초콜릿""]"
20200324065126,이디야 제로 슈가 달달커피 파우더,(주)이디야 드림팩토리,커피,2025-04-04,2025-11-04,zero,8,"[""식물성크림"", ""에리스리톨"", ""커피"", ""제이인산칼륨"", ""혼합제제"", ""향료"", ""아세설팜칼륨"", ""이산화규소""]"
20200324065124,이디야 제로 슈가 아이스티 복숭아 파우더,(주)이디야 드림팩토리,고형차,2025-03-25,2025-12-02,zero,10,"[""에리스리톨"", ""D-말티톨"", ""D-소비톨"", ""구연산(무수)"", ""고형차"", ""향료"", ""수크랄로스"", ""아세설팜칼륨"", ""과.채가공품"", ""이산화규소""]"
20200324065108,이디야 제로 아이스티 복숭아 파우더,(주)이디야 드림팩토리,고형차,2024-06-11,2024-06-20,zero,9,"[""혼합제제"", ""에리스리톨"", ""고형차"", ""과.채가공품"", ""비타민C"", ""구연산(무수)"", ""DL-사과산"", ""향료"", ""수크랄로스""]"
2021029350193,이디야 제로슈가쿠키 더블초코,(주)더플랜잇,과자,2024-10-11,2024-10-17,zero,17,"[""탄산수소나트륨"", ""정제소금"", ""코코아분말"", ""밀가루"", ""D-말티톨"", ""야자유"", ""두류가공품"", ""초콜릿"", ""난소화성말토덱스트린(고시형)"", ""해바라기유"", ""코코아분말"", ""대두레시틴(고시형)"", ""향료"", ""향료"", ""수크랄로스"", ""효소처리스테비아"", ""정제수""]"
2021029350194,이디야 제로슈가쿠키 스윗오트,(주)더플랜잇,과자,2024-10-11,2024-10-18,zero,18,"[""밀가루"", ""D-말티톨"", ""야자유"", ""두류가공품"", ""곡류가공품"", ""해바라기유"", ""곡류가공품"", ""난소화성말토덱스트린(고시형)"", ""정제소금"", ""탄산수소나트륨"", ""향료"", ""대두레시틴(고시형)"", ""향료"", ""천연향신료"", ""향료"", ""수크랄로스"", ""효소처리스테비아"", ""정제수""]"
20200452306374,이롭핏 알파시클로덱스트린 제로 파우더,(주)에스엠바이오,기타가공품,2025-05-09,2025-05-17,zero,4,"[""이산화규소"", ""치커리뿌리추출물분말"", ""난소화성말토덱스트린(고시형)"", ""α-시클로덱스트린""]"
2007056022069,이소당 간편한끼 미숫가루 제로,우영식품,기타가공품,2024-06-18,2024-11-01,zero,13,"[""검정깨(흑임자)"", ""곡류가공품"", ""곡류가공품"", ""곡류가공품"", ""곡류가공품"", ""곡류가공품"", ""곡류가공품"", ""곡류가공품"", ""곡류가공품"", ""검정콩"", ""백태"", ""에리스리톨"", ""효소처리스테비아""]"
19970378043907,이승남의 활력알부민 프리미엄 골드 당제로,케이지랩(주),혼합음료,2025-10-27,2025-11-08,zero,1,"[""액상차""]"
2022068312934,이오 유산균음료 제로,(주)함소아제약 익산공장,유산균음료,2023-04-28,2026-04-09,zero,21,"[""구연산"", ""수크랄로스"", ""유산균음료"", ""효소처리스테비아"", ""펙틴"", ""DL-사과산"", ""구연산삼나트륨"", ""젖산칼슘"", ""비타민C"", ""기타가공품"", ""카복시메틸셀룰로스나트륨"", ""향료"", ""향료"", ""향료"", ""향료"", ""향료"", ""니코틴산아미드"", ""비타민B6염산염"", ""비타민D3혼합제제"", ""비타민E혼합제제"", ""정제수""]"
19960458039621,이온더핏 제로,웅진식품(주),혼합음료,2021-05-03,2026-07-04,zero,15,"[""혼합제제"", ""향료"", ""젖산칼슘"", ""L-카르니틴"", ""염화칼륨"", ""구연산삼나트륨"", ""향료"", ""향료"", ""정제소금"", ""구연산"", ""정제수"", ""비타민C"", ""스테비올배당체"", ""염화마그네슘"", ""수크랄로스""]"
20190413079135,이온더핏 제로,동원시스템즈(주) 횡성사업장,혼합음료,2022-10-17,2026-01-03,zero,15,"[""젖산칼슘"", ""L-카르니틴"", ""염화칼륨"", ""구연산삼나트륨"", ""향료"", ""향료"", ""정제소금"", ""구연산"", ""스테비올배당체"", ""수크랄로스"", ""향료"", ""혼합제제"", ""정제수"", ""비타민C"", ""염화마그네슘""]"
20190413079158,이온더핏 제로 밸런스,동원시스템즈(주) 횡성사업장,혼합음료,2023-03-14,2024-01-27,zero,15,"[""정제수"", ""비타민C"", ""염화마그네슘"", ""스테비올배당체"", ""수크랄로스"", ""향료"", ""젖산칼슘"", ""혼합제제"", ""난소화성말토덱스트린(고시형)"", ""향료"", ""염화칼륨"", ""구연산삼나트륨"", ""정제소금"", ""향료"", ""구연산""]"
19920624042872,이온더핏 제로 스파클링,(주)상일,탄산음료,2022-02-11,2022-02-12,zero,16,"[""정제수"", ""이산화탄소"", ""구연산"", ""혼합제제"", ""정제소금"", ""혼합제제"", ""구연산삼나트륨"", ""염화칼륨"", ""젖산칼슘"", ""천연향료"", ""혼합제제"", ""혼합제제"", ""아세설팜칼륨"", ""수크랄로스"", ""염화마그네슘"", ""비타민C""]"
20190575042237,이온더핏 제로 스파클링,튤립인터내셔널(주),탄산음료,2024-10-01,2024-10-05,zero,17,"[""정제수"", ""에리스리톨"", ""이산화탄소"", ""구연산(결정)"", ""향료"", ""향료"", ""향료"", ""정제소금"", ""구연산삼나트륨"", ""염화칼륨"", ""수크랄로스"", ""아세설팜칼륨"", ""젖산칼슘"", ""식품첨가물혼합제제"", ""염화마그네슘"", ""기타가공품"", ""비타민C""]"
20190413079157,이온더핏 제로 액티브,동원시스템즈(주) 횡성사업장,혼합음료,2023-03-13,2024-01-27,zero,16,"[""정제수"", ""비타민C"", ""타우린"", ""염화마그네슘"", ""스테비올배당체"", ""수크랄로스"", ""젖산칼슘"", ""혼합제제"", ""향료"", ""혼합제제비타민B"", ""염화칼륨"", ""향료"", ""구연산삼나트륨"", ""향료"", ""정제소금"", ""구연산""]"
20140395066412,이온에이드 제로,주식회사 초록에프앤비(F&B),혼합음료,2026-07-15,2026-07-17,zero,18,"[""수크랄로스"", ""니코틴산아미드"", ""비타민C"", ""L-젖산마그네슘"", ""글루콘산아연"", ""향료"", ""혼합제제"", ""향료"", ""정제소금"", ""구연산(무수)"", ""자몽농축액"", ""알룰로오스"", ""에리스리톨"", ""정제수"", ""효소처리스테비아"", ""염화칼륨"", ""향료"", ""구연산삼나트륨""]"
19960458039759,이온음료 제로,웅진식품(주),혼합음료,2026-01-08,2026-01-29,zero,14,"[""염화칼륨"", ""구연산삼나트륨"", ""향료"", ""향료"", ""정제소금"", ""구연산"", ""에리스리톨"", ""정제수"", ""혼합제제"", ""젖산칼슘"", ""비타민C"", ""수크랄로스"", ""염화마그네슘"", ""아세설팜칼륨""]"
20190413079319,이온음료 제로,동원시스템즈(주) 횡성사업장,혼합음료,2026-06-12,2026-07-17,zero,15,"[""향료"", ""향료"", ""정제수"", ""수크랄로스"", ""아세설팜칼륨"", ""과.채가공품"", ""구연산삼나트륨"", ""젖산칼슘"", ""염화마그네슘"", ""L-글루탐산나트륨"", ""정제소금"", ""염화칼륨"", ""구연산"", ""DL-사과산"", ""향료제제""]"
200704431101060,이온킥 제로,(주)삼양패키징광혜원공장,혼합음료,2025-12-15,2025-12-17,zero,16,"[""효소처리스테비아"", ""염화마그네슘"", ""아세설팜칼륨"", ""젖산칼슘"", ""수크랄로스"", ""향료"", ""홍화황색소"", ""향료"", ""DL-사과산"", ""구연산삼나트륨"", ""구연산칼륨"", ""향료"", ""정제소금"", ""비타민C"", ""구연산(결정)"", ""정제수""]"
19920624042969,이온킥 제로 캔,(주)상일,혼합음료,2025-12-17,2026-01-14,zero,16,"[""효소처리스테비아"", ""염화마그네슘"", ""아세설팜칼륨"", ""젖산칼슘"", ""수크랄로스"", ""향료"", ""홍화황색소"", ""DL-사과산"", ""향료"", ""구연산삼나트륨"", ""구연산칼륨"", ""향료"", ""정제소금"", ""정제수"", ""비타민C"", ""구연산""]"
200704431101172,이온킥제로 샤인레몬러쉬,(주)삼양패키징광혜원공장,혼합음료,2026-07-27,2026-08-11,zero,18,"[""정제수"", ""향료"", ""천연향료"", ""향료"", ""향료"", ""향료"", ""홍화황색소"", ""효소처리스테비아"", ""염화마그네슘"", ""DL-사과산"", ""구연산삼나트륨"", ""구연산칼륨"", ""정제소금"", ""비타민C"", ""구연산"", ""아세설팜칼륨"", ""젖산칼슘"", ""수크랄로스""]"
20110445029263,이온플러스제로,주식회사 퓨럽2공장,혼합음료,2026-05-27,2026-08-07,zero,15,"[""에리스리톨"", ""자몽농축액"", ""구연산"", ""구연산삼나트륨"", ""비타민C"", ""염화칼륨"", ""염화마그네슘"", ""정제소금"", ""젖산칼슘"", ""니코틴산아미드"", ""수크랄로스"", ""아세설팜칼륨"", ""혼합제제"", ""향료"", ""정제수""]"
20100365182190,이지케어 제로핏 알파CD Pro+,(주)알피바이오,기타가공품,2026-03-25,2026-04-04,zero,7,"[""효소처리스테비아"", ""파인애플향분말"", ""난소화성말토덱스트린(고시형)"", ""파인애플맛분말"", ""α-시클로덱스트린"", ""구연산(무수)"", ""이산화규소""]"
20100365182173,이지케어 제로핏 알파시클로덱스트린,(주)알피바이오,기타가공품,2025-04-21,2026-02-01,zero,7,"[""난소화성말토덱스트린(고시형)"", ""α-시클로덱스트린"", ""파인애플맛분말"", ""구연산(무수)"", ""파인애플향분말"", ""효소처리스테비아"", ""이산화규소""]"
1997036017770,이진사골 골드 제로 냉면육수,풍원식품,소스,2024-11-14,2025-12-19,zero,5,"[""정제소금"", ""소스"", ""발효식초"", ""정제수"", ""L-글루탐산나트륨""]"
20000360372338,이프로부족할때아쿠아제로,롯데칠성음료(주),혼합음료,2022-05-18,2023-09-28,zero,19,"[""효소처리루틴"", ""L-글루탐산나트륨"", ""자몽농축액"", ""사과농축액"", ""레몬농축액"", ""채소혼합농축액"", ""알룰로오스"", ""수크랄로스"", ""아세설팜칼륨"", ""구연산(결정)"", ""구연산삼나트륨"", ""정제소금"", ""염화칼륨"", ""젖산칼슘"", ""염화마그네슘"", ""혼합제제"", ""천연향료"", ""천연향료"", ""정제수""]"
20200491202122,일마지오 제로 복숭아베이스,(주)신영푸드,음료베이스,2026-05-22,2026-05-27,zero,14,"[""당류가공품"", ""정제수"", ""에리스리톨"", ""구연산"", ""향료"", ""향료"", ""홍차추출분말"", ""DL-사과산"", ""효소처리스테비아"", ""카라멜색소 Ⅳ"", ""수크랄로스"", ""안식향산나트륨"", ""과.채가공품"", ""혼합제제""]"
20170484590343,일일하우 제로슈거 콤부차 구미,서주푸드(주)2공장,캔디류,2024-11-10,2024-11-12,zero,16,"[""유화제"", ""구연산삼나트륨"", ""기타 식용유지가공품"", ""말티톨시럽"", ""정제수"", ""난소화성말토덱스트린(고시형)"", ""젤라틴"", ""D-말티톨"", ""고형차"", ""산도조절제"", ""향료"", ""펙틴"", ""산도조절제"", ""혼합제제"", ""향료"", ""과.채가공품""]"
20070443110854,일화차시 유자민트티 제로,(주)삼양패키징광혜원공장,액상차,2024-05-10,2024-05-14,zero,10,"[""구연산삼나트륨"", ""당류가공품"", ""향료"", ""정제수"", ""식물혼합추출액"", ""과.채가공품"", ""비타민C"", ""수크랄로스"", ""아세설팜칼륨"", ""구연산""]"
20070443110781,일화차시 제로 피치캐모마일티,(주)삼양패키징광혜원공장,액상차,2024-01-04,2024-07-02,zero,11,"[""정제수"", ""식물혼합추출액"", ""당류가공품"", ""과.채가공품"", ""구연산"", ""구연산삼나트륨"", ""수크랄로스"", ""아세설팜칼륨"", ""비타민C"", ""향료"", ""향료""]"
20070443110780,일화차시 키위그린티 제로,(주)삼양패키징광혜원공장,액상차,2024-01-04,2024-07-02,zero,9,"[""향료"", ""구연산삼나트륨"", ""구연산"", ""아세설팜칼륨"", ""수크랄로스"", ""비타민C"", ""과.채가공품"", ""식물혼합추출액"", ""정제수""]"
20070443110779,일화차시 허니자몽블랙티 제로,(주)삼양패키징광혜원공장,액상차,2024-01-04,2024-06-20,zero,13,"[""정제수"", ""식물혼합추출액"", ""고형차"", ""과.채가공품"", ""사양벌꿀"", ""구연산"", ""구연산삼나트륨"", ""비타민C"", ""수크랄로스"", ""아세설팜칼륨"", ""향료"", ""향료"", ""향료""]"
20030473071528,잇더핏 제로팝 납작복숭아,건강한사람들 주식회사 2사업장,탄산음료,2026-03-16,2026-03-18,zero,12,"[""에리스리톨"", ""발효식초"", ""구연산"", ""DL-사과산"", ""구연산삼나트륨"", ""아세설팜칼륨"", ""수크랄로스"", ""향료"", ""향료"", ""향료"", ""이산화탄소"", ""정제수""]"
20030473071546,잇더핏 제로팝 레몬,건강한사람들 주식회사 2사업장,탄산음료,2026-06-02,2026-06-09,zero,14,"[""정제수"", ""이산화탄소"", ""향료"", ""향료"", ""향료"", ""향료"", ""수크랄로스"", ""아세설팜칼륨"", ""혼합제제"", ""구연산삼나트륨"", ""DL-사과산"", ""구연산"", ""발효식초"", ""에리스리톨""]"
20030473071547,잇더핏 제로팝 밀키소다,건강한사람들 주식회사 2사업장,탄산음료,2026-06-02,2026-06-05,zero,14,"[""에리스리톨"", ""발효식초"", ""구연산"", ""DL-사과산"", ""구연산삼나트륨"", ""혼합제제"", ""아세설팜칼륨"", ""수크랄로스"", ""향료"", ""향료"", ""향료"", ""향료"", ""이산화탄소"", ""정제수""]"
20030473071527,잇더핏 제로팝 사과,건강한사람들 주식회사 2사업장,탄산음료,2026-03-16,2026-03-18,zero,11,"[""에리스리톨"", ""발효식초"", ""구연산"", ""DL-사과산"", ""구연산삼나트륨"", ""아세설팜칼륨"", ""수크랄로스"", ""향료"", ""향료"", ""이산화탄소"", ""정제수""]"
20030473071548,잇더핏 제로팝 포도,건강한사람들 주식회사 2사업장,탄산음료,2026-06-02,2026-06-05,zero,14,"[""에리스리톨"", ""발효식초"", ""구연산"", ""DL-사과산"", ""구연산삼나트륨"", ""혼합제제"", ""아세설팜칼륨"", ""수크랄로스"", ""향료"", ""향료"", ""향료"", ""향료"", ""이산화탄소"", ""정제수""]"
201303110834,잇츠 세이프 브이제로 스프레이,(주)케어팜,차아염소산수,2020-04-23,2026-02-01,zero,1,"[""차아염소산수""]"
20210293501110,잇츠베러 제로슈가 쿠키 말차 초코칩,(주)더플랜잇,과자,2025-10-27,2025-10-28,zero,17,"[""밀가루"", ""야자유"", ""D-말티톨"", ""두류가공품"", ""초콜릿"", ""난소화성말토덱스트린(고시형)"", ""해바라기유"", ""고형차"", ""고형차"", ""곡류가공품"", ""정제소금"", ""탄산수소나트륨"", ""대두레시틴(고시형)"", ""효소처리스테비아"", ""수크랄로스"", ""향료"", ""정제수""]"
2021029350190,잇츠베러 제로슈가 쿠키 토피넛,(주)더플랜잇,과자,2024-06-26,2025-08-20,zero,18,"[""땅콩 또는 견과류가공품"", ""해바라기유"", ""난소화성말토덱스트린(고시형)"", ""곡류가공품"", ""두류가공품"", ""밀가루"", ""D-말티톨"", ""야자유"", ""정제수"", ""수크랄로스"", ""효소처리스테비아"", ""향료"", ""땅콩 또는 견과류가공품"", ""대두레시틴(고시형)"", ""향료"", ""탄산수소나트륨"", ""정제소금"", ""코코아분말""]"
2021029350174,잇츠베러 제로슈가쿠키 더블초코,(주)더플랜잇,과자,2024-02-02,2024-11-14,zero,17,"[""밀가루"", ""D-말티톨"", ""야자유"", ""두류가공품"", ""초콜릿"", ""난소화성말토덱스트린(고시형)"", ""해바라기유"", ""코코아분말"", ""코코아분말"", ""정제소금"", ""탄산수소나트륨"", ""대두레시틴(고시형)"", ""향료"", ""향료"", ""수크랄로스"", ""효소처리스테비아"", ""정제수""]"
2021029350175,잇츠베러 제로슈가쿠키 스윗오트,(주)더플랜잇,과자,2024-02-06,2024-10-24,zero,18,"[""밀가루"", ""D-말티톨"", ""야자유"", ""두류가공품"", ""곡류가공품"", ""해바라기유"", ""곡류가공품"", ""난소화성말토덱스트린(고시형)"", ""정제소금"", ""탄산수소나트륨"", ""향료"", ""대두레시틴(고시형)"", ""향료"", ""천연향신료"", ""향료"", ""수크랄로스"", ""효소처리스테비아"", ""정제수""]"
2021029350176,잇츠베러 제로슈가쿠키 황치즈향,(주)더플랜잇,과자,2024-02-06,2026-07-03,zero,17,"[""밀가루"", ""D-말티톨"", ""야자유"", ""두류가공품"", ""해바라기유"", ""난소화성말토덱스트린(고시형)"", ""서류가공품"", ""효모추출분말"", ""정제소금"", ""곡류가공품"", ""탄산수소나트륨"", ""대두레시틴(고시형)"", ""향료"", ""기타가공품"", ""향료"", ""효소처리스테비아"", ""정제수""]"
20110445029221,자두녹차제로,주식회사 퓨럽2공장,혼합음료,2025-02-19,2025-02-23,zero,12,"[""과.채가공품류"", ""녹차농축액"", ""에리스리톨"", ""구연산"", ""비타민C"", ""수크랄로스"", ""아세설팜칼륨"", ""코치닐추출색소"", ""정제수"", ""향료"", ""포도과피색소"", ""스테비올배당체""]"
201005430661015,자몽 아이스티 제로,오케이에프음료 주식회사,혼합음료,2022-05-03,2022-12-27,zero,11,"[""비타민C"", ""구연산삼나트륨"", ""혼합제제"", ""정제수"", ""에리스리톨"", ""구연산"", ""레드자몽농축액"", ""홍차추출분말"", ""혼합제제"", ""수크랄로스"", ""스테비올배당체""]"
20190350569179,자몽 허니  블랙 티 베이스 제로,주식회사 푸른나무,액상차,2024-06-24,2024-08-02,zero,11,"[""아세설팜칼륨"", ""수크랄로스"", ""열대과일농축액"", ""레드자몽농축액"", ""홍차분말"", ""식물혼합추출물"", ""정제수"", ""자몽종자추출물"", ""향료"", ""구연산"", ""사양벌꿀""]"
200201832821379,자몽 허니 아이스티 (제로),(주)푸드웰,액상차,2025-06-20,2025-07-09,zero,17,"[""정제수"", ""에리스리톨"", ""구연산"", ""침출차"", ""펙틴"", ""향료"", ""향료"", ""곡류가공품"", ""비타민C"", ""아세설팜칼륨"", ""수크랄로스"", ""구연산삼나트륨"", ""혼합제제"", ""벌꿀"", ""과.채가공품"", ""효소처리스테비아"", ""나린진""]"
2022078026613,자몽블랙티제로,(주)에이트리에프앤비,혼합음료,2023-03-21,2023-03-23,zero,12,"[""자몽농축액"", ""홍차추출분말"", ""구연산"", ""에리스리톨"", ""정제소금"", ""수크랄로스"", ""아세설팜칼륨"", ""자몽향"", ""자몽향"", ""홍차향"", ""식용색소적색제40호"", ""정제수""]"
20090473152591,자몽블랙티제로,(주)신성티엔에프,혼합음료,2023-01-16,2023-01-17,zero,12,"[""수크랄로스"", ""홍차추출분말"", ""향료"", ""향료"", ""향료"", ""구연산"", ""자몽농축액"", ""에리스리톨"", ""정제수"", ""식용색소적색제40호"", ""아세설팜칼륨"", ""정제소금""]"
20060372438874,자몽허니 블랙티 제로,(주)꽃샘식품,액상차,2023-07-25,2023-07-27,zero,13,"[""수크랄로스"", ""비타민 C 분말"", ""기타가공품"", ""당류가공품"", ""사양벌꿀"", ""구연산삼나트륨"", ""향료제제"", ""구연산"", ""과.채가공품"", ""당류가공품"", ""정제수"", ""향료제제"", ""고형차""]"
20190413079178,자연은 레몬셔벗에이드 제로,동원시스템즈(주) 횡성사업장,혼합음료,2024-01-26,2024-06-22,zero,12,"[""향료"", ""향료"", ""혼합제제"", ""구연산삼나트륨"", ""아세설팜칼륨"", ""수크랄로스"", ""레몬농축액"", ""스테비올배당체"", ""정제수"", ""향료"", ""구연산"", ""에리스리톨""]"
19960458039696,자연은 알로에 제로,웅진식품(주),혼합음료,2024-01-11,2024-03-01,zero,17,"[""알로에베라겔농축분말"", ""알로에베라겔즙"", ""정제수"", ""수크랄로스"", ""아세설팜칼륨"", ""스테비올배당체"", ""혼합제제"", ""구연산삼나트륨"", ""비타민C"", ""젤란검"", ""탄산칼슘"", ""젖산칼슘"", ""향료"", ""향료"", ""향료"", ""구연산"", ""에리스리톨""]"
20190413079179,자연은 애플셔벗에이드 제로,동원시스템즈(주) 횡성사업장,혼합음료,2024-01-26,2024-06-22,zero,12,"[""에리스리톨"", ""구연산"", ""향료"", ""향료"", ""향료"", ""혼합제제"", ""구연산삼나트륨"", ""아세설팜칼륨"", ""수크랄로스"", ""사과농축액"", ""스테비올배당체"", ""정제수""]"
2022045764439,자일로큐브 제로콜라향,민티,캔디류,2026-07-30,2026-08-07,zero,3,"[""향료"", ""식품첨가물"", ""혼합제제""]"
20070443110712,쟈뎅 까페리얼 복숭아 아이스티 제로,(주)삼양패키징광혜원공장,액상차,2023-04-11,2023-04-13,zero,13,"[""당류가공품"", ""과.채가공품"", ""고형차"", ""구연산"", ""구연산삼나트륨"", ""가공소금"", ""수크랄로스"", ""스테비올배당체"", ""곡류가공품"", ""향료제제"", ""향료"", ""혼합제제"", ""정제수""]"
200004490351026,쟈뎅 로스티크 까페모리 제로슈거 유자차,(주)쟈뎅,고형차,2026-08-07,2026-08-20,zero,13,"[""에리스리톨"", ""난소화성말토덱스트린(고시형)"", ""구연산(무수)"", ""과.채가공품"", ""향료"", ""과.채가공품"", ""비타민C"", ""수크랄로스"", ""아세설팜칼륨"", ""제삼인산칼슘"", ""치자황색소"", ""구연산삼나트륨"", ""향료""]"
200004490351029,쟈뎅 로스티크 까페모리 제로슈거 율무차,(주)쟈뎅,고형차,2026-08-07,2026-08-13,zero,10,"[""곡류가공품"", ""곡류가공품"", ""정제소금"", ""수크랄로스"", ""제삼인산칼슘"", ""땅콩 또는 견과류가공품"", ""곡류가공품"", ""곡류가공품"", ""식물성크림"", ""에리스리톨""]"
20070464094597,쟈뎅 로스티크 시그니처 제로 로얄 헤이즐넛,(유)삼각에프엠씨 웰빙랜드,커피,2026-03-31,2026-04-16,zero,17,"[""혼합제제"", ""당류가공품"", ""당류가공품"", ""수크랄로스"", ""아세설팜칼륨"", ""스테비올배당체"", ""커피"", ""커피"", ""땅콩 또는 견과류가공품"", ""향료"", ""향료"", ""정제수"", ""커피추출액"", ""탄산수소나트륨"", ""탄산칼륨(무수)"", ""향료"", ""향료""]"
20000449035998,쟈뎅 로스티크 시그니처 제로 로얄 헤이즐넛,(주)쟈뎅,커피,2026-03-27,2026-04-14,zero,17,"[""정제수"", ""스테비올배당체"", ""아세설팜칼륨"", ""수크랄로스"", ""혼합제제"", ""땅콩 또는 견과류가공품"", ""향료"", ""커피추출액"", ""커피"", ""커피"", ""당류가공품"", ""당류가공품"", ""탄산수소나트륨"", ""탄산칼륨(무수)"", ""향료"", ""향료"", ""향료""]"
20070464094596,쟈뎅 로스티크 시그니처 제로 아메리카노 스위트,(유)삼각에프엠씨 웰빙랜드,커피,2026-03-31,2026-04-28,zero,14,"[""향료"", ""아세설팜칼륨"", ""수크랄로스"", ""혼합제제"", ""향료"", ""당류가공품"", ""당류가공품"", ""커피"", ""커피"", ""혼합제제"", ""탄산칼륨(무수)"", ""탄산수소나트륨"", ""커피추출액"", ""정제수""]"
20000449035997,쟈뎅 로스티크 시그니처 제로 아메리카노 스위트,(주)쟈뎅,커피,2026-03-27,2026-04-27,zero,14,"[""정제수"", ""아세설팜칼륨"", ""수크랄로스"", ""혼합제제"", ""향료"", ""향료"", ""당류가공품"", ""당류가공품"", ""커피"", ""커피"", ""커피추출액"", ""탄산칼륨(무수)"", ""탄산수소나트륨"", ""혼합제제""]"
200004490351024,쟈뎅 로스티크 아워티 레몬 얼그레이티 제로,(주)쟈뎅,침출차,2026-08-05,2026-08-20,zero,11,"[""과.채가공품"", ""에리스리톨"", ""난소화성말토덱스트린(고시형)"", ""구연산(무수)"", ""향료"", ""고형차"", ""향료"", ""스테비올배당체"", ""구연산삼나트륨"", ""침출차"", ""침출차""]"
20000449035939,쟈뎅 로스티크 아워티 오렌지 자몽 블랙티 제로,(주)쟈뎅,침출차,2024-12-05,2026-07-28,zero,13,"[""향료"", ""향료"", ""향료"", ""에리스리톨"", ""구연산(무수)"", ""아세설팜칼륨"", ""수크랄로스"", ""과.채가공품"", ""고형차"", ""침출차"", ""침출차"", ""침출차"", ""향료""]"
200004490351025,쟈뎅 로스티크 아워티 제주 청귤 캐모마일티 제로,(주)쟈뎅,침출차,2026-08-05,2026-08-20,zero,10,"[""구연산삼나트륨"", ""향료"", ""스테비올배당체"", ""난소화성말토덱스트린(고시형)"", ""향료"", ""구연산(무수)"", ""과.채가공품"", ""에리스리톨"", ""침출차"", ""침출차""]"
20020368481871,정글비제로아이스티복숭아맛,(주)대호식품,기타가공품,2026-06-23,2026-06-26,zero,14,"[""복숭아향"", ""비타민C"", ""DL-사과산"", ""혼합제제"", ""수크랄로스"", ""효소처리스테비아"", ""이산화규소"", ""구연산삼나트륨"", ""구연산"", ""복사나무열매과즙분말"", ""홍차추출분말"", ""덱스트린"", ""알룰로오스"", ""에리스리톨""]"
2022023343237,정남진 제로 액상 시럽,주식회사 레비테이트,음료베이스,2024-10-25,2024-10-26,zero,18,"[""과채주스"", ""과채주스"", ""수크랄로스"", ""STEVIOSIDE 스테비오사이드"", ""DL-사과산"", ""구연산"", ""안식향산나트륨"", ""L-아르지닌"", ""타우린"", ""바나바잎추출물"", ""정제수"", ""기타과당"", ""천연딸기향"", ""천연향료"", ""천연리치향"", ""락색소"", ""건조차즈기잎"", ""침출차""]"
197506140033011,정제로커스트콩검#47432,(주)엠에스씨,로커스트콩검,2023-09-18,2023-09-19,zero,1,"[""로커스트콩검""]"
20160458115353,정호영셰프의 제로당 콩가루찹쌀떡,주식회사만풍농업회사법인,떡류,2026-08-03,2026-08-07,zero,10,"[""마가린"", ""채종유(유채유 또는 카놀라유)"", ""정제소금"", ""말티톨액"", ""두류가공품"", ""호두분태"", ""정제수"", ""쑥잎"", ""조림류"", ""현미찹쌀""]"
20160458115354,정호영셰프의 제로당 흑임자찹쌀떡,주식회사만풍농업회사법인,떡류,2026-08-04,2026-08-07,zero,10,"[""마가린"", ""채종유(유채유 또는 카놀라유)"", ""정제소금"", ""식품첨가물"", ""호두분태"", ""기타가공품"", ""정제수"", ""쑥잎"", ""조림류"", ""현미찹쌀""]"
20020445102196,제누 스테비아 단백질 커피믹스 제로슈거 바리스타,(주)제이에스푸드,커피,2025-07-10,2025-07-12,zero,6,"[""효소처리스테비아"", ""향료제제"", ""인스턴트커피"", ""에리스리톨"", ""곡류가공품"", ""식물성크림""]"
2014034702338,제로,패러데이커피,커피,2022-10-11,2023-12-20,zero,1,"[""커피원두""]"
20060512128481,제로 곤약젤리 레몬녹차,좋은영농조합법인,캔디류,2024-02-13,2026-07-01,zero,11,"[""정제수"", ""알룰로오스"", ""기타가공품"", ""레몬농축액"", ""구연산"", ""향료"", ""기타 농산가공품"", ""효소처리스테비아"", ""구연산삼나트륨"", ""비타민C"", ""수크랄로스""]"
2022078021838,제로 까베르네 소비뇽,마일포스트 제2공장,탄산음료,2023-10-17,2025-02-06,zero,13,"[""구연산"", ""향료"", ""자몽종자추출물"", ""기타가공품"", ""과.채가공품"", ""비타민C"", ""이산화탄소"", ""정제수"", ""탄닌산"", ""분말결정포도당"", ""결정과당"", ""자일리톨"", ""DL-사과산""]"
200201832821233,제로 납작복숭아 아이스티 베이스,(주)푸드웰,액상차,2024-06-07,2026-03-10,zero,14,"[""정제수"", ""침출차"", ""침출차"", ""에리스리톨"", ""구연산"", ""향료"", ""향료"", ""펙틴"", ""비타민C"", ""아세설팜칼륨"", ""수크랄로스"", ""효소처리스테비아"", ""혼합제제"", ""과.채가공품""]"
20240672413128,제로 납작복숭아베이스,주식회사 서울팩토리,음료베이스,2025-08-19,2025-08-21,zero,14,"[""안식향산나트륨"", ""아세설팜칼륨"", ""수크랄로스"", ""비타민C"", ""홍차추출분말"", ""구연산삼나트륨"", ""복숭아향"", ""홍차향"", ""DL-사과산"", ""구연산"", ""향료"", ""과.채가공품류"", ""정제수"", ""알룰로오스""]"
2016036864174,제로 다크,(주)커피짓는사람들,커피,2018-03-16,2026-05-15,zero,1,"[""커피원두""]"
2024050017711,제로 단호박 단백질 설기떡,별미힘떡,떡류,2025-07-17,2025-07-21,zero,12,"[""에리스리톨"", ""효소처리스테비아"", ""건조이집트콩"", ""호박씨앗"", ""호두분태"", ""해바라기씨앗"", ""녹두"", ""정제소금"", ""서양호박"", ""서양호박분말"", ""분리대두단백"", ""멥쌀""]"
19910490040239,제로 디카페인 아이스티 베이스,세미기업(주),액상차,2025-12-08,2025-12-10,zero,19,"[""당류가공품"", ""식품첨가물"", ""고형차"", ""과.채가공품"", ""식품첨가물"", ""식품첨가물"", ""식품첨가물"", ""식품첨가물"", ""향료"", ""향료제제"", ""향료"", ""식품첨가물"", ""카라멜색소 Ⅳ"", ""식품첨가물"", ""식품첨가물"", ""식품첨가물"", ""혼합제제"", ""혼합제제"", ""정제수""]"
20080332594143,제로 레몬 아이스티,(주)스위트컵,음료베이스,2025-07-10,2025-07-12,zero,11,"[""에리스리톨"", ""구연산"", ""향료"", ""과.채가공품"", ""효소처리스테비아"", ""이산화규소"", ""비타민C"", ""구연산삼나트륨"", ""수크랄로스"", ""기타가공품"", ""혼합제제""]"
20000441043360,제로 레몬 아이스티,매일유업(주)영동공장,혼합음료,2026-01-30,2026-01-31,zero,15,"[""정제수"", ""알룰로오스"", ""에리스리톨"", ""고형차"", ""구연산"", ""레몬농축액"", ""천연향료"", ""DL-사과산"", ""천연향료"", ""천연향료"", ""혼합제제"", ""비타민C"", ""나한과추출물분말"", ""스테비올배당체"", ""구연산삼나트륨""]"
20040036115858,제로 레몬 파운드 케이크,주식회사 케익모아,빵류,2024-07-24,2024-08-17,zero,12,"[""가공소금"", ""땅콩 또는 견과류가공품"", ""팽창제제"", ""레몬제스트"", ""과채주스"", ""식품첨가물"", ""난황"", ""식품첨가물"", ""전란"", ""식품첨가물"", ""박력분"", ""가공버터""]"
20110493072379,제로 레몬녹차,코엔에프(유),혼합음료,2022-04-19,2024-01-17,zero,12,"[""수크랄로스"", ""스테비올배당체"", ""홍화황색소"", ""에리스리톨"", ""레몬농축액"", ""녹차농축액"", ""구연산"", ""비타민C"", ""합성향료"", ""합성향료"", ""합성향료"", ""정제수""]"
20060464021610,제로 레몬라임 아이스티,주식회사 대상다이브스,당류가공품,2025-02-28,2025-03-01,zero,16,"[""라임농축액"", ""레몬농축액"", ""혼합제제"", ""아세설팜칼륨"", ""수크랄로스"", ""소브산칼륨"", ""잔탄검"", ""효소처리스테비아"", ""향료"", ""기타가공품"", ""구연산"", ""구연산삼나트륨"", ""DL-사과산"", ""알룰로오스"", ""에리스리톨"", ""정제수""]"
1991020505653,제로 레몬민트 캔디,유창성업(주),캔디류,2024-01-17,2026-07-01,zero,7,"[""자일리톨"", ""향료"", ""혼합제제"", ""향료"", ""홍화황색소"", ""천연향료"", ""천연향료""]"
200306143071446,제로 레몬에이드,(주)젠푸드,혼합음료,2024-03-28,2024-04-02,zero,10,"[""정제수"", ""에리스리톨"", ""구연산"", ""과.채가공품"", ""향료"", ""구연산삼나트륨"", ""향료"", ""아스파탐"", ""홍화황색소"", ""수크랄로스""]"
20000614238563,제로 망고 에이드,(주)바이오포트코리아,혼합음료,2024-03-11,2024-03-21,zero,11,"[""망고농축액"", ""에리스리톨"", ""구연산"", ""구연산삼나트륨"", ""비타민C"", ""향료"", ""식용색소황색제4호"", ""식용색소황색제5호"", ""수크랄로스"", ""아세설팜칼륨"", ""정제수""]"
200306143071447,제로 망고에이드,(주)젠푸드,혼합음료,2024-03-28,2024-04-02,zero,11,"[""정제수"", ""에리스리톨"", ""과.채가공품"", ""구연산"", ""향료"", ""향료"", ""구연산삼나트륨"", ""비타민C"", ""아스파탐"", ""식품첨가물혼합제제"", ""수크랄로스""]"
20000614238544,제로 망고에이드,(주)바이오포트코리아,혼합음료,2023-04-13,2023-04-19,zero,11,"[""망고농축액"", ""에리스리톨"", ""구연산"", ""구연산삼나트륨"", ""비타민C"", ""향료"", ""식용색소황색제4호"", ""식용색소황색제5호"", ""수크랄로스"", ""아세설팜칼륨"", ""정제수""]"
20090368428607,제로 매실,(주)스위트코리아,혼합음료,2024-11-04,2025-04-15,zero,10,"[""매실농축액"", ""에리스리톨"", ""정제수"", ""매실향"", ""구연산"", ""DL-사과산"", ""비타민C"", ""구연산삼나트륨"", ""수크랄로스"", ""카라멜색소 Ⅳ""]"
201904421493282,제로 매실베이스,(주)동원홈푸드,음료베이스,2026-07-27,2026-08-07,zero,18,"[""혼합제제"", ""과.채가공품"", ""카라멜색소 Ⅳ"", ""수크랄로스"", ""정제수"", ""에리스리톨"", ""혼합제제"", ""구연산"", ""당류가공품"", ""향료"", ""향료"", ""혼합제제"", ""소스"", ""비타민C"", ""구연산삼나트륨"", ""아스파탐"", ""스테비올배당체"", ""잔탄검""]"
2002046107317200,제로 매실베이스,(주)동원홈푸드,음료베이스,2026-07-27,2026-08-08,zero,18,"[""아스파탐"", ""구연산삼나트륨"", ""비타민C"", ""소스"", ""혼합제제"", ""향료"", ""향료"", ""당류가공품"", ""구연산"", ""잔탄검"", ""혼합제제"", ""에리스리톨"", ""정제수"", ""스테비올배당체"", ""혼합제제"", ""과.채가공품"", ""카라멜색소 Ⅳ"", ""수크랄로스""]"
2024067218131,제로 맥스 알파CD 라인컷,(주)씨이에스팜,기타가공품,2025-09-02,2025-10-30,zero,4,"[""α-시클로덱스트린"", ""난소화성말토덱스트린(고시형)"", ""기타가공품"", ""기타 농산가공품""]"
20160634095320,제로 무당 초코링,(주)에스디푸드,초콜릿가공품,2024-09-11,2024-10-05,zero,6,"[""정제수"", ""아라비아검"", ""혼합제제"", ""말티톨시럽"", ""곡류가공품"", ""준초콜릿""]"
20080332594119,제로 문경 오미자 아이스티,(주)스위트컵,음료베이스,2024-06-25,2024-06-27,zero,11,"[""에리스리톨"", ""구연산"", ""향료"", ""홍차추출분말"", ""효소처리스테비아"", ""이산화규소"", ""비타민C"", ""구연산삼나트륨"", ""과.채가공품"", ""혼합제제"", ""수크랄로스""]"
19960386249119,제로 미니바이트 밀크&초코,동그린주식회사,빙과,2023-04-19,2025-09-17,zero,21,"[""향료제제"", ""유화제"", ""정제수"", ""준초콜릿"", ""D-말티톨"", ""식물성크림"", ""이눌린/치커리추출물(고시형)"", ""버터"", ""유함유가공품"", ""코코아분말"", ""코코아매스"", ""가공치즈"", ""유함유가공품"", ""혼합제제"", ""정제소금"", ""향료"", ""향료제제"", ""유화제"", ""수크랄로스"", ""향료"", ""안나토색소""]"
19780614009617,제로 미니케이크 애플시나몬,롯데웰푸드(주),과자,2026-07-22,2026-07-23,zero,38,"[""유크림"", ""난백분"", ""탄산수소나트륨"", ""주정"", ""글리세린"", ""가공치즈"", ""혼합제제"", ""혼합제제"", ""곡류가공품"", ""기타가공품"", ""밀글루텐"", ""쇼트닝"", ""쇼트닝"", ""쇼트닝"", ""정제수"", ""쇼트닝"", ""당류가공품"", ""폴리글리시톨액"", ""혼합제제"", ""전란액"", ""D-말티톨"", ""밀가루"", ""아세설팜칼륨"", ""수크랄로스"", ""유화제"", ""유화제"", ""제일인산칼슘"", ""계피가루"", ""DL-사과산"", ""향료제제"", ""향료"", ""향료"", ""향료"", ""탄산수소암모늄"", ""일반증류주"", ""곡류가공품"", ""정제소금"", ""가공치즈""]"
2016036864173,제로 미디엄,(주)커피짓는사람들,커피,2018-03-16,2026-05-15,zero,1,"[""커피원두""]"
199604490021848,제로 밀크 소프트콘,롯데웰푸드주식회사천안공장,빙과,2023-03-16,2025-03-25,zero,2,"[""과자"", ""빙과""]"
20210348794384,제로 밀크쉐이크 파우더,주식회사 알티스트,당류가공품,2025-06-30,2025-07-05,zero,10,"[""알룰로오스"", ""식물성크림"", ""덱스트린"", ""식품첨가물"", ""식품첨가물"", ""정제소금"", ""식품첨가물혼합제제"", ""구아검"", ""혼합분유"", ""수크랄로스""]"
2013020247547,제로 밀크티베이스 아쌈,마녀의 부엌,액상차,2022-04-25,2024-07-06,zero,4,"[""홍차추출액"", ""알룰로오스"", ""에리스리톨"", ""효소처리스테비아""]"
2013020247548,제로 밀크티베이스 얼그레이,마녀의 부엌,액상차,2022-04-25,2024-07-06,zero,4,"[""홍차추출액"", ""알룰로오스"", ""에리스리톨"", ""효소처리스테비아""]"
19920306114357,제로 백앙금,주식회사 동남,조림류,2026-05-13,2026-05-15,zero,4,"[""강낭콩앙금"", ""말티톨액"", ""정제소금"", ""잔탄검""]"
20110304511373,제로 복숭아 CP400,셀플러스,기타가공품,2024-04-12,2024-04-17,zero,9,"[""구연산"", ""홍차추출분말"", ""복숭아향"", ""에리스리톨"", ""DL-사과산"", ""구연산삼나트륨"", ""복숭아향"", ""과.채가공품"", ""혼합제제""]"
20080332594110,제로 복숭아 아이스티,(주)스위트컵,고형차,2024-02-21,2024-02-23,zero,10,"[""향료제제"", ""구연산"", ""에리스리톨"", ""비타민C"", ""홍차추출분말"", ""과.채가공품"", ""효소처리스테비아"", ""이산화규소"", ""구연산삼나트륨"", ""수크랄로스""]"
20060464021572,제로 복숭아 아이스티,주식회사 대상다이브스,당류가공품,2024-03-25,2025-05-02,zero,15,"[""정제수"", ""에리스리톨"", ""알룰로오스"", ""향료"", ""구연산"", ""효소처리스테비아"", ""홍차추출분말"", ""DL-사과산"", ""구연산삼나트륨"", ""잔탄검"", ""소브산칼륨"", ""수크랄로스"", ""아세설팜칼륨"", ""혼합제제"", ""복사나무열매농축액""]"
20240672413169,제로 복숭아 아이스티 베이스,주식회사 서울팩토리,음료베이스,2026-07-07,2026-07-09,zero,13,"[""안식향산나트륨"", ""아세설팜칼륨"", ""수크랄로스"", ""카라멜색소 Ⅲ"", ""구연산삼나트륨"", ""홍차추출분말"", ""DL-사과산"", ""복숭아향"", ""구연산"", ""복숭아향"", ""과.채가공품류"", ""정제수"", ""알룰로오스""]"
20110493072380,제로 복숭아녹차,코엔에프(유),혼합음료,2022-04-19,2024-01-17,zero,11,"[""에리스리톨"", ""복숭아농축액"", ""녹차농축액"", ""구연산"", ""비타민C"", ""락색소"", ""스테비올배당체"", ""수크랄로스"", ""합성향료"", ""합성향료"", ""정제수""]"
2022078026610,제로 복숭아망고그린티,(주)에이트리에프앤비,혼합음료,2023-02-01,2023-02-04,zero,14,"[""정제수"", ""녹차향"", ""망고향"", ""복숭아향"", ""혼합제제"", ""락색소"", ""수크랄로스"", ""비타민C"", ""구연산삼나트륨"", ""구연산"", ""에리스리톨"", ""녹차농축액"", ""망고농축액"", ""복숭아농축액""]"
20170333328550,제로 복숭아아이스티 원액,자연농장,액상차,2026-06-17,2026-06-26,zero,13,"[""알룰로오스"", ""정제수"", ""구연산(무수)"", ""DL-사과산"", ""홍차추출분말"", ""복숭아향"", ""구연산삼나트륨"", ""복사나무열매농축액"", ""아세설팜칼륨"", ""효소처리스테비아"", ""카복시메틸셀룰로스나트륨"", ""비타민C"", ""수크랄로스""]"
20170368038342,제로 불고기소스,(주)견우푸드 제3공장,소스,2025-06-27,2025-08-28,zero,20,"[""옥수수기름(옥배유)"", ""정제수"", ""에리스리톨"", ""한식간장"", ""간양파"", ""간마늘"", ""복합조미식품"", ""L-아스코브산나트륨"", ""L-글루탐산나트륨"", ""혼합제제"", ""버터"", ""혼합제제"", ""간생강"", ""혼합제제"", ""가공치즈"", ""마늘가루"", ""비타민 C(고시형)"", ""천연향료(Pepper, black)"", ""스모크향"", ""5-리보뉴클레오티드이나트륨""]"
2016063409547,제로 블랙커런트 베리 젤리,(주)에스디푸드,캔디류,2025-11-27,2025-12-02,zero,16,"[""구연산삼나트륨"", ""수크랄로스"", ""아세설팜칼륨"", ""글리세린지방산에스테르"", ""과.채가공품"", ""향료"", ""정제수"", ""DL-사과산"", ""향료"", ""구연산"", ""젤라틴"", ""폴리글리시톨시럽"", ""말티톨시럽"", ""과.채가공품"", ""기타 식용유지가공품"", ""펙틴""]"
20240672413129,제로 사과향베이스,주식회사 서울팩토리,음료베이스,2025-08-19,2025-08-21,zero,13,"[""아세설팜칼륨"", ""안식향산나트륨"", ""구연산삼나트륨"", ""DL-사과산"", ""혼합제제"", ""향료"", ""구연산"", ""청사과향"", ""캐모마일꽃"", ""정제수"", ""알룰로오스"", ""식용색소황색제4호"", ""수크랄로스""]"
20100543066905,제로 사이다,오케이에프음료 주식회사,탄산음료,2020-11-11,2025-12-30,zero,10,"[""정제소금"", ""향료"", ""아세설팜칼륨"", ""수크랄로스"", ""DL-사과산"", ""폴리덱스트로스"", ""구연산"", ""향료"", ""이산화탄소"", ""정제수""]"
19920624042920,제로 사이다,(주)상일,탄산음료,2023-08-24,2023-09-07,zero,8,"[""이산화탄소"", ""정제수"", ""아세설팜칼륨"", ""구연산칼륨"", ""수크랄로스"", ""안식향산나트륨"", ""향료"", ""구연산""]"
198506140553546,제로 샤인머스캣,(주)엠에스씨,혼합음료,2024-08-01,2024-08-03,zero,10,"[""홍화황색소"", ""수크랄로스"", ""효소처리스테비아"", ""구연산삼나트륨"", ""카복시메틸셀룰로스나트륨"", ""과.채가공품"", ""구연산"", ""향료"", ""당류가공품"", ""정제수""]"
20000614238564,제로 샤인머스캣 에이드,(주)바이오포트코리아,혼합음료,2024-03-11,2024-03-21,zero,11,"[""과.채가공품"", ""에리스리톨"", ""수크랄로스"", ""아세설팜칼륨"", ""구연산"", ""비타민C"", ""구연산삼나트륨"", ""향료"", ""식용색소황색제4호"", ""식용색소청색제1호"", ""정제수""]"
20160368070143,제로 설향을 가득 담은 딸기청,(주)이안스푸드글로벌,과.채가공품,2024-10-22,2024-10-30,zero,7,"[""비트레드"", ""아세설팜칼륨"", ""수크랄로스"", ""잔탄검"", ""레몬과즙"", ""알룰로오스"", ""딸기""]"
1996049414614,제로 수정과,영농조합법인 동상면사람들,액상차,2025-11-06,2025-12-02,zero,7,"[""정제수"", ""생강"", ""곶감"", ""통계피"", ""효소처리스테비아"", ""에리스리톨"", ""수크랄로스""]"
202203134012,제로 슈가 19곡 파우더,스웰로우(swellow),당류가공품,2023-04-24,2023-04-26,zero,7,"[""잔탄검"", ""정제소금"", ""난소화성말토덱스트린(고시형)"", ""효소처리스테비아"", ""에리스리톨"", ""곡류가공품"", ""이산화규소""]"
202203134014,제로 슈가 더블 그린티 파우더,스웰로우(swellow),당류가공품,2022-12-30,2023-03-09,zero,8,"[""에리스리톨"", ""난소화성말토덱스트린분말(고시형)"", ""기타가공품"", ""기타가공품"", ""효소처리스테비아"", ""잔탄검"", ""이산화규소"", ""구아검""]"
202203134011,제로 슈가 딥 바닐라 파우더,스웰로우(swellow),당류가공품,2023-02-17,2023-04-18,zero,3,"[""당류가공품"", ""난소화성말토덱스트린(고시형)"", ""바닐라빈""]"
202203134016,제로 슈가 벨벳 초코 파우더,스웰로우(swellow),당류가공품,2022-12-30,2023-04-18,zero,11,"[""코코아분말"", ""코코아분말"", ""에리스리톨"", ""난소화성말토덱스트린분말(고시형)"", ""혼합제제"", ""혼합제제"", ""이산화규소"", ""효소처리스테비아"", ""정제소금"", ""잔탄검"", ""구아검""]"
200201832821548,제로 슈가 시럽,(주)푸드웰,당류가공품,2026-07-09,2026-07-16,zero,13,"[""알룰로오스"", ""정제수"", ""알룰로오스"", ""에리스리톨"", ""펙틴"", ""효소처리스테비아"", ""스테비올배당체"", ""잔탄검"", ""소브산칼륨"", ""수크랄로스"", ""구연산"", ""아세설팜칼륨"", ""혼합제제""]"
202203134017,제로 슈가 자바 초코칩 파우더,스웰로우(swellow),당류가공품,2023-02-17,2023-04-18,zero,12,"[""에리스리톨"", ""코코아분말"", ""코코아분말"", ""다크 초콜릿 컴파운드 칩"", ""난소화성말토덱스트린(고시형)"", ""커피분말"", ""혼합제제"", ""이산화규소"", ""효소처리스테비아"", ""정제소금"", ""잔탄검"", ""구아검""]"
19750358001819,제로 슈거 말차,(주)대상다이브스 이천공장,고형차,2025-04-21,2025-04-22,zero,4,"[""에리스리톨"", ""고형차"", ""수크랄로스"", ""아세설팜칼륨""]"
20190350569184,제로 슈크레 얼그레이  밀크티베이스,주식회사 푸른나무,당류가공품,2024-07-01,2024-07-04,zero,7,"[""정제수"", ""홍차엽"", ""홍차엽"", ""알룰로오스"", ""정제소금"", ""천일염"", ""소브산칼륨""]"
202401185892,제로 스위트너,주식회사 인퓨저,혼합제제,2024-12-30,2025-01-03,zero,2,"[""스테비올배당체"", ""에리스리톨""]"
20000449035958,제로 스윗 복숭아아이스티,(주)쟈뎅,액상차,2025-03-24,2025-03-26,zero,15,"[""복사나무열매농축액"", ""에리스리톨"", ""구연산(무수)"", ""복숭아홍차분말"", ""홍차추출분말"", ""향료"", ""DL-사과산"", ""난소화성말토덱스트린(고시형)"", ""정제소금"", ""향료"", ""스테비올배당체"", ""수크랄로스"", ""아세설팜칼륨"", ""혼합제제"", ""정제수""]"
20000449035952,제로 스윗 아메리카노,(주)쟈뎅,커피,2025-02-28,2026-06-16,zero,12,"[""혼합제제"", ""자몽종자추출물"", ""아세설팜칼륨"", ""수크랄로스"", ""스테비올배당체"", ""탄산칼륨(무수)"", ""탄산수소나트륨"", ""식품첨가물"", ""커피"", ""향료"", ""향료"", ""정제수""]"
19940440030232,제로 스윗 아샷추 복숭아,(주)퓨럽,커피,2025-12-24,2026-01-15,zero,11,"[""커피농축액"", ""과.채가공품"", ""에리스리톨"", ""구연산"", ""홍차추출분말"", ""아세설팜칼륨"", ""수크랄로스"", ""향료"", ""향료"", ""향료"", ""정제수""]"
20210559218160,제로 스파이스 갈릭시즈닝,주식회사 데이웰즈,복합조미식품,2025-12-04,2025-12-06,zero,12,"[""치커리분말"", ""이산화규소"", ""식품첨가물혼합제제"", ""식품첨가물혼합제제"", ""5-리보뉴클레오티드이나트륨"", ""나한과분말"", ""건마늘분말"", ""복합조미식품"", ""정제소금"", ""유크림"", ""유청분말"", ""에리스리톨""]"
20210559218159,제로 스파이스 칠리시즈닝,주식회사 데이웰즈,복합조미식품,2025-12-04,2025-12-06,zero,14,"[""구연산"", ""5-리보뉴클레오티드이나트륨"", ""복합조미식품"", ""나한과분말"", ""고춧가루"", ""복합조미식품"", ""정제소금"", ""간장분말"", ""유청분말"", ""에리스리톨"", ""식품첨가물"", ""이산화규소"", ""식품첨가물혼합제제"", ""치커리분말""]"
201005430661171,제로 스파클링 배,오케이에프음료 주식회사,탄산음료,2023-05-24,2024-08-31,zero,9,"[""정제수"", ""이산화탄소"", ""향료"", ""구연산(무수)"", ""과.채가공품"", ""배농축액"", ""아세설팜칼륨"", ""수크랄로스"", ""기타가공품""]"
201005430661172,제로 스파클링 자두,오케이에프음료 주식회사,탄산음료,2023-05-24,2024-08-31,zero,12,"[""정제수"", ""이산화탄소"", ""구연산(무수)"", ""향료"", ""향료제제"", ""자두농축액"", ""과.채가공품"", ""아세설팜칼륨"", ""수크랄로스"", ""락색소"", ""자주색고구마색소"", ""기타가공품""]"
20010445002846,제로 스프링클,엠에스바이오텍(주),기타가공품,2023-12-07,2024-03-27,zero,7,"[""차추출물분말"", ""유산균혼합분말"", ""스테아린산마그네슘"", ""이산화규소"", ""레몬밤분말"", ""난소화성말토덱스트린(고시형)"", ""α-시클로덱스트린""]"
20160634095288,제로 시트러스 유자 젤리,(주)에스디푸드,캔디류,2024-08-09,2026-08-06,zero,17,"[""글리세린지방산에스테르"", ""기타가공품"", ""수크랄로스"", ""아세설팜칼륨"", ""구연산삼나트륨"", ""향료"", ""기타 식용유지가공품"", ""펙틴"", ""글리세린"", ""DL-사과산"", ""구연산"", ""젤라틴"", ""폴리글리시톨액"", ""말티톨액"", ""정제수"", ""향료"", ""향료""]"
2024050017712,제로 쑥 단백질 영양찰떡,별미힘떡,떡류,2025-07-18,2025-07-21,zero,14,"[""에리스리톨"", ""정제소금"", ""밤다이스"", ""강낭콩"", ""검정콩"", ""건조이집트콩"", ""해바라기씨앗"", ""땅콩분태"", ""호두분태"", ""호박씨앗"", ""냉동쑥"", ""분리대두단백"", ""찹쌀"", ""효소처리스테비아""]"
19780614009602,제로 쑥 단호박 크림케이크,롯데웰푸드(주),과자,2026-05-06,2026-05-07,zero,40,"[""아세설팜칼륨"", ""수크랄로스"", ""향료제제"", ""유화제"", ""쇼트닝"", ""쇼트닝"", ""쇼트닝"", ""당류가공품"", ""정제수"", ""폴리글리시톨액"", ""전란액"", ""밀가루"", ""D-말티톨"", ""쇼트닝"", ""일반증류주"", ""정제소금"", ""가공치즈"", ""혼합제제"", ""난백분"", ""유크림"", ""주정"", ""향료"", ""향료"", ""향료"", ""향료"", ""탄산수소나트륨"", ""글리세린"", ""과.채가공품"", ""가공치즈"", ""혼합제제"", ""혼합제제"", ""곡류가공품"", ""기타가공품"", ""식물성크림"", ""밀글루텐"", ""유화제"", ""제일인산칼슘"", ""치자청색소"", ""탄산수소암모늄"", ""홍화황색소""]"
20190350569185,제로 아쌈블렌드 밀크티베이스,주식회사 푸른나무,당류가공품,2024-07-01,2024-07-04,zero,6,"[""정제수"", ""홍차엽"", ""홍차엽"", ""알룰로오스"", ""천일염"", ""소브산칼륨""]"
19960386249126,제로 아이스 쿠키&크림바,동그린주식회사,빙과,2024-02-28,2026-04-10,zero,17,"[""향료제제"", ""혼합제제"", ""커피"", ""유화제"", ""가공치즈"", ""식물성크림"", ""유함유가공품"", ""이눌린/치커리추출물(고시형)"", ""버터"", ""말티톨액"", ""D-말티톨"", ""과자"", ""수크랄로스"", ""향료제제"", ""정제소금"", ""정제수"", ""준초콜릿""]"
19960386249123,제로 아이스 트리플 초콜릿바,동그린주식회사,빙과,2024-02-01,2025-11-19,zero,16,"[""수크랄로스"", ""향료"", ""정제소금"", ""혼합제제"", ""유화제"", ""식물성크림"", ""버터"", ""유함유가공품"", ""코코아매스"", ""코코아분말"", ""말티톨액"", ""D-말티톨"", ""준초콜릿"", ""정제수"", ""코코아분말"", ""향료""]"
20000347090461,제로 아이스티 레몬맛,동서바이오팜(주)용인공장,음료베이스,2023-07-31,2023-08-01,zero,8,"[""레몬향분말"", ""구연산"", ""덱스트린"", ""레몬과즙분말"", ""수크랄로스"", ""아세설팜칼륨"", ""홍차추출분말"", ""스테비올배당체""]"
20080395120828,제로 아이스티 복숭아맛,(주)서울에프엔비 횡성지점,액상차,2025-04-04,2026-03-19,zero,14,"[""향료"", ""과.채가공품"", ""과.채가공품"", ""에리스리톨"", ""정제수"", ""DL-사과산"", ""구연산삼나트륨"", ""비타민C"", ""구연산"", ""향료제제"", ""향료"", ""고형차"", ""고형차"", ""수크랄로스""]"
20070443110824,제로 아이스티 샤인&라임,(주)삼양패키징광혜원공장,액상차,2024-03-12,2024-03-21,zero,10,"[""향료"", ""향료"", ""구연산"", ""자일리톨"", ""수크랄로스"", ""과.채가공품"", ""과.채가공품"", ""고형차"", ""식물혼합추출액"", ""정제수""]"
20080395120827,제로 아이스티 자몽맛,(주)서울에프엔비 횡성지점,액상차,2025-04-03,2026-03-19,zero,14,"[""에리스리톨"", ""정제수"", ""과.채가공품"", ""구연산"", ""향료"", ""과.채가공품"", ""고형차"", ""수크랄로스"", ""DL-사과산"", ""구연산삼나트륨"", ""비타민C"", ""고형차"", ""향료"", ""향료""]"
20000347090460,제로 아이스티 피치망고맛,동서바이오팜(주)용인공장,음료베이스,2023-07-31,2023-08-01,zero,11,"[""수크랄로스"", ""아세설팜칼륨"", ""DL-사과산"", ""비타민C"", ""망고농축분말"", ""복숭아과즙분말"", ""망고향분말"", ""스테비올배당체"", ""복숭아향분말"", ""구연산"", ""덱스트린""]"
20070443110825,제로 아이스티 화이트피치,(주)삼양패키징광혜원공장,액상차,2024-03-12,2024-03-21,zero,9,"[""과.채가공품"", ""향료"", ""향료"", ""구연산"", ""자일리톨"", ""수크랄로스"", ""식물혼합추출액"", ""정제수"", ""고형차""]"
2019011414430,제로 앙버터스콘,제로베이커리,빵류,2020-08-05,2026-04-07,zero,10,"[""당류가공품"", ""생크림"", ""팥"", ""기타전분"", ""버터"", ""아몬드분말"", ""천일염"", ""유정란"", ""에리스리톨"", ""팽창제제""]"
20060464002439,제로 애플망고,(주)건강마을,혼합음료,2025-04-30,2025-05-03,zero,11,"[""정제수"", ""알룰로오스"", ""구연산"", ""향료"", ""향료"", ""망고농축"", ""카복시메틸셀룰로스나트륨"", ""효소처리스테비아"", ""수크랄로스"", ""과.채가공품"", ""카로틴색소""]"
19870364014633,제로 얇은피 단팥빵,롯데웰푸드(주),빵류,2026-01-15,2026-02-01,zero,15,"[""조림류"", ""밀가루"", ""쇼트닝"", ""전란액"", ""난소화성말토덱스트린(고시형)"", ""곡류가공품"", ""D-소비톨액"", ""효모"", ""정제소금"", ""기타가공품"", ""유화제"", ""마가린"", ""쇼트닝"", ""기타가공품"", ""정제수""]"
20190413079260,제로 에이드 레몬,동원시스템즈(주) 횡성사업장,혼합음료,2025-05-21,2025-05-22,zero,8,"[""레몬농축액"", ""에리스리톨"", ""구연산"", ""구연산삼나트륨"", ""홍화황색소"", ""수크랄로스"", ""향료"", ""정제수""]"
20190413079261,제로 에이드 수박,동원시스템즈(주) 횡성사업장,혼합음료,2025-05-21,2025-05-22,zero,8,"[""정제수"", ""향료"", ""수박농축액"", ""에리스리톨"", ""구연산"", ""구연산삼나트륨"", ""베리류색소"", ""수크랄로스""]"
20190413079262,제로 에이드 청포도,동원시스템즈(주) 횡성사업장,혼합음료,2025-05-21,2025-05-22,zero,7,"[""청포도농축액"", ""에리스리톨"", ""구연산"", ""구연산삼나트륨"", ""수크랄로스"", ""향료"", ""정제수""]"
1986037002296,제로 연양갱,삼성식품,캔디류,2025-01-03,2025-01-04,zero,8,"[""말티톨시럽"", ""팥앙금"", ""폴리글리시톨시럽"", ""난소화성말토덱스트린(고시형)"", ""한천"", ""아세설팜칼륨"", ""수크랄로스"", ""정제수""]"
1986037002297,제로 연양갱 꿀고구마,삼성식품,캔디류,2025-08-11,2025-08-13,zero,11,"[""정제수"", ""수크랄로스"", ""아세설팜칼륨"", ""안나토색소"", ""향료"", ""사양벌꿀"", ""한천"", ""고구마페이스트"", ""폴리글리시톨시럽"", ""강낭콩앙금"", ""말티톨시럽""]"
19860370022100,제로 연양갱 애플시나몬,삼성식품,캔디류,2026-08-13,2026-08-15,zero,12,"[""말티톨액"", ""강낭콩앙금"", ""폴리글리시톨액"", ""난소화성말토덱스트린(고시형)"", ""한천"", ""사과농축액"", ""향료"", ""향료"", ""계피가루"", ""아세설팜칼륨"", ""수크랄로스"", ""정제수""]"
20080332594120,제로 오미자 아이스티,(주)스위트컵,음료베이스,2024-06-26,2024-06-27,zero,11,"[""에리스리톨"", ""구연산"", ""향료"", ""홍차추출분말"", ""효소처리스테비아"", ""이산화규소"", ""비타민C"", ""구연산삼나트륨"", ""과.채가공품"", ""혼합제제"", ""수크랄로스""]"
20190424104171,제로 오미자샷,엔에이치씨바이오텍(주),액상차,2024-11-05,2025-12-12,zero,12,"[""정제수"", ""프락토올리고당(고시형)"", ""오미자농축액"", ""포도농축액"", ""사과농축액"", ""천연향료(기타천연향료)"", ""비타민C"", ""레몬추출물"", ""비타민E혼합제제"", ""고형차"", ""건조효모"", ""효소처리스테비아""]"
2020042406557,제로 윈,광동헬스바이오(주),혼합음료,2023-04-19,2023-04-21,zero,14,"[""유산균배양건조물"", ""효소처리스테비아"", ""서양자두농축액"", ""세븐베리농축액"", ""블루베리농축액"", ""블루베리향"", ""덱스트린"", ""용설란시럽"", ""정제수"", ""잔탄검"", ""구연산삼나트륨"", ""락툴로즈혼합분말"", ""알로에겔농축액"", ""기타가공품""]"
20090397178131,제로 자두,봉평메밀특산단지영농조합법인,혼합음료,2024-08-21,2024-08-23,zero,11,"[""식용색소황색제4호"", ""식용색소적색제40호"", ""수크랄로스"", ""구연산삼나트륨"", ""비타민C"", ""DL-사과산"", ""정제수"", ""에리스리톨"", ""자두농축액"", ""자두향"", ""구연산""]"
20090368428577,제로 자두,(주)스위트코리아,혼합음료,2024-05-27,2024-06-15,zero,11,"[""식용색소황색제4호"", ""정제수"", ""에리스리톨"", ""자두농축액"", ""자두향"", ""구연산"", ""DL-사과산"", ""비타민C"", ""구연산삼나트륨"", ""수크랄로스"", ""식용색소적색제40호""]"
19920306114340,제로 적설앙금,주식회사 동남,조림류,2025-06-10,2025-06-12,zero,3,"[""정제소금"", ""말티톨시럽"", ""두류가공품""]"
19910464049437,제로 제주 감귤베이스,(주)프레시코,음료베이스,2024-07-02,2024-07-09,zero,15,"[""안식향산나트륨"", ""아미드펙틴"", ""혼합제제"", ""천연향료"", ""천연향료"", ""DL-사과산"", ""구연산"", ""정제수"", ""과.채가공품"", ""감귤"", ""알룰로오스"", ""식용색소황색제4호"", ""제이인산칼슘"", ""아세설팜칼륨"", ""수크랄로스""]"
20000614238545,제로 청포도청사과에이드,(주)바이오포트코리아,혼합음료,2023-04-13,2023-06-27,zero,14,"[""구연산"", ""아세설팜칼륨"", ""수크랄로스"", ""에리스리톨"", ""과.채가공품"", ""청포도농축액"", ""과.채가공품"", ""식용색소청색제1호"", ""식용색소황색제4호"", ""향료"", ""비타민C"", ""구연산삼나트륨"", ""향료"", ""정제수""]"
20040036115859,제로 초코 롤케이크,주식회사 케익모아,빵류,2024-07-25,2024-09-24,zero,16,"[""식품첨가물"", ""기타가공품"", ""혼합제제"", ""팽창제제"", ""혼합음료"", ""초콜릿"", ""코코아분말"", ""정제수"", ""유크림"", ""난황"", ""식품첨가물"", ""채종유(유채유 또는 카놀라유)"", ""식품첨가물"", ""식물성크림"", ""밀가루"", ""전란""]"
19960386249115,제로 초코바,동그린주식회사,빙과,2021-09-06,2023-06-10,zero,18,"[""말티톨시럽"", ""준초콜릿"", ""D-말티톨"", ""정제수"", ""향료"", ""커피"", ""정제소금"", ""혼합제제"", ""코코아분말"", ""혼합제제"", ""유화제"", ""향료"", ""유청단백분말"", ""코코아분말"", ""코코아매스"", ""가공버터"", ""혼합식용유"", ""수크랄로스""]"
19780614009572,제로 초코파이,롯데웰푸드(주),초콜릿가공품,2024-10-02,2025-07-16,zero,26,"[""제일인산칼슘"", ""탄산수소암모늄"", ""탄산수소나트륨"", ""기타가공품"", ""혼합제제"", ""주정"", ""혼합제제"", ""젤라틴"", ""쇼트닝"", ""글리세린"", ""전란액"", ""말티톨액"", ""폴리글리시톨액"", ""쇼트닝"", ""정제수"", ""D-말티톨"", ""준초콜릿"", ""밀가루"", ""향료"", ""혼합제제"", ""바닐린"", ""정제소금"", ""수크랄로스"", ""아세설팜칼륨"", ""향료제제"", ""가티검""]"
19780614009616,제로 초코파이 애플시나몬,롯데웰푸드(주),초콜릿가공품,2026-08-03,2026-08-04,zero,32,"[""준초콜릿"", ""밀가루"", ""향료"", ""향료"", ""D-말티톨"", ""정제수"", ""쇼트닝"", ""말티톨액"", ""당류가공품"", ""폴리글리시톨액"", ""전란액"", ""글리세린"", ""쇼트닝"", ""젤라틴"", ""주정"", ""기타가공품"", ""혼합제제"", ""정제소금"", ""탄산수소암모늄"", ""혼합제제"", ""탄산수소나트륨"", ""곡류가공품"", ""제일인산칼슘"", ""가티검"", ""수크랄로스"", ""아세설팜칼륨"", ""잔탄검"", ""바닐린"", ""혼합제제"", ""계피가루"", ""향료제제"", ""향료""]"
19830308010362,제로 초콜릿칩 쿠키,롯데웰푸드 주식회사,과자,2022-05-11,2025-10-15,zero,24,"[""초콜릿"", ""밀가루"", ""가공버터"", ""D-소비톨액"", ""전란액"", ""D-말티톨"", ""에리스리톨"", ""식물성유지"", ""폴리글리시톨시럽"", ""밀단백"", ""과.채가공품"", ""산도조절제"", ""변성전분"", ""산도조절제"", ""코코아분말"", ""정제소금"", ""산도조절제"", ""레시틴"", ""천연향료"", ""혼합제제"", ""혼합제제"", ""수크랄로스"", ""아세설팜칼륨"", ""계피가루""]"
19780614009519,제로 카카오 케이크,롯데웰푸드(주),과자,2021-08-11,2025-07-01,zero,42,"[""치커리식이섬유"", ""곡류가공품"", ""기타가공품"", ""활성글루텐"", ""코코아매스"", ""쇼트닝"", ""쇼트닝"", ""정제수"", ""폴리글리시톨시럽"", ""쇼트닝"", ""전란액"", ""D-말티톨"", ""밀가루"", ""코코아분말"", ""혼합제제"", ""혼합제제"", ""향료"", ""향료"", ""향료"", ""향료"", ""커피"", ""일반증류주"", ""정제소금"", ""유크림"", ""혼합제제"", ""코코아분말"", ""과.채가공품"", ""제일인산칼슘"", ""탄산수소암모늄"", ""탄산수소나트륨"", ""글리세린"", ""난백분"", ""주정"", ""코코아분말"", ""가공치즈"", ""혼합제제"", ""유화제"", ""유화제"", ""바닐린"", ""아세설팜칼륨"", ""수크랄로스"", ""향료제제""]"
197304430031490,제로 카페시럽,(주)삼광식품,당류가공품,2023-08-14,2023-09-01,zero,6,"[""정제수"", ""당류가공품"", ""올리고당"", ""효소처리스테비아"", ""과.채가공품"", ""수크랄로스""]"
20030473071502,제로 콜라,건강한사람들 주식회사 2사업장,탄산음료,2025-07-11,2025-07-26,zero,9,"[""수크랄로스"", ""아세설팜칼륨"", ""구연산칼륨"", ""카페인"", ""향료"", ""혼합제제"", ""향료"", ""이산화탄소"", ""정제수""]"
19960242067450,제로 쿠앤크 샌드 스트로베리&밀크,롯데웰푸드(주),과자,2025-12-12,2025-12-16,zero,28,"[""쇼트닝"", ""D-말티톨"", ""박력분"", ""식물성유지"", ""쇼트닝"", ""코코아분말"", ""식물성크림"", ""전분가공품"", ""산도조절제"", ""정제소금"", ""향료"", ""바닐린"", ""산도조절제"", ""가공치즈"", ""산도조절제"", ""유화제"", ""향료"", ""유청단백분말"", ""딸기 과즙(착즙)분말"", ""구연산"", ""비트레드"", ""향료"", ""향료"", ""기타가공품"", ""정제소금"", ""천연감미료혼합제제분말"", ""천연감미료혼합제제분말"", ""정제수""]"
19960242067423,제로 쿠키앤크림 샌드,롯데웰푸드(주),과자,2023-09-11,2026-06-30,zero,23,"[""천연감미료혼합제제분말"", ""천연향료"", ""향료"", ""향료"", ""향료"", ""향료"", ""바닐린"", ""유화제"", ""유함유가공품"", ""산도조절제"", ""산도조절제"", ""정제소금"", ""산도조절제"", ""전분가공품"", ""폴리글리시톨액"", ""코코아분말"", ""쇼트닝"", ""식물성유지"", ""쇼트닝"", ""D-말티톨"", ""박력분"", ""정제수"", ""천연감미료혼합제제분말""]"
20230465751119,제로 쿠키앤크림 샌드 분태,(주)엔에프에스 갈매지점,과자,2026-07-01,2026-07-08,zero,1,"[""과자""]"
19930294014424,제로 크런치초코볼,(주)대웅,초콜릿가공품,2022-08-23,2026-05-20,zero,6,"[""준초콜릿"", ""곡류가공품"", ""말티톨시럽"", ""혼합제제"", ""아라비아검"", ""정제수""]"
19730190015366,제로 클래식 시럽,씨제이제일제당(주),당류가공품,2026-04-27,2026-08-06,zero,6,"[""정제수"", ""구연산"", ""스테비올배당체"", ""효소처리스테비아"", ""당류가공품"", ""당류가공품""]"
20030473071504,제로 토닉 워터,건강한사람들 주식회사 2사업장,탄산음료,2025-07-11,2025-08-07,zero,11,"[""정제수"", ""이산화탄소"", ""향료"", ""향료"", ""당류가공품"", ""구연산"", ""아세설팜칼륨"", ""수크랄로스"", ""구연산삼나트륨"", ""향료"", ""효소처리루틴""]"
200403064182851,제로 투톤바 망고패션프룻,에스피엘주식회사,빙과,2023-06-29,2025-07-26,zero,14,"[""정제수"", ""알룰로오스"", ""구연산"", ""식품첨가물혼합제제"", ""기타가공품"", ""향료"", ""망고농축액"", ""치자황색소"", ""과.채가공품"", ""향료"", ""식품첨가물혼합제제"", ""향료"", ""향료"", ""수크랄로스""]"
200403064182850,제로 투톤바 베리베리,에스피엘주식회사,빙과,2023-06-28,2025-07-26,zero,14,"[""향료제제"", ""토마토색소"", ""향료"", ""향료"", ""치자적색소"", ""수크랄로스"", ""향료"", ""블루베리주스농축액"", ""구연산"", ""정제수"", ""알룰로오스"", ""식품첨가물혼합제제"", ""기타가공품"", ""딸기농축액""]"
2024067241326,제로 티 베이스 납작복숭아,주식회사 서울팩토리,음료베이스,2025-01-15,2025-08-15,zero,14,"[""알룰로오스"", ""정제수"", ""과.채가공품류"", ""향료"", ""구연산"", ""DL-사과산"", ""홍차향"", ""복숭아향"", ""구연산삼나트륨"", ""홍차추출분말"", ""비타민C"", ""수크랄로스"", ""아세설팜칼륨"", ""안식향산나트륨""]"
2024067241327,제로 티 베이스 납작복숭아 망고향,주식회사 서울팩토리,음료베이스,2025-01-16,2026-01-22,zero,16,"[""구연산삼나트륨"", ""복숭아향"", ""망고향"", ""DL-사과산"", ""향료"", ""구연산"", ""과.채가공품류"", ""정제수"", ""알룰로오스"", ""아세설팜칼륨"", ""비타민C"", ""홍차향"", ""홍차추출분말"", ""식용색소황색제5호"", ""안식향산나트륨"", ""수크랄로스""]"
20240672413173,제로 티 베이스 루이보스&복숭아,주식회사 서울팩토리,음료베이스,2026-08-07,2026-08-08,zero,14,"[""정제수"", ""알룰로오스"", ""안식향산나트륨"", ""식용색소적색제40호"", ""카라멜색소 Ⅲ"", ""수크랄로스"", ""아세설팜칼륨"", ""구연산삼나트륨"", ""DL-사과산"", ""구연산"", ""향료"", ""향료"", ""과.채가공품류"", ""침출차""]"
2024067241379,제로 티 베이스 캐모마일 사과향,주식회사 서울팩토리,음료베이스,2025-02-24,2025-11-21,zero,13,"[""알룰로오스"", ""정제수"", ""캐모마일꽃"", ""청사과향"", ""구연산(결정)"", ""향료"", ""혼합제제"", ""DL-사과산"", ""구연산삼나트륨"", ""안식향산나트륨"", ""아세설팜칼륨"", ""수크랄로스"", ""식용색소황색제4호""]"
20240672413124,제로 티 베이스 히비스커스&레드애플,주식회사 서울팩토리,음료베이스,2025-08-14,2026-05-12,zero,18,"[""알룰로오스"", ""정제수"", ""과.채가공품류"", ""침출차"", ""구연산"", ""히비스커스향"", ""DL-사과산"", ""혼합제제"", ""사과향"", ""리치향"", ""정제소금"", ""구연산삼나트륨"", ""안식향산나트륨"", ""아세설팜칼륨"", ""수크랄로스"", ""홍차추출분말"", ""식용색소황색제5호"", ""식용색소적색제40호""]"
20040036115895,제로 티라미슈,주식회사 케익모아,빵류,2025-01-20,2025-12-18,zero,23,"[""채종유(유채유 또는 카놀라유)"", ""식물성크림"", ""치즈"", ""식품첨가물"", ""밀가루"", ""난황"", ""식물성크림"", ""전란"", ""당류가공품"", ""정제수"", ""식품첨가물"", ""식품첨가물혼합제제"", ""우유"", ""커피"", ""식품첨가물"", ""식품첨가물"", ""혼합제제"", ""혼합제제"", ""식품첨가물"", ""식품첨가물"", ""식품첨가물"", ""과.채가공품"", ""코코아분말""]"
20030364667116,제로 파우더,(주)에이치엘사이언스,기타가공품,2024-05-03,2024-05-07,zero,3,"[""대나무수액"", ""α-시클로덱스트린"", ""난소화성말토덱스트린(고시형)""]"
20200301888762,제로 펌킨티,주식회사 올데이티,침출차,2023-08-18,2023-08-19,zero,3,"[""건조우엉"", ""팥"", ""건호박""]"
1991020505654,제로 페퍼민트 캔디,유창성업(주),캔디류,2024-01-17,2026-07-01,zero,4,"[""천연향료"", ""향료"", ""향료"", ""자일리톨""]"
20040036115857,제로 플레인 롤케이크,주식회사 케익모아,빵류,2024-07-25,2024-11-14,zero,14,"[""전란"", ""밀가루"", ""식물성크림"", ""식품첨가물"", ""채종유(유채유 또는 카놀라유)"", ""식품첨가물"", ""난황"", ""유크림"", ""정제수"", ""혼합음료"", ""식품첨가물"", ""바닐라향"", ""혼합제제"", ""팽창제제""]"
197304430031895,제로 피넛 스위트,(주)삼광식품,식물성크림,2026-06-18,2026-06-19,zero,15,"[""가공유지"", ""D-말티톨"", ""식물성크림"", ""곡류가공품"", ""난소화성말토덱스트린(고시형)"", ""땅콩분말"", ""아몬드분말"", ""가공치즈"", ""정제소금"", ""레시틴"", ""코코아분말"", ""향료"", ""향료"", ""안나토색소"", ""효소처리스테비아""]"
1991020505661,제로 피치민트 캔디,유창성업(주),캔디류,2024-11-21,2026-07-01,zero,8,"[""천연향료"", ""과.채가공품"", ""혼합제제"", ""향료"", ""천연향료"", ""향료"", ""향료"", ""자일리톨""]"
202207802669,제로 핑크레몬에이드,(주)에이트리에프앤비,혼합음료,2023-02-01,2023-06-21,zero,11,"[""레몬농축액"", ""에리스리톨"", ""구연산"", ""구연산삼나트륨"", ""수크랄로스"", ""비타민C"", ""혼합제제"", ""혼합제제"", ""레몬향"", ""라임향"", ""정제수""]"
20160634095302,제로 후르츠 젤리,(주)에스디푸드,캔디류,2022-05-11,2026-08-08,zero,18,"[""향료"", ""향료"", ""DL-사과산"", ""구연산"", ""젤라틴"", ""폴리글리시톨액"", ""말티톨액"", ""기타 식용유지가공품"", ""글리세린"", ""펙틴"", ""정제수"", ""천연향료"", ""천연향료"", ""향료"", ""글리세린지방산에스테르"", ""아세설팜칼륨"", ""수크랄로스"", ""구연산삼나트륨""]"
2013007381715,제로(ZERO),뉴웨이브커피로스터스,커피,2017-05-23,2017-05-26,zero,2,"[""커피원두"", ""커피원두""]"
2021057443724,제로(수)水,태광약품,차아염소산수,2025-12-12,2025-12-24,zero,2,"[""정제수"", ""차아염소산수""]"
20200452306368,제로-스트 테아닌 1200,(주)에스엠바이오,과.채가공품,2025-04-02,2025-07-17,zero,4,"[""과.채가공품"", ""스테아린산마그네슘"", ""이산화규소"", ""기타가공품""]"
201902363311,제로R1,(주)인컴바이오,구연산무수,2020-03-02,2020-06-23,zero,2,"[""정제수"", ""무수구연산""]"
201902363314,제로R2,(주)인컴바이오,식품첨가물과기구등의살균소독제,2020-05-14,2021-04-01,zero,3,"[""이산화염소(수)"", ""합성향료"", ""정제수""]"
201902363313,제로R3,(주)인컴바이오,식품첨가물과기구등의살균소독제,2020-05-08,2020-07-16,zero,3,"[""천연향료(기타천연향료)"", ""정제수"", ""이산화염소(수)""]"
201902363312,제로R4,(주)인컴바이오,식품첨가물과기구등의살균소독제,2020-03-02,2021-04-01,zero,2,"[""정제수"", ""이산화염소(수)""]"
20070443110605,제로S워터,(주)삼양패키징광혜원공장,혼합음료,2022-03-21,2022-05-27,zero,14,"[""에리스리톨"", ""구연산"", ""그린커피빈주정추출물(기능성원료인정제2018-6호)"", ""과.채가공품"", ""음료베이스"", ""DL-사과산"", ""구연산삼나트륨"", ""비타민C"", ""아세설팜칼륨"", ""수크랄로스"", ""혼합제제"", ""합성향료"", ""혼합제제"", ""정제수""]"
20090275178617,제로가든 라이트베이킹슈가-제빵용,(주)브레드가든성남공장,당류가공품,2026-01-16,2026-04-11,zero,6,"[""효소처리스테비아"", ""말토덱스트린혼합제제"", ""분말결정포도당"", ""트레할로스"", ""알룰로오스"", ""에리스리톨""]"
20090275178619,제로가든 스테비아,(주)브레드가든성남공장,당류가공품,2026-04-15,2026-04-22,zero,3,"[""나한과추출물분말"", ""효소처리스테비아"", ""에리스리톨""]"
20090275178618,제로가든 알룰로스,(주)브레드가든성남공장,당류가공품,2026-04-15,2026-04-22,zero,3,"[""나한과추출물분말"", ""효소처리스테비아"", ""알룰로오스""]"
20090275178614,제로가든 저당베이킹슈가-구움과자/케이크용,(주)브레드가든성남공장,당류가공품,2026-01-16,2026-01-27,zero,6,"[""효소처리스테비아"", ""에리스리톨"", ""알룰로오스"", ""이소말트"", ""트레할로스"", ""말토덱스트린혼합제제""]"
20090275178616,제로가든 저당베이킹슈가-쿠키용,(주)브레드가든성남공장,당류가공품,2026-01-16,2026-01-27,zero,7,"[""효소처리스테비아"", ""말토덱스트린혼합제제"", ""트레할로스"", ""변성전분"", ""이소말트"", ""알룰로오스"", ""에리스리톨""]"
20090275178615,제로가든 제로베이킹슈가-다목적용,(주)브레드가든성남공장,당류가공품,2026-01-16,2026-01-27,zero,3,"[""효소처리스테비아"", ""알룰로오스"", ""에리스리톨""]"
2000019924085,제로간장새우장,부일식품,절임식품,2026-06-09,2026-06-11,zero,13,"[""새우"", ""양조간장"", ""정제수"", ""알룰로오스"", ""마늘"", ""글리신"", ""생강"", ""액젓"", ""L-글루탐산나트륨"", ""식초"", ""5-리보뉴클레오티드이나트륨"", ""전분가공품"", ""유산균""]"
19900515025402,제로견과바,농업회사법인호정식품(주),과자,2025-12-23,2026-07-01,zero,18,"[""아몬드"", ""호두"", ""피스타치오견과"", ""말티톨시럽"", ""볶은검정콩"", ""캐슈견과"", ""마카다미아"", ""피칸견과"", ""볶은현미"", ""이소말트"", ""브라질넛견과"", ""해바라기씨앗"", ""폴리덱스트로스"", ""쇼트닝"", ""펙틴"", ""바닐린"", ""정제소금"", ""d-토코페롤(혼합형)""]"
2000025705670,제로구구콘과자,동산산업(주),과자,2025-03-10,2025-03-12,zero,8,"[""정제수"", ""아세설팜칼륨"", ""바닐린"", ""정제소금"", ""밀가루"", ""레시틴"", ""쇼트닝"", ""D-말티톨""]"
2005035570185,제로그램의 선물,코델리커피,커피,2018-12-06,2018-12-13,zero,1,"[""커피원두""]"
2019054755666,제로까베르네소비뇽,하이드로오아시스 제1공장,탄산음료,2024-08-28,2025-02-06,zero,13,"[""탄닌산"", ""자몽종자추출물"", ""비타민C"", ""구연산"", ""향료"", ""분말결정포도당"", ""자일리톨"", ""기타가공품"", ""결정과당"", ""이산화탄소"", ""과.채가공품"", ""정제수"", ""DL-사과산""]"
20170441083535,제로깐풍기소스,주식회사 레인보우에프에스,소스,2026-04-13,2026-04-15,zero,2,"[""소스"", ""양파""]"
20190085116158,"제로나인, 포 썸",주식회사 인퓨저,침출차,2020-09-22,2020-10-06,zero,7,"[""포트마리골드꽃"", ""식품첨가물혼합제제"", ""건조루이보스잎"", ""스테비아잎"", ""건조장미꽃잎"", ""캔디류"", ""건조파인애플다이스""]"
19980415037265,제로냉면육수베이스-F,퓨전푸드시스템,소스,2021-04-01,2025-01-16,zero,12,"[""간장"", ""정제소금"", ""L-글루탐산나트륨"", ""과.채가공품"", ""식품첨가물"", ""식육추출가공품"", ""소스"", ""5-리보뉴클레오티드이나트륨"", ""복합조미식품"", ""복합조미식품"", ""기타가공품"", ""정제수""]"
20170347134544,제로넛츠 아몬드,(주)씨앤지,초콜릿가공품,2024-12-26,2024-12-31,zero,2,"[""땅콩 또는 견과류가공품"", ""초콜릿""]"
2009036484747,제로다이닝곤약순대,(주)정운식품,즉석조리식품,2021-06-15,2026-02-01,zero,15,"[""곤약(고시형)"", ""배추"", ""돼지고기"", ""양배추"", ""돼지피"", ""두부"", ""양파"", ""올리브유"", ""당근"", ""대파"", ""마늘"", ""재제소금(재제조소금)"", ""생강"", ""후추가루"", ""돼지소창""]"
1985031100110931,제로다이닝백짜장소스,태원식품산업(주),소스,2021-06-17,2021-06-22,zero,9,"[""돼지고기"", ""양파"", ""양배추"", ""한식된장"", ""식용돈지"", ""춘장"", ""에리스리톨"", ""전분가공품"", ""정제수""]"
19910464049580,제로단호박잼(L),(주)프레시코,당류가공품,2026-01-23,2026-04-11,zero,14,"[""구연산삼나트륨"", ""수크랄로스"", ""구연산"", ""카로틴"", ""효소처리스테비아"", ""제이인산칼슘"", ""로커스트콩검"", ""향료"", ""글루코노-δ-락톤"", ""아미드펙틴"", ""과.채가공품"", ""정제수"", ""말티톨시럽"", ""알룰로오스""]"
19950471042130,제로닭 닭가슴살볼 마늘간장,주식회사 삼립 서천공장,식육함유가공품,2025-07-25,2026-03-25,zero,22,"[""향신료조제품"", ""L-아스코브산나트륨"", ""효소처리스테비아"", ""천연향신료"", ""카라기난"", ""난백분"", ""기타가공품"", ""L-글루탐산나트륨"", ""식품첨가물혼합제제"", ""글리신"", ""정제소금"", ""복합조미식품"", ""두류가공품"", ""전분"", ""곡류가공품"", ""정제수"", ""돼지고기"", ""소스"", ""닭고기"", ""천연향신료"", ""탄산수소나트륨"", ""식품첨가물혼합제제""]"
19950471042131,제로닭 닭가슴살볼 양념치킨,주식회사 삼립 서천공장,식육함유가공품,2025-07-25,2026-03-25,zero,22,"[""L-글루탐산나트륨"", ""식품첨가물혼합제제"", ""글리신"", ""정제소금"", ""복합조미식품"", ""두류가공품"", ""전분"", ""곡류가공품"", ""정제수"", ""돼지고기"", ""소스"", ""닭고기"", ""기타가공품"", ""향신료조제품"", ""L-아스코브산나트륨"", ""효소처리스테비아"", ""천연향신료"", ""천연향신료"", ""탄산수소나트륨"", ""식품첨가물혼합제제"", ""카라기난"", ""난백분""]"
2019053713878,제로당 곤약밥,(주)봄날인터내셔널,즉석조리식품,2024-11-21,2025-03-08,zero,3,"[""현미"", ""귀리"", ""묵류""]"
20140275259550,제로당 복숭아향 아이스티,플레이버팝스(주),기타가공품,2023-07-06,2023-07-13,zero,10,"[""아세설팜칼륨"", ""구연산삼나트륨"", ""구연산(무수)"", ""이산화규소"", ""비타민C"", ""DL-사과산"", ""향료제제"", ""홍차추출분말"", ""에리스리톨"", ""알룰로오스""]"
20200450060180,제로당 양념치킨소스 V2,(주)바른푸드,소스,2024-08-14,2024-08-15,zero,29,"[""천연향료(Lime)"", ""수크랄로스"", ""아세설팜칼륨"", ""고춧가루"", ""계피가루"", ""천연향료(Nutmeg)"", ""천연향료(Celery seed)"", ""젖산나트륨"", ""천연향료(Pepper, black)"", ""잔탄검"", ""정제소금"", ""치즈분말베이스"", ""된장"", ""수용성파프리카색소"", ""젖산"", ""당근"", ""효모추출물"", ""호화쌀가루"", ""고춧가루"", ""알룰로오스"", ""정제수"", ""마늘"", ""D-소비톨액"", ""한식간장"", ""토마토페이스트"", ""L-글루탐산나트륨"", ""콩기름(대두유)"", ""양파"", ""양파분말""]"
20140275259587,제로당 체리향 파우더,플레이버팝스(주),기타가공품,2024-06-26,2024-07-11,zero,9,"[""향료"", ""이산화티타늄"", ""식용색소적색제40호"", ""비타민 C 분말"", ""구연산(무수)"", ""혼합제제"", ""제삼인산칼슘"", ""에리스리톨"", ""알룰로오스""]"
20030362198440,제로당 콩가루,화남식품산업,두류가공품,2024-08-09,2024-08-10,zero,3,"[""두류가공품"", ""혼합제제"", ""식품첨가물""]"
20050275300359,제로당 티라미슈,인테이크 주식회사,빵류,2026-08-03,2026-08-11,zero,16,"[""기타가공품"", ""식품첨가물"", ""당류가공품"", ""난황"", ""유함유가공품"", ""치즈"", ""식품첨가물"", ""정제수"", ""커피"", ""정제수"", ""콩기름(대두유)"", ""팽창제제"", ""재제소금(재제조소금)"", ""밀가루"", ""식품첨가물"", ""계란""]"
200402945661195,제로당 현미 쑥 찹쌀떡,(주)영의정,떡류,2025-08-26,2025-09-06,zero,7,"[""콩기름(대두유)"", ""재제소금(재제조소금)"", ""기타가공품"", ""냉동쑥"", ""정제수"", ""조림류"", ""현미찹쌀""]"
19930556020193,제로당당 스테비아슈가파우더,(주)대평,혼합제제,2022-12-07,2024-12-24,zero,2,"[""효소처리스테비아"", ""에리스리톨""]"
20170441083470,제로당만능양념소스,주식회사 레인보우에프에스,소스,2025-05-29,2025-06-03,zero,2,"[""양파"", ""소스""]"
2002046107315968,제로당스파이시염지제,(주)동원홈푸드,복합조미식품,2025-05-26,2025-05-27,zero,17,"[""정제소금"", ""변성전분"", ""폴리인산나트륨"", ""L-글루탐산나트륨"", ""고춧가루"", ""메타인산나트륨"", ""피로인산나트륨"", ""올레오레진 캪시컴"", ""폴리소르베이트80"", ""혼합제제"", ""5-리보뉴클레오티드이나트륨"", ""파프리카추출색소"", ""향신료조제품"", ""과.채가공품"", ""과.채가공품"", ""복합조미식품"", ""잔탄검""]"
20160458115337,제로당현미밥알찹쌀떡,주식회사만풍농업회사법인,떡류,2025-11-17,2025-11-18,zero,6,"[""식품첨가물"", ""정제수"", ""현미찹쌀"", ""조림류"", ""정제소금"", ""호두분태""]"
20160458115259,제로당현미쑥인절미,주식회사만풍농업회사법인,떡류,2024-03-04,2026-04-25,zero,6,"[""현미찹쌀"", ""쑥잎"", ""말티톨시럽"", ""정제소금"", ""정제수"", ""채종유(유채유 또는 카놀라유)""]"
20160458115258,제로당현미쑥찹쌀떡,주식회사만풍농업회사법인,떡류,2024-02-21,2026-04-25,zero,6,"[""현미찹쌀"", ""농산물조림"", ""쑥잎"", ""정제수"", ""정제소금"", ""채종유(유채유 또는 카놀라유)""]"
20060449025133,제로드레싱 백향과,주식회사푸드플러스,소스,2024-09-30,2024-10-01,zero,5,"[""과.채가공품"", ""난소화성말토덱스트린(고시형)"", ""알룰로오스"", ""정제수"", ""기타가공품""]"
201005430661497,제로딸기탄산,오케이에프음료 주식회사,탄산음료,2025-04-21,2025-05-03,zero,13,"[""아세설팜칼륨"", ""아스파탐"", ""수크랄로스"", ""자몽종자추출물"", ""정제수"", ""에리스리톨"", ""이산화탄소"", ""구연산"", ""향료"", ""향료"", ""향료"", ""혼합제제"", ""딸기농축액""]"
20150294499268,제로떡볶이,(주)아이케이푸드,떡류,2022-02-28,2024-12-06,zero,10,"[""밀가루"", ""묵류"", ""전분가공품"", ""땅콩 또는 견과류가공품"", ""정제소금"", ""가공유지"", ""기타 식용유지가공품"", ""정제수"", ""소스"", ""기타가공품""]"
20150294499267,제로떡볶이떡,(주)아이케이푸드,떡류,2022-01-25,2024-12-06,zero,8,"[""전분가공품"", ""묵류"", ""밀가루"", ""정제수"", ""기타 식용유지가공품"", ""가공유지"", ""정제소금"", ""땅콩 또는 견과류가공품""]"
20210349272301,제로떡볶이분말PD보통맛,(주)윤우푸드,복합조미식품,2023-01-07,2025-03-11,zero,6,"[""복합조미식품"", ""식품첨가물혼합제제"", ""천연향신료"", ""L-글루탐산나트륨"", ""고춧가루"", ""아스파탐""]"
2002046107312837,제로떡볶이소스,(주)동원홈푸드,소스,2022-01-21,2024-09-06,zero,18,"[""고춧가루"", ""양조간장"", ""효모추출물"", ""밀분해추출물"", ""5-리보뉴클레오티드이나트륨"", ""파프리카추출색소"", ""타마린드검"", ""효모추출물"", ""잔탄검"", ""구연산"", ""수크랄로스"", ""호박산이나트륨"", ""정제수"", ""당류가공품"", ""고춧가루"", ""무즙"", ""재제소금(재제조소금)"", ""L-글루탐산나트륨""]"
20190442149998,제로떡볶이소스,(주)동원홈푸드,소스,2022-01-28,2024-09-07,zero,18,"[""양조간장"", ""효모추출물"", ""밀분해추출물"", ""5-리보뉴클레오티드이나트륨"", ""파프리카추출색소"", ""타마린드검"", ""효모추출물"", ""잔탄검"", ""구연산"", ""수크랄로스"", ""호박산이나트륨"", ""무즙"", ""고춧가루"", ""당류가공품"", ""정제수"", ""고춧가루"", ""L-글루탐산나트륨"", ""재제소금(재제조소금)""]"
201504430301472,제로라임베이스,(주)제이엔제이푸드,음료베이스,2025-08-28,2025-08-29,zero,19,"[""혼합제제"", ""잔탄검"", ""정제소금"", ""향료"", ""과.채가공품"", ""카복시메틸셀룰로스나트륨"", ""DL-사과산"", ""향료"", ""향료"", ""구연산"", ""과.채가공품"", ""정제수"", ""당류가공품"", ""수크랄로스"", ""과.채가공품"", ""효소처리스테비아"", ""혼합제제"", ""치자황색소"", ""아세설팜칼륨""]"
198804420041853,제로랑 패션프루트&망고,풀무원건강생활(주),혼합음료,2025-07-08,2025-07-11,zero,11,"[""향료"", ""구연산"", ""카복시메틸셀룰로스나트륨"", ""구연산삼나트륨"", ""효소처리스테비아"", ""수크랄로스"", ""향료"", ""망고퓌레"", ""에둘리스시계꽃농축액"", ""정제수"", ""알룰로오스""]"
202102030783476,제로랩 파라다이스 그레인 버닝컷,채움바이오 주식회사,기타가공품,2026-04-06,2026-04-09,zero,6,"[""기타가공품"", ""과.채가공품"", ""기타가공품"", ""유함유가공품"", ""이산화규소"", ""스테아린산마그네슘""]"
202607581703,제로레몬녹차,주식회사 델탑,혼합음료,2026-04-21,2026-05-15,zero,11,"[""레몬농축액"", ""녹차농축액"", ""에리스리톨"", ""구연산"", ""비타민C"", ""수크랄로스"", ""스테비올배당체"", ""홍화황색소"", ""향료"", ""향료"", ""정제수""]"
2009005341625,제로레시피 X 강남김치 마늘겉절이 2kg,(주)명동김치,김치,2021-10-01,2022-09-17,zero,10,"[""절임배추"", ""혼합조미료"", ""정제소금"", ""정제수"", ""쌀가루"", ""마늘"", ""고춧가루"", ""청양고춧가루"", ""물엿"", ""백설탕""]"
2009005341624,제로레시피 만장일치 싱글즈키친 김세프 깍두기,(주)명동김치,김치,2021-10-14,2021-10-16,zero,9,"[""쌀가루"", ""마늘"", ""설탕"", ""물엿"", ""양파"", ""액젓"", ""생강"", ""고춧가루"", ""무""]"
196903640041734,제로레시피 오늘은 동치미 냉면육수,한국에스비식품(주),소스,2021-04-22,2026-02-01,zero,12,"[""마늘"", ""건양파분말"", ""생강"", ""핵산아이지"", ""무수구연산"", ""L-글루탐산나트륨"", ""발효식초"", ""소스"", ""정제소금"", ""정제수"", ""기타과당"", ""소스""]"
2022078021839,제로로제,마일포스트 제2공장,탄산음료,2023-10-19,2025-02-06,zero,16,"[""탄닌산"", ""이산화탄소"", ""정제수"", ""분말결정포도당"", ""결정과당"", ""자일리톨"", ""DL-사과산"", ""L-주석산"", ""비타민C"", ""구연산"", ""향료"", ""향료"", ""천연향료"", ""자몽종자추출물"", ""기타가공품"", ""청포도농축액""]"
2019054755665,제로로제,하이드로오아시스 제1공장,탄산음료,2024-08-28,2025-02-06,zero,16,"[""정제수"", ""DL-사과산"", ""향료"", ""천연향료"", ""탄닌산"", ""자몽종자추출물"", ""L-주석산"", ""비타민C"", ""향료"", ""구연산"", ""분말결정포도당"", ""기타가공품"", ""자일리톨"", ""결정과당"", ""이산화탄소"", ""청포도농축액""]"
20170449030640,제로루틴 알파CD 3200,주식회사 코스팜,기타가공품,2025-04-30,2025-05-20,zero,3,"[""α-시클로덱스트린"", ""귀리분말"", ""대나무수액""]"
2025047099939,제로루틴 파비플로라 알파CD,주식회사 비에스바이오,액상차,2026-04-06,2026-05-12,zero,14,"[""효소처리스테비아"", ""알룰로오스"", ""구연산(무수)"", ""프로바이오틱스(고시형)"", ""프락토올리고당(고시형)"", ""과.채가공품"", ""락추로스 파우더(Lactulose Powder)(기능성원료인정제2009-40호)"", ""정제수"", ""α-시클로덱스트린"", ""레몬맛분말"", ""난소화성말토덱스트린(고시형)"", ""생강추출분말"", ""액상차"", ""옥수수수염추출분말""]"
20040036115894,제로마들렌 말차,주식회사 케익모아,빵류,2025-01-20,2025-01-21,zero,11,"[""식품첨가물"", ""식품첨가물"", ""버터"", ""밀가루"", ""전란"", ""아몬드분말"", ""식품첨가물"", ""생크림"", ""고형차"", ""가공소금"", ""식품첨가물""]"
20040036115893,제로마들렌 얼그레이,주식회사 케익모아,빵류,2025-01-20,2025-01-21,zero,10,"[""가공소금"", ""식품첨가물"", ""고형차"", ""정제수"", ""생크림"", ""식품첨가물"", ""버터"", ""식품첨가물"", ""전란"", ""밀가루""]"
20040036115892,제로마들렌 오렌지&코코넛,주식회사 케익모아,빵류,2025-01-20,2025-01-21,zero,11,"[""가공소금"", ""식품첨가물"", ""생크림"", ""과.채가공품"", ""과.채가공품"", ""과.채가공품"", ""식품첨가물"", ""식품첨가물"", ""버터"", ""밀가루"", ""전란""]"
20040036115891,제로마들렌 초코,주식회사 케익모아,빵류,2025-01-20,2025-01-21,zero,12,"[""초콜릿"", ""식품첨가물"", ""식품첨가물"", ""버터"", ""밀가루"", ""전란"", ""코코아분말"", ""생크림"", ""코코아분말"", ""가공소금"", ""채종유(유채유 또는 카놀라유)"", ""식품첨가물""]"
2014018200891,제로마스터75 살균소독제,농업회사법인 기림바이오(주),에탄올제제,2020-03-23,2020-03-27,zero,4,"[""에탄올"", ""정제수"", ""글리세린"", ""자몽종자추출물""]"
197304430031510,제로마일드초콜릿,(주)삼광식품,초콜릿,2023-09-21,2023-09-22,zero,15,"[""바닐린"", ""향료제제"", ""혼합제제"", ""혼합제제"", ""폴리글리세린축합리시놀레인산에스테르"", ""가공치즈"", ""레시틴"", ""코코아분말"", ""코코아버터"", ""버터오일"", ""곡류가공품"", ""식물성크림"", ""가공유지"", ""코코아매스"", ""D-말티톨""]"
2013004202020,제로마진,COFFEE9(커피나인),커피,2018-04-10,2020-12-08,zero,2,"[""커피원두"", ""커피원두""]"
2013020247549,제로말차,마녀의 부엌,고형차,2022-11-17,2022-11-19,zero,2,"[""식품첨가물혼합제제"", ""차나무잎""]"
2018001695735,제로맥,주식회사 와이브루어리,맥주,2025-07-01,2025-07-01,zero,9,"[""글루코아밀라아제"", ""효소제제혼합제제"", ""이산화탄소"", ""황산아연"", ""황산칼슘"", ""효모"", ""정제수"", ""맥아"", ""호프펠렛""]"
19910208101236,제로맥스A,대정산업(주),혼합제제,2017-02-15,2026-07-01,zero,4,"[""덱스트린"", ""히드록시프로필메틸셀룰로오스"", ""글루코만난"", ""카라기난""]"
201503557609,제로면,강희정면가,숙면,2018-02-27,2025-08-14,zero,8,"[""정제수"", ""귀리분말"", ""진흙버섯균사체추출분말"", ""보리가루"", ""현미가루"", ""쌀가루"", ""잔탄검"", ""콩가루""]"
2008048741944,제로명태포,이리수산시장(주),기타 수산물가공품,2022-11-22,2024-01-17,zero,1,"[""명태""]"
2000025705669,제로모나카병과,동산산업(주),과자,2025-02-11,2025-02-15,zero,14,"[""레시틴"", ""식품첨가물혼합제제"", ""글리세린지방산에스테르혼합제제"", ""밀가루"", ""식품첨가물혼합제제"", ""찰옥수수전분"", ""팜유"", ""D-말티톨"", ""수산화칼슘"", ""바닐린"", ""정제소금"", ""아세설팜칼륨"", ""안나토색소"", ""정제수""]"
2022078021834,제로모스카토,마일포스트 제2공장,탄산음료,2023-08-09,2025-02-06,zero,15,"[""탄닌산"", ""이산화탄소"", ""정제수"", ""분말결정포도당"", ""결정과당"", ""자일리톨"", ""DL-사과산"", ""L-주석산"", ""비타민C"", ""구연산"", ""향료"", ""향료"", ""천연향료"", ""자몽종자추출물"", ""청포도농축액""]"
2019054755664,제로모스카토,하이드로오아시스 제1공장,탄산음료,2024-08-28,2025-02-06,zero,15,"[""정제수"", ""청포도농축액"", ""이산화탄소"", ""결정과당"", ""자일리톨"", ""분말결정포도당"", ""구연산"", ""향료"", ""비타민C"", ""L-주석산"", ""자몽종자추출물"", ""천연향료"", ""탄닌산"", ""DL-사과산"", ""향료""]"
20200301888497,제로미톡스,주식회사 올데이티,침출차,2022-06-29,2025-12-23,zero,9,"[""늙은호박"", ""건조서양호박"", ""건조루이보스잎"", ""건조이집트콩"", ""건조감귤껍질"", ""질경이껍질"", ""현미"", ""발아보리"", ""복령균핵""]"
1991020810155,제로믹스,대정산업(주),혼합제제,1992-06-25,2026-07-01,zero,1,"[""원재료미등록""]"
1991020810187,제로믹스 A,대정산업(주),혼합제제,1995-08-19,2026-07-01,zero,1,"[""원재료미등록""]"
2022050399151,제로밀 글루텐프리 쌀스콘 바질토마토,(주)달롤컴퍼니,빵류,2023-06-14,2025-10-28,zero,13,"[""재제소금(재제조소금)"", ""기타가공품"", ""베이킹파우더"", ""기타가공품"", ""알파미분"", ""결정셀룰로스"", ""쌀가루"", ""버터"", ""설탕"", ""과.채가공품"", ""우유"", ""전란"", ""소스""]"
2022050399150,제로밀 글루텐프리 쌀스콘 초코,(주)달롤컴퍼니,빵류,2023-06-14,2025-10-28,zero,14,"[""결정셀룰로스"", ""기타가공품"", ""기타코코아가공품"", ""기타코코아가공품"", ""준초콜릿"", ""전란"", ""설탕"", ""버터"", ""우유"", ""쌀가루"", ""알파미분"", ""베이킹파우더"", ""기타가공품"", ""재제소금(재제조소금)""]"
2022050399145,제로밀 글루텐프리 쌀스콘 플레인,(주)달롤컴퍼니,빵류,2023-04-24,2025-10-28,zero,12,"[""기타가공품"", ""바닐라에센스"", ""재제소금(재제조소금)"", ""결정셀룰로스"", ""베이킹파우더"", ""알파미분"", ""기타가공품"", ""전란"", ""설탕"", ""우유"", ""버터"", ""쌀가루""]"
2022050399146,제로밀 글루텐프리 쌀스콘 황치즈,(주)달롤컴퍼니,빵류,2023-04-24,2025-10-28,zero,13,"[""기타가공품"", ""재제소금(재제조소금)"", ""베이킹파우더"", ""알파미분"", ""결정셀룰로스"", ""기타가공품"", ""소스"", ""전란"", ""우유"", ""치즈혼합분말"", ""쌀가루"", ""버터"", ""설탕""]"
2016014743615,제로밀 우동면,오곡대장제면소,숙면,2025-11-03,2025-11-06,zero,6,"[""볶은귀리분말"", ""볶은율무분말"", ""보리가루"", ""현미가루"", ""천일염"", ""쌀가루""]"
2025047087177,제로밀당 글루텐프리 브레드믹스,제로(ZERO) 밀당,곡류가공품,2026-01-27,2026-07-22,zero,10,"[""곡류가공품"", ""전분가공품"", ""분리유단백분말"", ""전분가공품"", ""난소화성말토덱스트린(고시형)"", ""기타 농산가공품"", ""칡전분"", ""히드록시프로필메틸셀룰로오스(기능성원료인정제2014-12호)"", ""식품첨가물"", ""팽창제제""]"
2013030442783,제로밀크티,티에이치커피,액상차,2020-11-23,2021-04-07,zero,3,"[""천연감미료혼합제제분말"", ""홍차추출분말"", ""홍차추출액""]"
20190391313707,제로바닐라 베이스,(주)태향,음료베이스,2026-04-30,2026-05-08,zero,11,"[""혼합제제"", ""당류가공품"", ""에리스리톨"", ""정제수"", ""아세설팜칼륨"", ""향료"", ""수크랄로스"", ""안식향산나트륨"", ""산도조절제"", ""잔탄검"", ""효소처리스테비아""]"
20060364466886,제로바베큐소스,(주)청정두리,소스,2020-09-10,2026-02-01,zero,23,"[""고추장"", ""혼합간장"", ""백설탕"", ""마늘"", ""당절임"", ""고춧가루"", ""기타가공품"", ""기타가공품"", ""변성전분"", ""복합조미식품"", ""L-글루탐산나트륨"", ""천연향신료"", ""파프리카추출색소"", ""양파분말"", ""천연향신료"", ""잔탄검"", ""복합조미식품"", ""5-리보뉴클레오티드이나트륨"", ""정제소금"", ""올레오레진캪시컴"", ""파라옥시안식향산에틸"", ""물엿"", ""정제수""]"
197304430031911,제로바스위트,(주)삼광식품,준초콜릿,2026-08-03,2026-08-11,zero,11,"[""가공유지"", ""D-말티톨"", ""코코아분말"", ""식물성크림"", ""레시틴"", ""가공치즈"", ""향료"", ""향료"", ""바닐린"", ""아몬드분말"", ""볶음땅콩분태""]"
20140560123672,제로밥상 김치찌개다데기,주식회사평강푸드,소스,2026-06-18,2026-06-20,zero,16,"[""양조간장"", ""정제수"", ""냉동마늘"", ""구연산"", ""스테비텐후레쉬"", ""자몽종차추출물"", ""젖산"", ""후추가루"", ""5-리보뉴클레오티드이나트륨"", ""고춧가루"", ""정제소금"", ""L-글루탐산나트륨"", ""혼합간장"", ""알룰로오스"", ""냉동양파"", ""고춧가루""]"
2002046107317087,제로밥상 된장소스,(주)동원홈푸드,소스,2026-06-25,2026-06-27,zero,12,"[""애호박"", ""양파"", ""된장"", ""정제수"", ""혼합장"", ""소스"", ""기타가공품"", ""마늘"", ""L-글루탐산나트륨"", ""청양고추"", ""청양고춧가루"", ""고춧가루""]"
2002046107317076,제로밥상 호랑이소스,(주)동원홈푸드,소스,2026-06-26,2026-06-29,zero,7,"[""양조간장"", ""당류가공품"", ""정제수"", ""수크랄로스"", ""천연향신료"", ""청양고추"", ""변성전분""]"
200504150204937,제로백 김치볶음밥,(주)시아스,즉석조리식품,2024-11-07,2024-11-09,zero,21,"[""대파"", ""정제수"", ""쌀"", ""김치"", ""양파"", ""소스"", ""그린콩꼬투리"", ""채종유(유채유 또는 카놀라유)"", ""마가린"", ""고추장"", ""설탕"", ""옥수수기름(옥배유)"", ""참기름"", ""쌀가루"", ""버터"", ""향미유"", ""복합조미식품"", ""복합조미식품"", ""혼합간장"", ""5-리보뉴클레오티드이나트륨"", ""파프리카추출색소""]"
19920355173509,제로백 김치볶음밥,(주)취영루,즉석조리식품,2026-03-24,2026-05-14,zero,28,"[""후추가루"", ""파프리카추출색소"", ""복합조미식품"", ""복합조미식품"", ""정제소금"", ""참기름"", ""핵산아이지"", ""마늘"", ""복합조미식품"", ""L-글루탐산나트륨"", ""복합조미식품"", ""정제수"", ""쌀"", ""김치"", ""양파"", ""대파"", ""소스"", ""소스"", ""콩기름(대두유)"", ""향미유"", ""소스"", ""물엿"", ""향미유"", ""복합조미식품"", ""가공버터"", ""소스"", ""양조간장"", ""설탕""]"
20130467091346,제로백 김치짜글이덮밥소스,(주)더빱,소스,2024-09-25,2026-03-28,zero,12,"[""L-글루탐산나트륨"", ""백설탕"", ""콩기름(대두유)"", ""고추장"", ""소스"", ""고춧가루"", ""정제수"", ""돼지고기"", ""김치"", ""참기름"", ""들깨가루"", ""복합조미식품""]"
200504150204954,제로백 대패삼겹볶음밥,(주)시아스,즉석조리식품,2024-12-17,2025-12-12,zero,26,"[""정제수"", ""쌀"", ""돼지고기"", ""고추장"", ""대파"", ""김치"", ""소스"", ""채종유(유채유 또는 카놀라유)"", ""당근"", ""쇼트닝"", ""다진마늘"", ""설탕"", ""쌀가루"", ""된장"", ""양조간장"", ""식육추출가공품"", ""기타과당"", ""향미유"", ""복합조미식품"", ""L-글루탐산나트륨"", ""참기름"", ""고춧가루"", ""파프리카추출색소"", ""후추가루"", ""생강"", ""카라멜색소 Ⅲ""]"
20000442032172,제로백 맛있는고기만두,천두식품,만두,2024-08-12,2025-02-04,zero,30,"[""부추"", ""돼지고기"", ""밀가루"", ""당면"", ""정제수"", ""무말랭이"", ""양배추"", ""양파"", ""대두단백"", ""두부"", ""대파"", ""난백"", ""간장"", ""마늘"", ""참기름"", ""아베베에스앤에스2"", ""백설탕"", ""식품첨가물혼합제제"", ""정제소금"", ""복합조미식품"", ""밀글루텐"", ""소스류"", ""식용유지가공품"", ""후추가루"", ""도라지뿌리분말"", ""생강가루"", ""분쇄가공육제품"", ""L-글루탐산나트륨"", ""복합조미식품"", ""소스""]"
20000442032173,제로백 맛있는김치만두,천두식품,만두,2024-08-12,2025-02-04,zero,28,"[""생강가루"", ""5-리보뉴클레오티드이나트륨"", ""식용유지가공품"", ""복합조미식품"", ""밀글루텐"", ""복합조미식품"", ""정제소금"", ""고춧가루"", ""복합조미식품"", ""분리대두단백"", ""냉동난백"", ""변성전분"", ""마늘"", ""부추"", ""대파"", ""대두단백"", ""절임배추잎"", ""두부"", ""양파"", ""무말랭이"", ""당면"", ""정제수"", ""김치"", ""돼지고기"", ""밀가루"", ""소스류"", ""도라지뿌리분말"", ""후추가루""]"
20130355718299,제로백 블렌드,(주)블랙와인커피,커피,2022-12-12,2024-08-01,zero,3,"[""커피"", ""커피"", ""커피""]"
2019041618683,제로백 오리지널찰도그,주식회사 큐홈,빵류,2024-12-23,2024-12-24,zero,11,"[""설탕"", ""혼합제제"", ""기타가공품"", ""마가린"", ""전란"", ""정제소금"", ""정제수"", ""기타가공품"", ""혼합제제"", ""소시지"", ""밀가루""]"
20130467091345,제로백 제육덮밥소스,(주)더빱,소스,2024-09-25,2024-09-27,zero,17,"[""참기름"", ""L-글루탐산나트륨"", ""후추가루"", ""마늘"", ""고춧가루"", ""복합조미식품"", ""고춧가루"", ""백설탕"", ""대파"", ""소스"", ""산분해간장"", ""콩기름(대두유)"", ""물엿"", ""양배추"", ""고추장"", ""양파"", ""돼지고기""]"
20130197516185,제로백 핫초코,(주)유니온F&C,기타 코코아가공품,2025-09-15,2025-09-17,zero,7,"[""정제소금"", ""초코향분말"", ""이산화규소"", ""유청분말"", ""코코아분말"", ""식물성크림"", ""백설탕""]"
20200452044641,제로백국물떡볶이분말소스,(주)가온푸드 음성공장,복합조미식품,2024-11-27,2024-11-29,zero,10,"[""설탕"", ""고춧가루"", ""복합조미식품"", ""설탕"", ""복합조미식품"", ""복합조미식품"", ""과.채가공품"", ""천연향신료"", ""이산화규소"", ""5-리보뉴클레오티드이나트륨""]"
2017063205929,제로백귤주스,농업회사법인생명나무주식회사,과.채주스,2022-11-14,2022-11-16,zero,1,"[""감귤""]"
20200452044642,제로백로제떡볶이분말소스,(주)가온푸드 음성공장,복합조미식품,2024-11-27,2024-11-29,zero,18,"[""가공유크림"", ""설탕"", ""식물성크림"", ""복합조미식품"", ""고춧가루"", ""L-글루탐산나트륨"", ""전분"", ""복합조미식품"", ""복합조미식품"", ""복합조미식품"", ""복합조미식품"", ""정제소금"", ""과.채가공품"", ""이산화규소"", ""파프리카추출색소"", ""잔탄검"", ""5-리보뉴클레오티드이나트륨"", ""천연향신료""]"
20110484438122,제로백젤리,서주푸드(주)3공장,캔디류,2025-12-05,2025-12-06,zero,20,"[""물엿"", ""향료"", ""향료"", ""유화제"", ""향료"", ""과.채가공품"", ""과.채가공품"", ""과.채가공품"", ""당류가공품"", ""향료"", ""기타 식용유지가공품"", ""향료"", ""향료"", ""펙틴"", ""산도조절제"", ""타우린"", ""D-소비톨액"", ""젤라틴"", ""정제수"", ""설탕""]"
20090333124374,제로백치즈볼,(주)다옴베이크,빵류,2025-02-12,2025-02-13,zero,15,"[""자연치즈"", ""곡류가공품"", ""탄산수소나트륨"", ""식품첨가물혼합제제"", ""가공소금"", ""기타가공품"", ""곡류가공품"", ""물엿"", ""밀가루"", ""가당연유"", ""설탕"", ""쇼트닝"", ""혼합제제"", ""치즈"", ""정제수""]"
20170156132162,제로밸리 쿠키앤크림맛,(주)케이와이바이오,기타가공품,2022-11-18,2026-07-30,zero,13,"[""볶은현미분태"", ""수크랄로스"", ""비타민C"", ""분리대두단백"", ""분말결정포도당"", ""유청분말"", ""덱스트린"", ""과자"", ""바닐라향분말"", ""구아검"", ""밀크향분말"", ""생선콜라겐분말"", ""미역귀분말""]"
201202751261085,제로버번바닐라향 W210331,주식회사 위웰에프앤에스,혼합제제,2025-04-23,2025-04-26,zero,4,"[""혼합제제"", ""주정"", ""정제수"", ""프로필렌글리콜""]"
202207735032,제로베리,(주)베리랜드,커피,2022-06-08,2022-06-11,zero,1,"[""커피원두""]"
2023025712310,제로베어 제로슈가 알룰로스,(주)벨슨,당류가공품,2025-08-18,2026-07-01,zero,2,"[""알룰로오스"", ""나한과추출물분말""]"
20200066564139,제로베이스원 캔디,(주)서울쿠키컴퍼니제2공장,캔디류,2025-02-04,2025-02-06,zero,13,"[""정제수"", ""설탕"", ""식용색소적색제40호"", ""식용색소청색제1호"", ""식용색소적색제3호"", ""이산화티타늄"", ""혼합제제"", ""혼합제제"", ""혼합제제"", ""혼합제제"", ""혼합제제"", ""구연산"", ""물엿""]"
20190387777415,제로벨리,주식회사 와이즈웨이,과.채가공품,2025-07-04,2025-07-11,zero,15,"[""과.채가공품"", ""과.채가공품"", ""기타가공품"", ""과.채가공품"", ""프락토올리고당"", ""과.채가공품"", ""기타가공품"", ""과.채가공품"", ""과.채가공품"", ""기타가공품"", ""과.채가공품"", ""과.채가공품"", ""과.채가공품"", ""과.채가공품"", ""스테아린산마그네슘""]"
20190378122601,제로볶이 로제,주식회사 나비야,즉석조리식품,2025-11-21,2026-04-18,zero,4,"[""정제수"", ""어묵"", ""소스"", ""숙면""]"
20190378122142,제로볶이 오리지널,주식회사 나비야,즉석조리식품,2025-09-17,2026-04-18,zero,3,"[""어묵"", ""소스"", ""숙면""]"
20190413079308,제로블랙티 레몬맛,동원시스템즈(주) 횡성사업장,액상차,2026-04-09,2026-04-11,zero,13,"[""정제수"", ""향료"", ""향료"", ""비타민C"", ""구연산삼나트륨"", ""구연산"", ""스테비올배당체"", ""아세설팜칼륨"", ""수크랄로스"", ""효소처리스테비아"", ""에리스리톨"", ""과.채가공품"", ""홍차추출분말""]"
200206230091059,제로블랙티 레몬맛,퓨어플러스(주),혼합음료,2024-03-15,2026-01-16,zero,13,"[""레몬농축액"", ""효소처리스테비아"", ""홍차추출분말"", ""수크랄로스"", ""구연산"", ""구연산삼나트륨"", ""사양벌꿀"", ""비타민C"", ""효소처리루틴"", ""향료"", ""향료"", ""향료"", ""정제수""]"
200206230091060,제로블랙티 복숭아맛,퓨어플러스(주),혼합음료,2024-03-15,2026-01-17,zero,11,"[""정제수"", ""향료"", ""향료"", ""효소처리루틴"", ""사양벌꿀"", ""구연산삼나트륨"", ""구연산"", ""효소처리스테비아"", ""수크랄로스"", ""홍차추출분말"", ""과.채가공품""]"
20190413079307,제로블랙티 복숭아맛,동원시스템즈(주) 횡성사업장,액상차,2026-03-25,2026-04-02,zero,14,"[""정제수"", ""향료"", ""향료"", ""구연산"", ""스테비올배당체"", ""아세설팜칼륨"", ""수크랄로스"", ""효소처리스테비아"", ""에리스리톨"", ""과.채가공품"", ""홍차추출분말"", ""고형차"", ""비타민C"", ""구연산삼나트륨""]"
20100543066991,제로사이다,오케이에프음료 주식회사,탄산음료,2022-01-17,2022-01-19,zero,7,"[""정제수"", ""에리스리톨"", ""이산화탄소"", ""천연향료"", ""구연산"", ""정제소금"", ""스테비올배당체""]"
200604451101000,제로샷V,콜마비앤에이치(주) 음성공장,혼합음료,2026-06-25,2026-07-31,zero,19,"[""레몬향"", ""구연산"", ""정제수"", ""효소처리헤스페리딘"", ""DL-사과산"", ""정제소금"", ""잔탄검"", ""수크랄로스"", ""생선콜라겐"", ""히알루론산"", ""레몬농축액"", ""비타민C"", ""히비스커스꽃잎추출분말"", ""귤착즙액"", ""선인장열매"", ""레몬껍질추출물분말"", ""비타민B1염산염"", ""비타민B2"", ""비타민B6염산염""]"
20110304511392,제로석류 CP400,셀플러스,기타가공품,2024-09-04,2024-09-07,zero,9,"[""과.채가공품"", ""아라비아검"", ""혼합제제"", ""구연산삼나트륨"", ""비타민C"", ""구연산(무수)"", ""홍차추출분말"", ""석류향"", ""에리스리톨""]"
20080614259476,제로설탕 카페시럽,(주)희창유업 제2공장,음료베이스,2024-01-10,2025-07-17,zero,10,"[""정제수"", ""카복시메틸셀룰로스나트륨"", ""안식향산나트륨"", ""글리신"", ""구연산(결정)"", ""효소처리스테비아"", ""수크랄로스"", ""아세설팜칼륨"", ""알룰로오스"", ""에리스리톨""]"
20190085116156,"제로세븐, 비 언 엔젤",주식회사 인퓨저,침출차,2020-09-22,2020-10-06,zero,7,"[""식품첨가물혼합제제"", ""식품첨가물혼합제제"", ""스테비아잎"", ""레몬머틀잎"", ""파파야다이스"", ""허니부쉬잎"", ""우롱차엽""]"
20020275045521,제로소다향 H090650,아로마라인(주),혼합제제,2009-07-20,2016-07-06,zero,44,"[""FEMA No"", ""산화칼슘"", ""FEMA No"", ""레몬오일"", ""Orange oil"", ""FEMA No"", ""Citral"", ""Terpineol(FEMA No.3045)"", ""FEMA No"", ""Bergamot"", ""라임베이스"", ""키베이스"", ""제로소다향"", ""FEMA No.2940"", ""Propylene glycol"", ""정제수"", ""FEMA No.2419"", ""Ethyl alcohol"", ""FEMA No.2940"", ""Propylene glycol"", ""FEMA No"", ""Butyl acetate"", ""FEMA No"", ""Ethyl propionate"", ""FEMA No"", ""레몬오일"", ""FEMA No.3107"", ""바닐린"", ""FEMA No.2414"", ""Ethyl acetate"", ""Ethyl alcohol"", ""정제수"", ""FEMA No.2419"", ""Ethyl alcohol"", ""FEMA No"", ""FEMA No.2419"", ""정제수"", ""Isoamyl aceate"", ""크림소다베이스"", ""키베이스"", ""제로소다향"", ""FEMA No"", ""Ethyl butyrate"", ""FEMA No""]"
2013036492834,제로솔트,(주)태평그린바이오텍,태움.용융소금,2023-04-22,2026-02-01,zero,1,"[""천일염""]"
2013036492835,제로솔트 플러스,(주)태평그린바이오텍,태움.용융소금,2023-04-22,2026-02-01,zero,1,"[""천일염""]"
2000019924087,제로순살간장게장,부일식품,절임식품,2026-06-09,2026-06-11,zero,13,"[""유산균"", ""전분가공품"", ""5-리보뉴클레오티드이나트륨"", ""식초"", ""L-글루탐산나트륨"", ""액젓"", ""생강"", ""글리신"", ""마늘"", ""알룰로오스"", ""정제수"", ""양조간장"", ""꽃게""]"
2000019924086,제로순살양념게장,부일식품,절임식품,2026-06-09,2026-06-11,zero,17,"[""정제소금"", ""참깨"", ""꽃게"", ""알룰로오스"", ""정제수"", ""고춧가루"", ""마늘"", ""액젓"", ""생강"", ""유산균"", ""비타민 B1라우릴황산염(고시형)"", ""복합조미식품"", ""조미고추분"", ""청양고춧가루"", ""L-글루탐산나트륨"", ""전분가공품"", ""식초""]"
2026041215111,제로슈가  떡볶이 블루라벨,경희참푸드,복합조미식품,2026-05-26,2026-06-04,zero,16,"[""효소처리스테비아"", ""전지분유"", ""이눌린"", ""후추가루"", ""정제소금"", ""옥수수전분"", ""건마늘분말"", ""양파분말"", ""간장분말"", ""치킨스톡분말W"", ""효모추출물"", ""알룰로오스"", ""에리스리톨"", ""덱스트린"", ""청양고춧가루"", ""고춧가루""]"
20130332448175,제로슈가 다크 카카오 라떼 파우더,(주) 한마음디에스,고형차,2024-01-23,2024-08-02,zero,3,"[""효소처리스테비아"", ""에리스리톨"", ""코코아분말""]"
20110360472153,제로슈가 단백질 미숫가루,녹차원(주),고형차,2025-03-10,2025-03-12,zero,9,"[""효소처리스테비아"", ""에리스리톨"", ""곡류가공품"", ""두류가공품"", ""두류가공품"", ""곡류가공품"", ""기타가공품"", ""정제소금"", ""이산화규소""]"
20110360472144,제로슈가 단백질율무차,녹차원(주),고형차,2024-09-05,2024-09-07,zero,15,"[""기타가공품"", ""두류가공품"", ""에리스리톨"", ""곡류가공품"", ""곡류가공품"", ""곡류가공품"", ""식물성크림"", ""땅콩 또는 견과류가공품"", ""두류가공품"", ""정제소금"", ""곡류가공품"", ""호두"", ""이산화규소"", ""효소처리스테비아"", ""수크랄로스""]"
2019059902659,제로슈가 단호박 블렌드,휴밀(humeal),기타가공품,2023-08-14,2026-01-07,zero,2,"[""호박가루"", ""당류가공품""]"
19730190015354,제로슈가 달콤스위트리,씨제이제일제당(주),기타가공품,2024-07-08,2026-07-01,zero,6,"[""폴리덱스트로스"", ""에리스리톨"", ""이소말트"", ""이산화규소"", ""수크랄로스"", ""정제소금""]"
20090358371424,제로슈가 딥바닐라 파우더,(주)나래푸드텍,당류가공품,2022-11-23,2022-11-29,zero,16,"[""가공유크림"", ""식물성크림"", ""에리스리톨"", ""혼합분유"", ""혼합제제"", ""유청분말"", ""천연향료"", ""혼합제제"", ""바닐린"", ""제이인산칼륨"", ""글리세린지방산에스테르"", ""구아검"", ""정제소금"", ""제삼인산칼슘"", ""효소처리스테비아"", ""글리신""]"
20110304511479,제로슈가 라임 아이스티,셀플러스,기타가공품,2026-05-21,2026-05-29,zero,12,"[""알룰로오스"", ""에리스리톨"", ""구연산(무수)"", ""홍차추출분말"", ""천연향료"", ""구연산삼나트륨"", ""비타민C"", ""이산화규소"", ""과.채가공품"", ""아라비아검"", ""효소처리스테비아"", ""수크랄로스""]"
20110365281142,제로슈가 레몬아이스티,이레에프에스(주),고형차,2025-05-07,2026-04-11,zero,12,"[""에리스리톨"", ""구연산(무수)"", ""홍차분말"", ""DL-사과산"", ""비타민C"", ""향료"", ""혼합제제"", ""레몬농축분말"", ""효소처리스테비아"", ""제3인산칼슘"", ""구연산삼나트륨"", ""수크랄로스""]"
19710372001246,제로슈가 레몬에이드,(주)담터,고형차,2026-02-13,2026-02-27,zero,9,"[""이산화규소"", ""구연산삼나트륨"", ""혼합제제"", ""수크랄로스"", ""과.채가공품"", ""에리스리톨"", ""구연산(무수)"", ""비타민C"", ""혼합제제""]"
20130332448176,제로슈가 말차 라떼 파우더,(주) 한마음디에스,고형차,2024-01-19,2025-10-21,zero,3,"[""녹차가루"", ""효소처리스테비아"", ""에리스리톨""]"
20110360472139,제로슈가 말차블렌드,녹차원(주),고형차,2024-03-11,2025-12-12,zero,4,"[""이산화규소"", ""효소처리스테비아"", ""고형차"", ""에리스리톨""]"
20110304511407,제로슈가 망고아이스티,셀플러스,기타가공품,2025-03-28,2025-03-29,zero,11,"[""에리스리톨"", ""구연산"", ""홍차추출분말"", ""망고향"", ""아스파탐"", ""아라비아검"", ""혼합제제"", ""망고향"", ""구연산삼나트륨"", ""과.채가공품"", ""수크랄로스""]"
20130332448181,제로슈가 민트초코 라떼 파우더,(주) 한마음디에스,당류가공품,2025-02-13,2025-02-14,zero,11,"[""식물성크림"", ""식물성크림"", ""코코아분말"", ""서양박하잎분말"", ""이산화규소"", ""정제소금"", ""인스턴트커피"", ""민트향"", ""바닐라향"", ""에리스리톨"", ""효소처리스테비아""]"
20110304511409,제로슈가 밀크아이스크림 믹스,셀플러스,기타가공품,2025-04-07,2025-04-10,zero,9,"[""수크랄로스"", ""밀크향"", ""바닐라향"", ""구아검"", ""카복시메틸셀룰로스나트륨"", ""정제소금"", ""밀크향"", ""식물성크림"", ""D-말티톨""]"
20130332448174,제로슈가 밀크티 라떼 파우더,(주) 한마음디에스,고형차,2024-01-23,2024-08-02,zero,4,"[""효소처리스테비아"", ""에리스리톨"", ""홍차추출분말"", ""홍차분말""]"
20110360472150,제로슈가 밀크티 블렌드,녹차원(주),고형차,2024-10-28,2025-03-12,zero,5,"[""고형차"", ""에리스리톨"", ""효소처리스테비아"", ""이산화규소"", ""식물성크림""]"
201102571531563,제로슈가 바닐라빈 시럽,다솔푸드테크 주식회사,당류가공품,2026-04-01,2026-04-03,zero,12,"[""향료제제"", ""유함유가공품"", ""잔탄검"", ""소브산칼륨"", ""바닐라"", ""수크랄로스"", ""아세설팜칼륨"", ""정제수"", ""에리스리톨"", ""구연산삼나트륨"", ""혼합제제"", ""바닐라""]"
20110383906105,제로슈가 백설기,농업회사법인주식회사치악산병과,떡류,2025-11-26,2025-11-27,zero,3,"[""멥쌀"", ""효소처리스테비아"", ""천일염""]"
20110304511405,제로슈가 복숭아아이스티,셀플러스,기타가공품,2025-03-27,2025-04-03,zero,12,"[""수크랄로스"", ""과.채가공품"", ""제삼인산칼슘"", ""에리스리톨"", ""구연산"", ""홍차추출분말"", ""복숭아향"", ""DL-사과산"", ""복숭아향"", ""혼합제제"", ""아스파탐"", ""비타민C""]"
20110365281171,제로슈가 복숭아아이스티,이레에프에스(주),고형차,2025-06-09,2026-02-01,zero,12,"[""에리스리톨"", ""구연산"", ""홍차분말"", ""향료"", ""DL-사과산"", ""효소처리스테비아"", ""카라멜색소분말"", ""비타민C"", ""과.채가공품"", ""구연산삼나트륨"", ""제3인산칼슘"", ""수크랄로스""]"
2024011872827,제로슈가 복숭아아이스티,마이베이스,당류가공품,2026-02-23,2026-02-26,zero,11,"[""이산화규소"", ""스테비텐후레쉬"", ""수크랄로스"", ""구연산삼나트륨"", ""비타민 C 분말"", ""과.채가공품류"", ""DL-사과산"", ""향료"", ""구연산(무수)"", ""홍차추출분말"", ""에리스리톨""]"
20110304511360,제로슈가 복숭아티,셀플러스,음료베이스,2023-04-10,2025-03-14,zero,16,"[""구연산삼나트륨"", ""이산화규소"", ""과.채가공품"", ""DL-사과산"", ""복숭아향"", ""구연산(무수)"", ""복숭아향"", ""홍차추출분말"", ""에리스리톨"", ""효소처리스테비아"", ""비타민C"", ""아스파탐"", ""혼합제제"", ""아세설팜칼륨"", ""구연산칼륨"", ""혼합제제""]"
20130345125495,제로슈가 블렌딩 말차라떼,주식회사 컵풀,기타가공품,2026-07-25,2026-08-20,zero,9,"[""밀크향분말"", ""효소처리스테비아"", ""수크랄로스"", ""에리스리톨"", ""아세설팜칼륨"", ""정제소금"", ""녹차가루"", ""유청분말"", ""식물성크림""]"
20110360472145,제로슈가 생강차,녹차원(주),고형차,2024-09-05,2024-09-07,zero,7,"[""에리스리톨"", ""과.채가공품"", ""땅콩 또는 견과류가공품"", ""이산화규소"", ""정제소금"", ""효소처리스테비아"", ""수크랄로스""]"
2020038425844,제로슈가 생초콜릿,주식회사 정안,초콜릿가공품,2022-06-23,2026-02-01,zero,4,"[""초콜릿"", ""혼합음료"", ""당류가공품"", ""코코아분말""]"
20160518117127,제로슈가 샤인머스켓 아이스티,녹차원(주),혼합음료,2023-10-04,2026-07-01,zero,10,"[""타르색소제제"", ""수크랄로스"", ""카르복시메틸셀룰로오스"", ""효소처리스테비아"", ""자몽종자추출물"", ""과.채가공품"", ""향료"", ""구연산(무수)"", ""에리스리톨"", ""정제수""]"
2019059902660,제로슈가 스위트콘 블렌드,휴밀(humeal),기타가공품,2023-08-14,2026-01-07,zero,2,"[""옥수수가루"", ""당류가공품""]"
202103495819,제로슈가 스테비아,주식회사 알티스트,혼합제제,2024-06-19,2024-06-21,zero,2,"[""효소처리스테비아"", ""에리스리톨""]"
2009035834210,제로슈가 스테비아,(주)에버헬스케어 농업회사법인,혼합제제,2023-09-19,2023-10-27,zero,2,"[""에리스리톨"", ""효소처리스테비아""]"
202305015771,제로슈가 스테비아,농업회사법인(주) 수지스링크,혼합제제,2023-03-22,2023-05-26,zero,2,"[""혼합제제"", ""에리스리톨""]"
202204937361,제로슈가 스테비아,(주)프레시아,혼합제제,2022-05-17,2023-07-08,zero,2,"[""혼합제제"", ""에리스리톨""]"
20110372457381,제로슈가 스테비아 커피믹스,자연그대로(주),커피,2023-06-01,2023-06-28,zero,3,"[""식물성크림"", ""기타가공품"", ""커피""]"
20170347016237,제로슈가 시그니처 말차,(주)베오베,고형차,2024-02-27,2025-12-06,zero,4,"[""고형차"", ""고형차"", ""난소화성말토덱스트린(고시형)"", ""D-말티톨""]"
20170347016238,제로슈가 시그니처 복숭아,(주)베오베,고형차,2024-02-27,2025-01-09,zero,11,"[""D-말티톨"", ""DL-사과산"", ""향료"", ""구연산(무수)"", ""에리스리톨"", ""고형차"", ""비타민 C(고시형)"", ""과.채가공품"", ""제삼인산칼슘"", ""혼합제제"", ""수크랄로스""]"
20190500071181,제로슈가 시럽,래미에프앤비,당류가공품,2023-05-22,2024-01-17,zero,5,"[""소브산칼륨"", ""구연산"", ""수크랄로스"", ""정제수"", ""알룰로오스""]"
19730190015368,제로슈가 시럽,씨제이제일제당(주),당류가공품,2026-05-11,2026-08-05,zero,11,"[""당류가공품"", ""당류가공품"", ""에리스리톨"", ""효소처리스테비아"", ""스테비올배당체"", ""수크랄로스"", ""아세설팜칼륨"", ""잔탄검"", ""펙틴"", ""구연산"", ""정제수""]"
20110360472146,제로슈가 쌍화차,녹차원(주),고형차,2024-09-05,2024-09-07,zero,12,"[""에리스리톨"", ""땅콩 또는 견과류가공품"", ""기타가공품"", ""기타 농산가공품"", ""과.채가공품"", ""정제소금"", ""곡류가공품"", ""이산화규소"", ""호두분태"", ""과.채가공품"", ""계피가루"", ""효소처리스테비아""]"
20110383906106,제로슈가 쑥설기,농업회사법인주식회사치악산병과,떡류,2025-11-26,2025-12-06,zero,4,"[""냉동쑥"", ""천일염"", ""효소처리스테비아"", ""멥쌀""]"
202202613121764,제로슈가 아미노믹스,주식회사 제이에스바이오,기타가공품,2025-06-05,2025-06-14,zero,9,"[""L-발린"", ""L-페닐알라닌"", ""L-메티오닌"", ""L-트레오닌"", ""L-라이신염산염"", ""결정셀룰로스"", ""L-아르지닌"", ""L-이소로이신"", ""L-트립토판""]"
20110304511353,제로슈가 아이스티,셀플러스,기타가공품,2023-03-03,2024-04-17,zero,14,"[""에리스리톨"", ""홍차추출분말"", ""구연산(무수)"", ""복숭아향"", ""이산화규소"", ""구연산삼나트륨"", ""구연산칼륨"", ""DL-사과산"", ""복숭아향"", ""비타민C"", ""과.채가공품"", ""아세설팜칼륨"", ""혼합제제"", ""혼합제제""]"
2014020910278,제로슈가 아이스티 복숭아,신우식품 주식회사,고형차,2025-04-15,2026-07-01,zero,17,"[""아세설팜칼륨"", ""L-아스코브산나트륨"", ""피로인산나트륨"", ""향료"", ""향료"", ""과.채가공품"", ""변성전분"", ""비타민C"", ""향료"", ""아스파탐"", ""구연산삼나트륨"", ""이산화규소"", ""덱스트린"", ""홍차추출분말"", ""DL-사과산"", ""구연산(무수)"", ""에리스리톨""]"
20170372599358,제로슈가 아이스티 복숭아,비타민마을 제1공장,고형차,2026-06-30,2026-07-01,zero,11,"[""DL-사과산"", ""혼합제제"", ""홍차추출분말"", ""구연산"", ""에리스리톨"", ""수크랄로스"", ""비타민B2"", ""과.채가공품"", ""구연산삼나트륨"", ""혼합제제"", ""이산화규소""]"
20140275259633,제로슈가 얼그레이 파우더,플레이버팝스(주),기타가공품,2025-07-31,2025-09-05,zero,7,"[""알룰로오스"", ""에리스리톨"", ""식물성크림"", ""고형차"", ""효소처리스테비아"", ""아세설팜칼륨"", ""카라기난""]"
20110360472142,제로슈가 얼그레이블렌드,녹차원(주),고형차,2024-06-14,2024-06-15,zero,5,"[""고형차"", ""고형차"", ""에리스리톨"", ""효소처리스테비아"", ""이산화규소""]"
202206131821,제로슈가 에리스리톨 스테비아,맥널티바이오(주),혼합제제,2022-12-19,2022-12-22,zero,2,"[""효소처리스테비아"", ""에리스리톨""]"
202406841071,제로슈가 에리스리톨 스테비아,한국맥널티(주),혼합제제,2025-02-19,2025-02-27,zero,2,"[""에리스리톨"", ""효소처리스테비아""]"
20170415080897,제로슈가 오리엔탈드레싱,주식회사 삼립 청주공장,소스,2023-10-26,2024-02-22,zero,14,"[""L-글루탐산나트륨"", ""잔탄검"", ""참기름"", ""기타가공품"", ""천연향신료"", ""콩기름(대두유)"", ""발효식초"", ""양조간장"", ""정제수"", ""수크랄로스"", ""이.디.티.에이.칼슘이나트륨"", ""식품첨가물혼합제제"", ""비타민B1라우릴황산염"", ""천연향신료""]"
2023046575176,제로슈가 오트밀쿠키,(주)엔에프에스 갈매지점,과자,2025-04-30,2025-05-02,zero,19,"[""밀가루"", ""D-말티톨"", ""향료제제"", ""탄산수소나트륨"", ""바닐린"", ""대두레시틴(고시형)"", ""정제소금"", ""쇼트닝"", ""정제수"", ""밀가루"", ""볶은귀리분말"", ""난소화성말토덱스트린(고시형)"", ""곡류가공품"", ""분리대두단백"", ""옥수수전분"", ""수크랄로스"", ""효소처리스테비아"", ""계피가루"", ""향료""]"
20110304511394,제로슈가 요거트분말 CP100,셀플러스,기타가공품,2024-10-25,2024-10-29,zero,3,"[""기타가공품"", ""에리스리톨"", ""식물성크림""]"
20110304511395,제로슈가 요거트파우더,셀플러스,기타가공품,2024-10-31,2024-11-28,zero,11,"[""수크랄로스"", ""비타민C"", ""아스파탐"", ""구아검"", ""카복시메틸셀룰로스나트륨"", ""요거트향분말"", ""기타가공품"", ""구연산"", ""에리스리톨"", ""식물성크림"", ""D-말티톨""]"
20110304511210,제로슈가 요거파우더,셀플러스,기타가공품,2020-06-26,2025-01-15,zero,11,"[""알룰로오스"", ""식물성크림"", ""에리스리톨"", ""구연산"", ""기타가공품"", ""요거트향"", ""카복시메틸셀룰로스나트륨"", ""구아검"", ""효소처리스테비아"", ""비타민C"", ""수크랄로스""]"
20160518117128,제로슈가 자몽블랙티 에이드,녹차원(주),혼합음료,2023-10-04,2026-07-01,zero,12,"[""수크랄로스"", ""정제수"", ""에리스리톨"", ""자몽향"", ""구연산(무수)"", ""혼합제제"", ""과.채가공품"", ""기타가공품"", ""자몽종자추출물"", ""카르복시메틸셀룰로오스"", ""효소처리스테비아"", ""비타민C""]"
19710372001245,제로슈가 자몽허니블랙티,(주)담터,고형차,2026-02-12,2026-02-14,zero,13,"[""당류가공품"", ""과.채가공품"", ""효소처리스테비아"", ""향료"", ""홍차분말"", ""수크랄로스"", ""향료"", ""구연산(무수)"", ""이산화규소"", ""향료"", ""홍차추출분말"", ""비타민C"", ""에리스리톨""]"
20080360126189,제로슈가 자몽허니블랙티,주식회사 송원식품,고형차,2026-07-08,2026-07-14,zero,13,"[""에리스리톨"", ""홍차추출분말"", ""비타민C"", ""구연산"", ""향료"", ""향료"", ""홍차분말"", ""이산화규소"", ""수크랄로스"", ""효소처리스테비아"", ""향료"", ""과.채가공품"", ""당류가공품""]"
20190424100174,제로슈가 저당 단팥빵,브레드윅스 주식회사,빵류,2026-01-21,2026-05-30,zero,7,"[""가공소금"", ""식품첨가물혼합제제"", ""콩기름(대두유)"", ""알룰로오스"", ""정제수"", ""밀가루"", ""조림류""]"
19910490040227,제로슈가 제로칼로리 아이스티,세미기업(주),당류가공품,2025-06-04,2026-06-09,zero,19,"[""정제수"", ""혼합제제"", ""식품첨가물"", ""식품첨가물"", ""식품첨가물"", ""식품첨가물"", ""카라멜색소 Ⅳ"", ""향료"", ""향료"", ""향료제제"", ""향료"", ""식품첨가물"", ""식품첨가물"", ""식품첨가물"", ""당류가공품"", ""식품첨가물"", ""과.채가공품"", ""고형차"", ""식품첨가물""]"
20090440068396,제로슈가 제로핑 딸기맛,(주)건영제과,캔디류,2025-07-22,2025-07-25,zero,13,"[""효소처리스테비아"", ""에리스리톨"", ""구연산삼나트륨"", ""구연산"", ""카라기난혼합제제"", ""잔탄검"", ""DL-사과산"", ""정제수"", ""아세설팜칼륨"", ""수크랄로스"", ""레드칼라"", ""딸기농축액"", ""딸기향""]"
20090440068395,제로슈가 제로핑 사과맛,(주)건영제과,캔디류,2025-07-22,2025-07-25,zero,13,"[""정제수"", ""아세설팜칼륨"", ""수크랄로스"", ""그린색소"", ""사과농축액"", ""사과향"", ""효소처리스테비아"", ""구연산삼나트륨"", ""구연산"", ""DL-사과산"", ""잔탄검"", ""카라기난혼합제제"", ""에리스리톨""]"
20090440068600,"제로슈가 제로핑 사과맛,포도맛,딸기맛",(주)건영제과,캔디류,2025-07-22,2025-07-25,zero,3,"[""캔디류"", ""캔디류"", ""캔디류""]"
20090440068394,제로슈가 제로핑 포도맛,(주)건영제과,캔디류,2025-07-22,2025-07-25,zero,14,"[""포도향"", ""정제수"", ""포도색소"", ""레드칼라"", ""포도농축액"", ""아세설팜칼륨"", ""수크랄로스"", ""효소처리스테비아"", ""구연산삼나트륨"", ""구연산"", ""DL-사과산"", ""잔탄검"", ""카라기난혼합제제"", ""에리스리톨""]"
2023046575177,제로슈가 참깨누룽지쿠키,(주)엔에프에스 갈매지점,과자,2025-05-07,2025-05-10,zero,20,"[""정제소금"", ""옥수수전분"", ""식물성크림"", ""볶은참깨"", ""기타가공품"", ""분리대두단백"", ""난소화성말토덱스트린(고시형)"", ""누룽지"", ""밀가루"", ""정제수"", ""쇼트닝"", ""D-말티톨"", ""밀가루"", ""향료"", ""탄산수소나트륨"", ""향료"", ""대두레시틴(고시형)"", ""향료"", ""효소처리스테비아"", ""수크랄로스""]"
20170415080895,제로슈가 참깨드레싱,주식회사 삼립 청주공장,소스,2023-10-24,2025-02-11,zero,19,"[""당류가공품"", ""양조간장"", ""콩기름(대두유)"", ""정제수"", ""기타가공품"", ""발효식초"", ""이.디.티.에이.칼슘이나트륨"", ""수크랄로스"", ""비타민B1라우릴황산염"", ""인산"", ""구연산"", ""자당지방산에스테르"", ""폴리소르베이트80"", ""잔탄검"", ""참기름"", ""효모추출물"", ""L-글루탐산나트륨"", ""변성전분"", ""난황액""]"
20170347016315,제로슈가 청포도 그린티 파우더 J,(주)베오베,당류가공품,2025-10-13,2025-10-16,zero,11,"[""수크랄로스"", ""그린칼라"", ""제삼인산칼슘"", ""비타민C"", ""녹차추출물분말(고시형)"", ""향료"", ""구연산(무수)"", ""향료"", ""과.채가공품"", ""에리스리톨"", ""D-말티톨""]"
20110304511406,제로슈가 청포도아이스티,셀플러스,기타가공품,2025-03-27,2025-03-29,zero,10,"[""비타민C"", ""아스파탐"", ""아라비아검"", ""혼합제제"", ""과.채가공품"", ""수크랄로스"", ""청포도향"", ""구연산"", ""홍차추출분말"", ""에리스리톨""]"
20110304511391,제로슈가 체리파우더,셀플러스,기타가공품,2024-09-04,2024-10-03,zero,12,"[""체리향"", ""아라비아검"", ""혼합제제"", ""아스파탐"", ""제삼인산칼슘"", ""체리향"", ""구연산(무수)"", ""에리스리톨"", ""수크랄로스"", ""DL-사과산"", ""체리과즙분말"", ""식용색소적색제40호""]"
20130332448178,제로슈가 초당옥수수 라떼 파우더,(주) 한마음디에스,곡류가공품,2024-04-30,2025-08-26,zero,12,"[""에리스리톨"", ""바닐라향"", ""옥수수추출액"", ""효소처리스테비아"", ""치자황색소"", ""옥수수향"", ""정제소금"", ""이산화규소"", ""구아검"", ""옥수수"", ""전지분유"", ""옥수수""]"
20110304511447,제로슈가 초코파우더,셀플러스,기타가공품,2026-02-02,2026-02-06,zero,10,"[""알룰로오스"", ""에리스리톨"", ""코코아분말"", ""식물성크림"", ""코코아분말"", ""구아검"", ""정제소금"", ""초콜릿향"", ""아스파탐"", ""수크랄로스""]"
20130443205135,제로슈가 카페시럽,(주)그린에프엠,당류가공품,2024-04-30,2024-07-02,zero,7,"[""말티톨시럽"", ""정제수"", ""올리고당가공품"", ""수크랄로스"", ""효소처리스테비아"", ""아세설팜칼륨"", ""소브산칼륨""]"
20170347016316,제로슈가 캐모마일 리프레시 파우더 J,(주)베오베,당류가공품,2025-10-13,2025-10-15,zero,14,"[""DL-사과산"", ""기타가공품"", ""혼합제제"", ""구연산(무수)"", ""기타가공품"", ""난소화성말토덱스트린(고시형)"", ""에리스리톨"", ""D-말티톨"", ""효소처리스테비아"", ""정제소금"", ""자당지방산에스테르"", ""수크랄로스"", ""비트레드"", ""향료""]"
20110304511408,제로슈가 커피믹스,셀플러스,기타가공품,2025-03-11,2025-03-14,zero,7,"[""에리스리톨"", ""식물성크림"", ""커피분말"", ""커피분말"", ""아스파탐"", ""카복시메틸셀룰로스나트륨"", ""효소처리스테비아""]"
2023046575178,제로슈가 코코레몬쿠키,(주)엔에프에스 갈매지점,과자,2025-05-07,2025-05-10,zero,17,"[""밀가루"", ""D-말티톨"", ""정제수"", ""쇼트닝"", ""건조코코넛분말"", ""분리대두단백"", ""난소화성말토덱스트린(고시형)"", ""옥수수전분"", ""레몬제스트"", ""정제소금"", ""대두레시틴(고시형)"", ""혼합제제"", ""향료"", ""탄산수소나트륨"", ""치자황색소"", ""효소처리스테비아"", ""수크랄로스""]"
202402839422,제로슈가 통밀쿠키,주식회사 제이디플레이아카데미,과자,2025-05-22,2025-07-10,zero,6,"[""밀가루"", ""통밀가루"", ""식품첨가물"", ""옥수수기름(옥배유)"", ""혼합제제"", ""혼합제제""]"
20040036115836,제로슈가 프로틴 도넛 더블초코,주식회사 케익모아,빵류,2024-03-22,2024-12-24,zero,15,"[""전란"", ""마가린"", ""식품첨가물"", ""두류가공품"", ""박력분"", ""덱스트린"", ""채종유(유채유 또는 카놀라유)"", ""초콜릿"", ""식품첨가물"", ""코코아분말"", ""아몬드분말"", ""땅콩 또는 견과류가공품"", ""팽창제제"", ""채종유(유채유 또는 카놀라유)"", ""가공소금""]"
202203134015,제로슈가 플레인 요거트 파우더,스웰로우(swellow),당류가공품,2023-02-17,2023-04-26,zero,9,"[""에리스리톨"", ""발효유분말"", ""혼합분유"", ""난소화성말토덱스트린(고시형)"", ""구연산"", ""이산화규소"", ""효소처리스테비아"", ""합성향료"", ""합성향료""]"
202203134013,제로슈가 피치블랙티 파우더,스웰로우(swellow),당류가공품,2023-02-17,2023-04-26,zero,7,"[""에리스리톨"", ""난소화성말토덱스트린분말(고시형)"", ""효소처리스테비아"", ""고형차"", ""DL-사과산"", ""구연산"", ""합성향료""]"
19730190015367,제로슈가 햅쌀 파우더,씨제이제일제당(주),기타가공품,2026-04-28,2026-07-01,zero,9,"[""향료"", ""식물성크림"", ""곡류가공품"", ""수크랄로스"", ""당류가공품"", ""에리스리톨"", ""정제소금"", ""혼합제제"", ""향료""]"
20170415080904,제로슈가 허브드레싱,주식회사 삼립 청주공장,소스,2023-10-26,2024-02-22,zero,18,"[""수크랄로스"", ""이.디.티.에이.칼슘이나트륨"", ""비타민B1라우릴황산염"", ""자당지방산에스테르"", ""천연향신료"", ""천연향신료"", ""과.채가공품"", ""천연향신료"", ""천연향신료"", ""L-글루탐산나트륨"", ""잔탄검"", ""정제소금"", ""양파"", ""천연향신료"", ""올리브유"", ""발효식초"", ""콩기름(대두유)"", ""정제수""]"
20110383906110,제로슈가 현미귀리설기,농업회사법인주식회사치악산병과,떡류,2026-07-08,2026-07-17,zero,9,"[""현미멥쌀"", ""귀리"", ""현미찹쌀"", ""효소처리스테비아"", ""거피팥고물"", ""호박씨앗"", ""해바라기씨앗"", ""호두분태"", ""천일염""]"
20210212055218,제로슈가 현미설기,(주)단지,떡류,2023-09-05,2026-07-01,zero,4,"[""당류가공품"", ""재제소금(재제조소금)"", ""정제수"", ""현미멥쌀""]"
20110360472138,제로슈가 호지차블렌드,녹차원(주),고형차,2024-03-11,2024-04-10,zero,4,"[""에리스리톨"", ""고형차"", ""효소처리스테비아"", ""이산화규소""]"
20130332448180,제로슈가 흑임자 라떼 파우더,(주) 한마음디에스,당류가공품,2024-08-12,2024-08-29,zero,11,"[""효소처리스테비아"", ""에리스리톨"", ""참깨향"", ""구아검"", ""이산화규소"", ""정제소금"", ""코코아분말"", ""검정콩"", ""식물성크림"", ""식물성크림"", ""검정깨(흑임자)""]"
2013048744125,제로슈가고구마라떼,(유)더고은 매홍푸드,서류가공품,2022-11-17,2024-08-07,zero,5,"[""버터"", ""효소처리스테비아"", ""전지분유"", ""고구마페이스트"", ""정제수""]"
20130372378210,제로슈가꿀시럽,녹차원 주식회사,당류가공품,2025-09-30,2025-10-02,zero,6,"[""수크랄로스"", ""벌꿀"", ""혼합제제"", ""카르복시메틸셀룰로오스"", ""나한과추출물분말"", ""알룰로오스""]"
20190349263191,제로슈가떡볶이,(주)푸드엠코리아,즉석조리식품,2025-03-27,2026-06-06,zero,3,"[""소스"", ""숙면"", ""어묵""]"
20030208024265,제로슈가브라운소스,(주)미트뱅크,소스,2025-03-17,2026-07-01,zero,11,"[""향신료가공품"", ""잔탄검"", ""정제소금"", ""참기름"", ""마늘"", ""L-글루탐산나트륨"", ""과.채가공품"", ""양파"", ""혼합제제"", ""혼합간장"", ""정제수""]"
2010021109668,제로슈가비타구미베이스,다이식품,캔디류,2020-09-11,2023-12-13,zero,14,"[""비타민C"", ""감귤농축액"", ""산도조절제"", ""펙틴"", ""합성향료"", ""에리스리톨"", ""비타민D3혼합제제"", ""기타 식용유지가공품"", ""파프리카추출색소"", ""말티톨시럽"", ""D-말티톨"", ""정제수"", ""프락토올리고당"", ""젤라틴""]"
201603471931229,제로슈가소갈비살소스,주식회사 송연에스와이,소스,2025-03-19,2025-03-21,zero,14,"[""마늘에센셜오일"", ""카라멜색소 Ⅲ"", ""천연향신료"", ""천연향신료"", ""참기름"", ""L-글루탐산나트륨"", ""변성전분"", ""과.채가공품"", ""양파"", ""당류가공품"", ""마늘"", ""한식간장"", ""에리스리톨"", ""정제수""]"
20210323312214,제로슈가소갈비살소스,주식회사 송연에스피,소스,2025-02-27,2025-03-05,zero,14,"[""변성전분"", ""과.채가공품"", ""양파"", ""당류가공품"", ""마늘"", ""한식간장"", ""에리스리톨"", ""정제수"", ""천연향신료"", ""참기름"", ""L-글루탐산나트륨"", ""마늘에센셜오일"", ""카라멜색소 Ⅲ"", ""천연향신료""]"
201603471931223,제로슈가숯불갈비소스,주식회사 송연에스와이,소스,2025-04-15,2025-05-17,zero,16,"[""마늘"", ""과.채가공품"", ""양파"", ""한식간장"", ""에리스리톨"", ""정제수"", ""아세설팜칼륨"", ""식품첨가물혼합제제"", ""천연향신료"", ""복합조미식품"", ""콩기름(대두유)"", ""생강"", ""복합조미식품"", ""카라멜색소 Ⅲ"", ""L-글루탐산나트륨"", ""변성전분""]"
199604490021954,제로슈가시럽,롯데웰푸드주식회사천안공장,당류가공품,2025-02-04,2025-02-28,zero,10,"[""정제수"", ""알룰로오스"", ""카복시메틸셀룰로스나트륨"", ""효소처리스테비아"", ""향료제제"", ""정제소금"", ""잔탄검"", ""아세설팜칼륨"", ""수크랄로스"", ""향료""]"
19710372001241,제로슈가아이스티복숭아,(주)담터,고형차,2024-02-26,2024-02-29,zero,9,"[""홍차추출분말"", ""에리스리톨"", ""비타민C"", ""DL-사과산"", ""구연산(무수)"", ""향료"", ""이산화규소"", ""수크랄로스"", ""과.채가공품""]"
19710372001242,제로슈가아이스티샤인머스캣,(주)담터,고형차,2024-03-28,2024-04-02,zero,9,"[""에리스리톨"", ""홍차추출분말"", ""비타민C"", ""DL-사과산"", ""구연산(무수)"", ""향료제제"", ""이산화규소"", ""수크랄로스"", ""과.채가공품""]"
20010415034779,제로슈가오렌지캔디,국제제과(주),캔디류,2025-06-20,2025-07-05,zero,11,"[""말티톨액"", ""비타민C"", ""구연산"", ""DL-사과산"", ""혼합제제"", ""가공유지"", ""향료"", ""향료"", ""천연향료"", ""혼합제제"", ""유화제""]"
201003420501583,제로슈가용시즈닝,(주)비에이치푸드,복합조미식품,2025-01-17,2026-07-31,zero,15,"[""유청"", ""폴리인산나트륨"", ""정제소금"", ""알룰로오스"", ""올레오레진캡시컴"", ""5-리보뉴클레오티드이나트륨"", ""향미유"", ""효모추출물"", ""코치닐추출색소"", ""탄산수소나트륨"", ""L-글루탐산나트륨"", ""에리토브산나트륨"", ""변성전분"", ""복합조미식품"", ""전분""]"
20210358313180,제로슈가용시즈닝,(주)비에이치플러스,복합조미식품,2026-06-12,2026-07-31,zero,15,"[""폴리인산나트륨"", ""정제소금"", ""알룰로오스"", ""복합조미식품"", ""전분"", ""유청"", ""변성전분"", ""에리토브산나트륨"", ""L-글루탐산나트륨"", ""탄산수소나트륨"", ""코치닐추출색소"", ""효모추출물"", ""향미유"", ""5-리보뉴클레오티드이나트륨"", ""올레오레진캡시컴""]"
20160634095291,제로슈가젤리,(주)에스디푸드,캔디류,2024-08-09,2025-11-06,zero,17,"[""정제수"", ""혼합제제"", ""홍화황색소"", ""치자적색소"", ""글리세린지방산에스테르"", ""향료"", ""기타 식용유지가공품"", ""향료"", ""구연산삼나트륨"", ""향료"", ""향료"", ""향료"", ""펙틴"", ""말티톨시럽"", ""폴리글리시톨시럽"", ""젤라틴"", ""구연산""]"
20010415034780,제로슈가청포도캔디,국제제과(주),캔디류,2025-06-20,2025-07-05,zero,11,"[""말티톨액"", ""구연산"", ""비타민C"", ""DL-사과산"", ""혼합제제"", ""가공유지"", ""천연향료"", ""향료"", ""향료"", ""혼합제제"", ""유화제""]"
20170433005433,제로슈가커스타드믹스,주식회사 산지,기타가공품,2024-08-21,2025-01-06,zero,11,"[""에리스리톨"", ""아세틸아디프산이전분"", ""식물성크림"", ""알긴산나트륨"", ""황산칼슘"", ""피로인산나트륨"", ""제이인산나트륨"", ""정제소금"", ""향료"", ""식용색소황색제4호"", ""식용색소황색제5호""]"
2013020247555,제로슈가코코아,마녀의 부엌,고형차,2025-07-09,2025-07-15,zero,2,"[""코코아분말"", ""식품첨가물혼합제제""]"
19850311005325,제로슈가크리머,(주)피엔에프에스,식물성크림,2023-07-14,2023-07-25,zero,10,"[""아세설팜칼륨"", ""수크랄로스"", ""이산화규소"", ""폴리인산칼륨"", ""스테아릴젖산나트륨"", ""제이인산칼륨"", ""글리세린지방산에스테르"", ""카제인"", ""가공유지"", ""폴리글리시톨시럽""]"
19800355003188,제로슈가크리머,주식회사피엔에프아이,식물성크림,2025-04-10,2026-01-27,zero,11,"[""수크랄로스"", ""이산화규소"", ""스테아릴젖산나트륨"", ""폴리인산칼륨"", ""글리세린지방산에스테르"", ""제이인산칼륨"", ""카제인"", ""가공유지"", ""폴리글리시톨시럽"", ""정제수"", ""아세설팜칼륨""]"
19850311005356,제로슈가크리머-CL,(주)피엔에프에스,식물성크림,2026-08-10,2026-08-12,zero,10,"[""폴리글리시톨액"", ""야자유"", ""카제인"", ""제이인산칼륨"", ""폴리인산칼륨"", ""글리세린지방산에스테르"", ""자당지방산에스테르"", ""제삼인산칼슘"", ""수크랄로스"", ""아세설팜칼륨""]"
19850311005347,제로슈가크림M,(주)피엔에프에스,식물성크림,2024-12-30,2026-03-19,zero,13,"[""폴리인산칼륨"", ""스테아릴젖산나트륨"", ""정제소금"", ""수크랄로스"", ""이산화규소"", ""탄산수소나트륨"", ""제이인산칼륨"", ""유함유가공품"", ""우유"", ""덱스트린"", ""가공유지"", ""폴리글리시톨시럽"", ""글리세린지방산에스테르""]"
19800355003189,제로슈가크림M,주식회사피엔에프아이,식물성크림,2025-04-10,2025-04-16,zero,14,"[""정제수"", ""탄산수소나트륨"", ""이산화규소"", ""수크랄로스"", ""정제소금"", ""스테아릴젖산나트륨"", ""폴리인산칼륨"", ""글리세린지방산에스테르"", ""제이인산칼륨"", ""유함유가공품"", ""우유"", ""덱스트린"", ""식물성경화유지"", ""폴리글리시톨시럽""]"
197202880024689,제로슈가허브프렌치드레싱(팜에이트),주식회사 오뚜기,소스,2023-03-24,2023-03-28,zero,14,"[""후추가루"", ""파슬리칩"", ""DL-알라닌"", ""L-글루탐산나트륨"", ""바질플레이크"", ""오레가노플레이크"", ""고춧가루"", ""잔탄검"", ""에리스리톨"", ""정제소금"", ""발효식초"", ""마늘"", ""올리브유"", ""정제수""]"
199104450779899,제로슈거 마요네즈,주식회사 동방푸드마스타,마요네즈,2025-10-15,2025-10-16,zero,12,"[""이.디.티.에이.칼슘이나트륨"", ""효소처리스테비아"", ""향미유"", ""구연산"", ""잔탄검"", ""d-토코페롤(혼합형)"", ""변성전분"", ""정제소금"", ""발효식초"", ""난황액"", ""정제수"", ""콩기름(대두유)""]"
201005430661462,제로슈거 애플사이다비네거,오케이에프음료 주식회사,탄산음료,2025-02-19,2025-03-08,zero,16,"[""정제수"", ""폴리덱스트로스"", ""이산화탄소"", ""기타가공품"", ""발효식초"", ""구연산"", ""향료"", ""향료"", ""사과농축액"", ""아세설팜칼륨"", ""구연산삼나트륨"", ""수크랄로스"", ""니코틴산아미드"", ""판토텐산칼슘"", ""비타민B6염산염"", ""비타민B12""]"
20070364769310,제로슈거 얼그레이 홍차베이스,차전에프앤비(주),액상차,2023-05-19,2026-02-01,zero,3,"[""자몽종자추출물"", ""수크랄로스"", ""홍차추출액""]"
20090360445434,제로슈거 율무차,(주)희망그린식품,고형차,2024-09-04,2024-11-07,zero,16,"[""식품첨가물"", ""두류가공품"", ""식물성크림"", ""곡류가공품"", ""곡류가공품"", ""곡류가공품"", ""두류가공품"", ""땅콩 또는 견과류가공품"", ""땅콩 또는 견과류가공품"", ""정제소금"", ""곡류가공품"", ""곡류가공품"", ""혼합제제"", ""식품첨가물"", ""식품첨가물"", ""식품첨가물""]"
200206230091063,제로슈거 이온워터 복숭아맛,퓨어플러스(주),혼합음료,2024-05-08,2026-01-27,zero,18,"[""구연산삼나트륨"", ""구연산"", ""에리스리톨"", ""과.채가공품"", ""수크랄로스"", ""분말비타민A혼합제제"", ""글루콘산아연"", ""글루콘산마그네슘"", ""정제수"", ""향료"", ""기타소금"", ""혼합제제"", ""비타민E혼합제제"", ""비타민B12"", ""혼합제제"", ""비타민B6염산염"", ""판토텐산칼슘"", ""니코틴산아미드""]"
20190575042360,제로슈거 이온워터 복숭아맛,튤립인터내셔널(주),혼합음료,2026-03-30,2026-08-11,zero,20,"[""식품첨가물혼합제제"", ""비타민B6염산염"", ""산화아연"", ""식품첨가물혼합제제"", ""염화마그네슘"", ""니코틴산아미드"", ""수크랄로스"", ""판토텐산칼슘"", ""아세설팜칼륨"", ""향료"", ""효소처리스테비아"", ""정제소금"", ""염화칼륨"", ""향료"", ""구연산삼나트륨"", ""과.채가공품"", ""향료"", ""구연산(무수)"", ""알룰로오스"", ""정제수""]"
1986058904384,제로슈거 크리머,동서식품(주),식물성크림,2024-06-28,2024-08-23,zero,11,"[""폴리글리시톨시럽"", ""식물성경화유지"", ""카제인"", ""제이인산칼륨"", ""정제소금"", ""이산화규소"", ""폴리인산칼륨"", ""효소처리스테비아"", ""글리세린지방산에스테르"", ""스테아릴젖산나트륨"", ""수크랄로스""]"
20070443110999,제로슈거 파비플로라 알파CD 보라워터,(주)삼양패키징광혜원공장,액상차,2025-05-19,2025-07-26,zero,15,"[""액상차"", ""α-시클로덱스트린"", ""에리스리톨"", ""구연산(무수)"", ""향료제제"", ""향료"", ""구연산삼나트륨"", ""향료"", ""스테비올배당체"", ""판토텐산칼슘"", ""비타민B6염산염"", ""비타민B1염산염"", ""과.채가공품"", ""곡류가공품"", ""정제수""]"
200402750561118,제로슈거 파비플로라 알파CD 보라워터 스틱,(주)휴온스엔,액상차,2025-08-11,2025-08-15,zero,14,"[""글리세린"", ""α-시클로덱스트린"", ""정제수"", ""비타민B6염산염"", ""비타민B1염산염"", ""판토텐산칼슘"", ""곡류가공품"", ""스테비올배당체"", ""과.채가공품"", ""향료"", ""파비플로라 생강 뿌리 농축액"", ""구연산(무수)"", ""향료"", ""향료제제""]"
20010464038114,제로슈거 하이진저,주식회사 하이세븐,탄산음료,2025-11-05,2025-11-08,zero,3,"[""정제수"", ""액상차"", ""이산화탄소""]"
202005474875,제로슈거 하이진저 레몬생강청,안동농협 생강한약재유통센터,액상차,2025-09-08,2025-09-26,zero,13,"[""알룰로오스"", ""레몬즙"", ""말토덱스트린혼합제제"", ""구연산(무수)"", ""DL-사과산"", ""DL-알라닌"", ""수크랄로스"", ""아세설팜칼륨"", ""레몬향"", ""향료"", ""라임향"", ""말토덱스트린혼합제제"", ""생강착즙액""]"
20200476017108,제로슈거냉면육수,농업회사법인 유한회사 오린,소스,2026-06-29,2026-07-02,zero,9,"[""사카린나트륨"", ""효소처리스테비아"", ""복합조미식품"", ""식품첨가물"", ""식품첨가물혼합제제"", ""소스"", ""가공소금"", ""발효식초"", ""정제수""]"
2018001695736,제로슈거라거,주식회사 와이브루어리,맥주,2025-07-01,2025-11-10,zero,11,"[""정제수"", ""맥아"", ""호프펠렛"", ""효모"", ""황산칼슘"", ""황산아연"", ""이산화탄소"", ""효소제제혼합제제"", ""글루코아밀라아제"", ""쌀"", ""α-아밀라아제(세균성)""]"
19930472005971,제로슈거물냉면,칠갑농산 주식회사,숙면,2026-06-29,2026-07-02,zero,2,"[""소스류"", ""면류""]"
20070364769320,제로슈거보성녹차베이스,차전에프앤비(주),음료베이스,2024-08-02,2026-02-01,zero,7,"[""자몽종자추출물"", ""식용색소적색제40호"", ""식용색소청색제1호"", ""식용색소황색제4호"", ""수크랄로스"", ""녹차가루"", ""녹차추출물""]"
20200476017122,제로슈거육수,농업회사법인 유한회사 오린,소스,2026-07-23,2026-07-25,zero,9,"[""사카린나트륨"", ""효소처리스테비아"", ""복합조미식품"", ""식품첨가물"", ""식품첨가물혼합제제"", ""소스"", ""가공소금"", ""발효식초"", ""정제수""]"
20070364769321,제로슈거잉글리쉬브렉퍼스트홍차베이스,차전에프앤비(주),액상차,2024-08-02,2026-02-01,zero,4,"[""홍차추출액"", ""자몽종자추출물"", ""수크랄로스"", ""홍차추출분말""]"
20140355879221,제로슈거초코별스낵,(주)대산후드 문산1공장,초콜릿가공품,2024-07-02,2024-07-06,zero,10,"[""곡류가공품"", ""곡류가공품"", ""밀가루"", ""곡류가공품"", ""코코아분말"", ""탄산칼슘"", ""효소처리스테비아"", ""정제소금"", ""정제수"", ""준초콜릿""]"
19850311005353,제로슈거커피랑,(주)피엔에프에스,식물성크림,2026-04-13,2026-05-08,zero,9,"[""정제수"", ""이산화규소"", ""스테아릴젖산나트륨"", ""글리세린지방산에스테르"", ""폴리인산칼륨"", ""제이인산칼륨"", ""카제인나트륨"", ""올리고당"", ""가공유지""]"
200902631583,제로스위트,(주)케이비바이오텍,혼합제제,2010-03-30,2016-07-06,zero,3,"[""에리스리톨"", ""시클로덱스트린"", ""수크랄로스""]"
197304430031792,제로스위트,(주)삼광식품,준초콜릿,2025-09-20,2025-09-23,zero,9,"[""바닐린"", ""향료"", ""향료"", ""가공치즈"", ""레시틴"", ""식물성크림"", ""코코아분말"", ""가공유지"", ""D-말티톨""]"
200902631587,제로스위트-10,(주)케이비바이오텍,혼합제제,2011-04-25,2016-07-06,zero,3,"[""수크랄로스"", ""시클로덱스트린"", ""에리스리톨""]"
19730190015338,제로스위트리,씨제이제일제당(주),기타가공품,2023-05-08,2026-07-01,zero,5,"[""기타 농산가공품"", ""식품첨가물"", ""식품첨가물"", ""향료"", ""에리스리톨""]"
200004490351002,제로스윗 자몽허니블랙티,(주)쟈뎅,액상차,2026-04-23,2026-04-29,zero,17,"[""정제수"", ""혼합제제"", ""향료"", ""향료제제"", ""향료"", ""곡류가공품"", ""정제소금"", ""혼합제제"", ""구연산(무수)"", ""덱스트린"", ""아세설팜칼륨"", ""수크랄로스"", ""스테비올배당체"", ""당류가공품"", ""사양벌꿀"", ""레드자몽농축액"", ""홍차추출분말""]"
20200335509129,제로스콘,아우어푸드,빵류,2025-12-22,2026-01-03,zero,8,"[""아몬드분말"", ""버터"", ""쌀가루"", ""당류가공품"", ""우유"", ""유크림"", ""베이킹파우더"", ""정제소금""]"
201703564199,제로스쿱 넛츠바닐라,(주)제나,빙과,2021-07-29,2021-07-31,zero,10,"[""천연향료"", ""바닐라빈"", ""로커스트콩검"", ""구아검"", ""난소화성말토덱스트린(고시형)"", ""에리스리톨"", ""당류가공품"", ""알룰로오스"", ""소스류"", ""정제수""]"
201703564198,제로스쿱 리얼스트로베리,(주)제나,빙과,2021-07-28,2021-07-31,zero,11,"[""로커스트콩검"", ""구아검"", ""천연향료"", ""정제수"", ""소스류"", ""알룰로오스"", ""과채퓨레 페이스트"", ""당류가공품"", ""잼"", ""에리스리톨"", ""난소화성말토덱스트린(고시형)""]"
201703564193,제로스쿱 쇼콜라홀릭,(주)제나,빙과,2019-06-13,2021-12-15,zero,11,"[""당류가공품"", ""당류가공품"", ""음료베이스"", ""정제수"", ""에리스리톨"", ""구아검"", ""코코아매스"", ""덱스트린"", ""코코아분말"", ""코코아분말"", ""로커스트콩검""]"
2017035641920,제로스쿱 스위트 쑥,(주)제나,빙과,2021-07-28,2021-07-31,zero,9,"[""기타가공품"", ""난소화성말토덱스트린(고시형)"", ""에리스리톨"", ""당류가공품"", ""알룰로오스"", ""소스류"", ""정제수"", ""구아검"", ""로커스트콩검""]"
2011044513026,제로스타 빵가루,(주)월드엠에스,기타가공품,2024-05-10,2024-05-25,zero,6,"[""스테비아추출물"", ""마가린"", ""효모"", ""개량제"", ""정제소금"", ""강력분""]"
198904610322331,제로스토어 뿌린 시즈닝,(주)한미에프쓰리,기타가공품,2026-06-01,2026-07-17,zero,22,"[""식품첨가물"", ""식품첨가물"", ""천연향신료"", ""식품첨가물"", ""식품첨가물"", ""식품첨가물"", ""가공유크림"", ""식품첨가물"", ""곡류가공품"", ""천연향신료"", ""기타가공품"", ""식물성크림"", ""기타가공품"", ""과.채가공품"", ""L-글루탐산나트륨"", ""정제소금"", ""복합조미식품"", ""식품첨가물"", ""과.채가공품"", ""5-리보뉴클레오티드이나트륨"", ""식품첨가물"", ""식품첨가물혼합제제""]"
198904610322330,제로스토어 양념치킨맛 시즈닝,(주)한미에프쓰리,기타가공품,2026-06-01,2026-06-11,zero,25,"[""복합조미식품"", ""과.채가공품"", ""천연향신료"", ""5-리보뉴클레오티드이나트륨"", ""고춧가루"", ""식품첨가물"", ""콩기름(대두유)"", ""식품첨가물"", ""식품첨가물"", ""식품첨가물"", ""식품첨가물"", ""식품첨가물혼합제제"", ""천연향신료"", ""식품첨가물"", ""식품첨가물"", ""천연향신료"", ""향료"", ""기타가공품"", ""정제소금"", ""복합조미식품"", ""L-글루탐산나트륨"", ""식품첨가물"", ""복합조미식품"", ""복합조미식품"", ""과.채가공품""]"
198904610322329,제로스토어 콘소메 시즈닝,(주)한미에프쓰리,기타가공품,2026-06-01,2026-07-17,zero,20,"[""혼합제제"", ""식품첨가물"", ""천연향신료"", ""식품첨가물"", ""식품첨가물혼합제제"", ""식품첨가물"", ""5-리보뉴클레오티드이나트륨"", ""식품첨가물"", ""향료"", ""복합조미식품"", ""정제소금"", ""과.채가공품"", ""복합조미식품"", ""L-글루탐산나트륨"", ""기타가공품"", ""식품첨가물"", ""천연향신료"", ""식물성크림"", ""식품첨가물"", ""곡류가공품""]"
20170362435133,제로스티 콜드브루,뉴앤디커피,기타가공품,2022-04-28,2022-05-13,zero,1,"[""연꽃씨앗(심제외)""]"
20170362435138,제로스티 콜드브루 스위트,뉴앤디커피,기타가공품,2023-04-26,2023-04-28,zero,2,"[""연꽃씨앗(심제외)"", ""헛개나무열매농축액""]"
201005430661188,제로스파클링 레몬,오케이에프음료 주식회사,탄산음료,2023-06-13,2023-06-14,zero,11,"[""정제수"", ""이산화탄소"", ""구연산"", ""향료"", ""향료"", ""향료"", ""레몬농축액"", ""아세설팜칼륨"", ""아스파탐"", ""수크랄로스"", ""자몽종자추출물""]"
201005430661189,제로스파클링 멜론,오케이에프음료 주식회사,탄산음료,2023-06-13,2023-06-14,zero,12,"[""유화제"", ""수크랄로스"", ""아스파탐"", ""정제수"", ""이산화탄소"", ""향료"", ""향료"", ""향료"", ""향료"", ""구연산"", ""멜론농축액"", ""아세설팜칼륨""]"
20030473071449,제로스파클링 피치블랙티,건강한사람들 주식회사 2사업장,탄산음료,2023-05-02,2023-06-13,zero,9,"[""홍차추출액"", ""과.채가공품"", ""알룰로오스"", ""구연산"", ""효소처리스테비아"", ""비타민C"", ""향료"", ""이산화탄소"", ""정제수""]"
20070464034269,제로스푼 무가당 서리태 콩물 두유,농업회사법인 논산딸기랜드(주),가공두유,2026-06-23,2026-06-26,zero,2,"[""천일염"", ""두유액""]"
20070464034268,제로스푼 무가당 서리태 콩물 흑임자 두유,농업회사법인 논산딸기랜드(주),가공두유,2026-06-23,2026-06-26,zero,4,"[""천일염"", ""알룰로오스"", ""검정깨(흑임자)"", ""두유액""]"
20170333328241,제로스푼 알룰로스,자연농장,당류가공품,2023-12-15,2023-12-19,zero,2,"[""알룰로오스"", ""나한과추출물분말""]"
2024073830221,제로스푼 치즈폭탄 현미곤약떡,오월의 어느날,떡류,2025-01-29,2026-06-17,zero,4,"[""현미멥쌀"", ""곤약페이스트"", ""정제소금"", ""치즈""]"
200804490041421,제로스푼갓닭제로떡볶이맛소스,(주)금진식품,소스,2024-12-13,2024-12-19,zero,19,"[""파라옥시안식향산에틸"", ""비타민B1라우릴황산염"", ""잔탄검"", ""올레오레진캡시컴"", ""주정"", ""후추가루"", ""파프리카추출색소"", ""5-리보뉴클레오티드이나트륨"", ""천연향신료"", ""혼합제제"", ""마늘가루"", ""양파분말"", ""정제소금"", ""L-글루탐산나트륨"", ""변성전분"", ""고춧가루"", ""양조간장"", ""정제수"", ""당류가공품""]"
200804490041420,제로스푼갓닭제로마늘간장소스,(주)금진식품,소스,2024-12-13,2025-02-18,zero,18,"[""양조간장"", ""덱스트린"", ""당류가공품"", ""정제수"", ""변성전분"", ""마늘"", ""L-글루탐산나트륨"", ""양파분말"", ""카라멜색소 Ⅲ"", ""복합조미식품"", ""고춧가루"", ""5-리보뉴클레오티드이나트륨"", ""효소처리스테비아"", ""주정"", ""잔탄검"", ""비타민B1라우릴황산염"", ""파라옥시안식향산에틸"", ""마늘오일""]"
200804490041409,제로스푼갓닭제로염지제,(주)금진식품,복합조미식품,2024-11-19,2024-11-21,zero,10,"[""덱스트린"", ""혼합제제"", ""정제소금"", ""탄산수소나트륨"", ""구연산삼나트륨"", ""L-글루탐산나트륨"", ""천연향신료"", ""제삼인산나트륨"", ""L-아스코브산나트륨"", ""콩기름(대두유)""]"
20170441083521,제로스푼떡복이소스,주식회사 레인보우에프에스,소스,2025-12-30,2026-01-01,zero,3,"[""소스"", ""고춧가루"", ""천연향신료""]"
20170441083489,제로스푼떡볶이소스,주식회사 레인보우에프에스,소스,2025-09-10,2025-11-01,zero,3,"[""정제수"", ""복합조미식품"", ""천연향신료""]"
20170441083520,제로스푼로제분말,주식회사 레인보우에프에스,복합조미식품,2025-12-30,2026-01-01,zero,6,"[""복합조미식품"", ""고춧가루"", ""복합조미식품"", ""천연향신료"", ""식품첨가물"", ""식품첨가물""]"
200802024221072,제로스푼알룰로스,주식회사락컴퍼니,당류가공품,2026-04-24,2026-07-01,zero,3,"[""당류가공품"", ""과.채가공품"", ""주정""]"
200802024221071,제로스푼알룰로스바닐라빈,주식회사락컴퍼니,당류가공품,2026-04-24,2026-07-01,zero,5,"[""당류가공품"", ""주정"", ""과.채가공품"", ""바닐라빈"", ""당류가공품""]"
20190085116155,제로식스 비 라이블리,주식회사 인퓨저,침출차,2020-09-22,2020-10-06,zero,6,"[""식품첨가물혼합제제"", ""합성향료"", ""건조호박다이스"", ""로즈힙"", ""건조히비스커스"", ""건조루이보스잎""]"
20190085116152,"제로쓰리, 필 프레시",주식회사 인퓨저,침출차,2020-09-22,2020-09-30,zero,6,"[""서양박하잎"", ""건조녹차"", ""사과다이스"", ""생강"", ""건조레몬그라스"", ""천연향료""]"
20030473071457,제로아워 스파클링 복숭아맛,건강한사람들 주식회사 2사업장,탄산음료,2023-05-24,2023-06-03,zero,11,"[""정제수"", ""이산화탄소"", ""향료"", ""향료"", ""향료"", ""혼합제제"", ""아세설팜칼륨"", ""수크랄로스"", ""구연산삼나트륨"", ""구연산"", ""에리스리톨""]"
20030473071458,제로아워 스파클링 사과맛,건강한사람들 주식회사 2사업장,탄산음료,2023-05-24,2023-05-26,zero,11,"[""정제수"", ""이산화탄소"", ""향료"", ""향료"", ""향료"", ""혼합제제"", ""아세설팜칼륨"", ""수크랄로스"", ""구연산삼나트륨"", ""구연산"", ""에리스리톨""]"
20030473071459,제로아워 스파클링 유자맛,건강한사람들 주식회사 2사업장,탄산음료,2023-05-24,2023-06-03,zero,10,"[""정제수"", ""이산화탄소"", ""향료"", ""향료"", ""혼합제제"", ""아세설팜칼륨"", ""수크랄로스"", ""구연산삼나트륨"", ""구연산"", ""에리스리톨""]"
20110445029237,제로아워 알파시디 레몬수,주식회사 퓨럽2공장,혼합음료,2025-09-17,2025-09-25,zero,10,"[""레몬착즙액"", ""에리스리톨"", ""구연산"", ""수크랄로스"", ""스테비올배당체"", ""α-시클로덱스트린"", ""난소화성말토덱스트린(고시형)"", ""향료"", ""향료"", ""정제수""]"
20030473071506,제로아워 알파시디 애사비 사과맛,건강한사람들 주식회사 2사업장,탄산음료,2025-09-19,2025-09-25,zero,12,"[""발효식초"", ""에리스리톨"", ""구연산"", ""DL-사과산"", ""구연산삼나트륨"", ""수크랄로스"", ""스테비올배당체"", ""α-시클로덱스트린"", ""난소화성말토덱스트린(고시형)"", ""향료"", ""이산화탄소"", ""정제수""]"
20070443110788,제로아워 프로틴 스파클링 밀크소다,(주)삼양패키징광혜원공장,탄산음료,2024-01-17,2024-01-18,zero,12,"[""이산화탄소"", ""향료"", ""향료"", ""혼합제제"", ""아세설팜칼륨"", ""수크랄로스"", ""구연산"", ""에리스리톨"", ""유청단백분말"", ""정제수"", ""혼합제제"", ""정제소금""]"
20070443110790,제로아워 프로틴 스파클링 자몽파인,(주)삼양패키징광혜원공장,탄산음료,2024-01-17,2024-01-18,zero,17,"[""이산화탄소"", ""향료"", ""향료"", ""향료"", ""홍화황색소"", ""적양배추색소"", ""비타민C"", ""혼합제제"", ""혼합제제"", ""정제소금"", ""아세설팜칼륨"", ""수크랄로스"", ""구연산"", ""에리스리톨"", ""과.채가공품"", ""유청단백분말"", ""정제수""]"
20070443110789,제로아워 프로틴 스파클링 청포도사과,(주)삼양패키징광혜원공장,탄산음료,2024-01-17,2024-01-18,zero,18,"[""향료"", ""향료"", ""향료"", ""치자청색소"", ""홍화황색소"", ""비타민C"", ""혼합제제"", ""혼합제제"", ""정제소금"", ""아세설팜칼륨"", ""수크랄로스"", ""구연산"", ""에리스리톨"", ""과.채가공품"", ""과.채가공품"", ""유청단백분말"", ""정제수"", ""이산화탄소""]"
20220617001351,제로아이스티,(주)다경푸드시스템,당류가공품,2026-01-05,2026-01-06,zero,2,"[""정제수"", ""당류가공품""]"
20200324065104,제로아이스티 레몬맛,(주)이디야 드림팩토리,고형차,2024-06-13,2025-11-14,zero,8,"[""에리스리톨"", ""구연산"", ""향료"", ""고형차"", ""비타민C"", ""수크랄로스"", ""과.채가공품"", ""효소처리스테비아""]"
20200324065105,제로아이스티 복숭아맛,(주)이디야 드림팩토리,고형차,2024-06-13,2025-11-14,zero,9,"[""비타민C"", ""고형차"", ""에리스리톨"", ""구연산"", ""향료"", ""곡류가공품"", ""효소처리스테비아"", ""과.채가공품"", ""수크랄로스""]"
20090473152544,제로아이스티베이스KZ,(주)신성티엔에프,음료베이스,2024-11-27,2024-11-30,zero,13,"[""혼합제제"", ""스테비올배당체"", ""기타가공품"", ""수크랄로스"", ""구연산삼나트륨"", ""카라멜색소 Ⅳ"", ""향료"", ""홍차추출분말"", ""향료"", ""구연산"", ""복사나무열매농축액"", ""정제수"", ""아세설팜칼륨""]"
2022078021841,제로애플사이다,마일포스트 제2공장,탄산음료,2023-11-22,2023-11-29,zero,10,"[""카라멜색소 Ⅲ"", ""설탕"", ""합성향료"", ""합성향료"", ""결정과당"", ""DL-사과산"", ""구연산"", ""과.채가공품"", ""이산화탄소"", ""정제수""]"
20200382755370,제로야미 피넛버터,(주)진푸드,땅콩버터,2024-07-16,2026-02-01,zero,1,"[""땅콩 또는 견과류가공품""]"
2000019924082,제로양념새우장,부일식품,절임식품,2023-10-06,2026-06-11,zero,17,"[""비타민 B1라우릴황산염(고시형)"", ""복합조미식품"", ""새우"", ""정제수"", ""알룰로오스"", ""고춧가루"", ""마늘"", ""생강"", ""액젓"", ""참깨"", ""정제소금"", ""식초"", ""전분가공품"", ""L-글루탐산나트륨"", ""청양고춧가루"", ""조미고추분"", ""유산균""]"
199104430102715,제로에스프레소시럽,아그라나프루트코리아주식회사,기타가공품,2025-03-05,2025-03-07,zero,13,"[""정제수"", ""수크랄로스"", ""구연산"", ""정제소금"", ""제이인산칼슘"", ""글루코노-δ-락톤"", ""향료"", ""카라기난"", ""향료"", ""아미드펙틴"", ""변성전분"", ""커피"", ""말티톨시럽""]"
20190085116157,"제로에잇, 비 어 페더",주식회사 인퓨저,침출차,2020-09-22,2020-10-06,zero,5,"[""포트마리골드꽃"", ""식품첨가물혼합제제"", ""스테비아잎"", ""카카오"", ""우롱차엽""]"
19910464049458,제로연유시럽,(주)프레시코,기타가공품,2024-12-17,2025-12-12,zero,10,"[""정제수"", ""말티톨시럽"", ""혼합제제"", ""정제소금"", ""향료제제"", ""젤란검"", ""향료제제"", ""카라기난"", ""변성전분"", ""식물성크림""]"
19910464049631,제로연유시럽-1,(주)프레시코,기타가공품,2026-08-05,2026-08-08,zero,10,"[""향료제제"", ""카라기난"", ""변성전분"", ""식물성크림"", ""정제수"", ""말티톨시럽"", ""혼합제제"", ""정제소금"", ""향료제제"", ""젤란검""]"
201005430661495,제로오렌지탄산,오케이에프음료 주식회사,탄산음료,2025-04-21,2025-05-03,zero,12,"[""에리스리톨"", ""이산화탄소"", ""구연산"", ""향료"", ""향료"", ""향료"", ""오렌지농축액"", ""아세설팜칼륨"", ""아스파탐"", ""수크랄로스"", ""자몽종자추출물"", ""정제수""]"
200703385311034,제로옥수수파우더,(주)우신에프엠,기타가공품,2024-03-13,2026-02-01,zero,10,"[""옥수수전분"", ""곡류가공품"", ""곡류가공품"", ""설탕"", ""기타가공품"", ""복합조미식품"", ""가공소금"", ""복합조미식품"", ""핵산아이지"", ""천연향신료""]"
20110355036107,제로워터,(주)토마토푸드,음료베이스,2018-09-04,2022-03-31,zero,2,"[""사철쑥"", ""정제수""]"
19970570162384,제로원,경북과학대학식품공장,과.채음료,2025-09-01,2025-09-05,zero,18,"[""정제수"", ""비타민B2"", ""니코틴산아미드"", ""기타과당"", ""사양벌꿀"", ""열대과일혼합농축액"", ""자일리톨"", ""오렌지농축액"", ""헛개나무열매추출농축액"", ""타우린"", ""덱스트린"", ""구연산(무수)"", ""향료"", ""밀크씨슬추출물분말"", ""비타민C"", ""L-아르지닌"", ""구연산삼나트륨"", ""효소처리스테비아""]"
2012049904232,제로원 나노버블수소수,피플클라우드,혼합음료,2023-08-21,2024-01-17,zero,2,"[""지하수"", ""수소""]"
20190085116150,"제로원, 필 브라이트모닝",주식회사 인퓨저,침출차,2020-09-22,2020-09-30,zero,6,"[""홍차"", ""보검선인장"", ""헛개나무열매"", ""딸기다이스"", ""합성향료"", ""합성향료""]"
2000025705668,제로월드콘과자,동산산업(주),과자,2024-12-27,2025-01-01,zero,8,"[""정제수"", ""아세설팜칼륨"", ""바닐린"", ""정제소금"", ""레시틴"", ""쇼트닝"", ""D-말티톨"", ""밀가루""]"
19960386249130,제로윗 당제로 바닐라,동그린주식회사,빙과,2024-06-11,2024-06-18,zero,15,"[""정제수"", ""D-말티톨"", ""치커리뿌리추출물분말"", ""가공버터"", ""당류가공품"", ""에리스리톨"", ""가공유지"", ""분리유단백분말"", ""혼합제제"", ""혼합제제"", ""혼합제제"", ""글리세린지방산에스테르"", ""혼합제제"", ""혼합제제"", ""혼합제제""]"
19960386249132,제로윗 당제로 바닐라 바,동그린주식회사,빙과,2024-06-05,2025-05-30,zero,16,"[""준초콜릿"", ""정제수"", ""혼합제제"", ""혼합제제"", ""분리유단백분말"", ""가공유지"", ""에리스리톨"", ""당류가공품"", ""가공버터"", ""치커리뿌리추출물분말"", ""D-말티톨"", ""향료"", ""혼합제제"", ""혼합제제"", ""혼합제제"", ""글리세린지방산에스테르""]"
19960386249131,제로윗 당제로 초콜릿,동그린주식회사,빙과,2024-06-11,2024-06-18,zero,16,"[""정제수"", ""혼합제제"", ""혼합제제"", ""코코아분말"", ""분리유단백분말"", ""가공유지"", ""에리스리톨"", ""당류가공품"", ""가공버터"", ""코코아분말"", ""치커리뿌리추출물분말"", ""D-말티톨"", ""글리세린지방산에스테르"", ""혼합제제"", ""혼합제제"", ""혼합제제""]"
19960386249133,제로윗 당제로 초콜릿바,동그린주식회사,빙과,2024-06-05,2025-05-30,zero,17,"[""분리유단백분말"", ""혼합제제"", ""코코아분말"", ""가공유지"", ""혼합제제"", ""에리스리톨"", ""당류가공품"", ""가공버터"", ""코코아분말"", ""치커리뿌리추출물분말"", ""D-말티톨"", ""준초콜릿"", ""정제수"", ""혼합제제"", ""혼합제제"", ""향료"", ""글리세린지방산에스테르""]"
20080440010205,제로윗 마일드 스테비아 커피믹스,주식회사모카씨엔티,커피,2024-04-02,2025-11-24,zero,5,"[""천일염"", ""커피"", ""기타가공품"", ""식물성크림"", ""아세설팜칼륨""]"
20080440010239,제로윗 아이스티 레몬,주식회사모카씨엔티,고형차,2025-05-30,2025-06-25,zero,10,"[""비타민B2"", ""효소처리스테비아"", ""구연산삼나트륨"", ""이산화규소"", ""아스파탐"", ""향료"", ""레몬과즙분말"", ""구연산(무수)"", ""비타민C"", ""에리스리톨""]"
20080440010238,제로윗 아이스티 복숭아,주식회사모카씨엔티,고형차,2025-05-30,2025-06-25,zero,10,"[""향료"", ""비타민C"", ""에리스리톨"", ""구연산(무수)"", ""혼합제제"", ""기타가공품"", ""구연산삼나트륨"", ""효소처리스테비아"", ""이산화규소"", ""아스파탐""]"
19800493005194,제로윗 아이스팝 딸기,(주)서주,빙과,2025-04-09,2025-04-12,zero,17,"[""구연산(결정)"", ""당류가공품"", ""에리스리톨"", ""말티톨시럽"", ""정제수"", ""향료"", ""향료제제"", ""혼합제제"", ""정제소금"", ""수크랄로스"", ""치자황색소"", ""아세설팜칼륨"", ""카라기난"", ""구아검"", ""효소처리스테비아"", ""비트레드"", ""과.채가공품""]"
19800493005195,제로윗 아이스팝 배,(주)서주,빙과,2025-04-09,2025-04-12,zero,16,"[""치자황색소"", ""수크랄로스"", ""아세설팜칼륨"", ""카라기난"", ""구아검"", ""효소처리스테비아"", ""구연산(결정)"", ""과.채가공품"", ""정제소금"", ""향료"", ""향료"", ""혼합제제"", ""당류가공품"", ""에리스리톨"", ""말티톨시럽"", ""정제수""]"
20170441083533,제로유산슬소스,주식회사 레인보우에프에스,소스,2026-04-13,2026-04-15,zero,3,"[""소스"", ""기타 수산물가공품"", ""천연향신료""]"
20190498210454,제로이트 윌비파인,(주)한풍네이처팜,기타가공품,2026-03-09,2026-07-28,zero,15,"[""효소식품"", ""바나바잎 추출물(고시형)"", ""기타 농산가공품"", ""효소처리스테비아"", ""에리스리톨"", ""DL-사과산"", ""혼합제제"", ""난소화성말토덱스트린(고시형)"", ""구연산(무수)"", ""D-소비톨"", ""기타가공품"", ""이소말트"", ""파인애플맛분말"", ""포도당"", ""α-시클로덱스트린""]"
20060512128455,제로자몽블랙티,좋은영농조합법인,혼합음료,2023-05-22,2026-07-01,zero,9,"[""정제수"", ""자몽농축액"", ""구연산"", ""향료"", ""구연산삼나트륨"", ""고형차"", ""아세설팜칼륨"", ""수크랄로스"", ""기타가공품""]"
20170333328330,제로재 무설탕 도라지청,자연농장,액상차,2024-08-08,2024-08-13,zero,4,"[""도라지뿌리농축액"", ""식물혼합추출액"", ""알룰로오스"", ""침향추출물""]"
20170333328320,제로재 무설탕 생강청,자연농장,액상차,2024-07-29,2024-07-31,zero,4,"[""효소처리스테비아"", ""침향추출물"", ""알룰로오스"", ""생강착즙액""]"
2023028115760,제로제로 치커리 알룰로스,티디바인,당류가공품,2025-02-20,2026-07-01,zero,5,"[""정제수"", ""스테비올배당체"", ""아라비아검"", ""치커리추출물"", ""알룰로오스""]"
202105744375,제로제로S,태광약품,혼합제제와기구등의살균소독제,2022-01-17,2022-04-06,zero,7,"[""정제수"", ""폴리소르베이트80"", ""폴리소르베이트20"", ""글리세린"", ""합성향료(Thymol)"", ""DL-사과산"", ""구연산""]"
2014029448588,제로제로톡스,(주)슈퍼내츄럴스,음료베이스,2020-07-13,2026-07-01,zero,18,"[""정제수"", ""혼합제제"", ""사과농축액"", ""레드비트농축액"", ""당근농축액"", ""구연산"", ""폴리덱스트로스"", ""프락토올리고당"", ""수크랄로스"", ""비타민C"", ""구연산삼나트륨"", ""아세설팜칼륨"", ""식용색소황색제5호"", ""혼합제제"", ""니코틴산아미드"", ""판토텐산칼슘"", ""비타민B6염산염"", ""혼합제제""]"
20010415034758,제로젤리 사워베어,국제제과(주),캔디류,2024-02-19,2024-10-08,zero,19,"[""난소화성말토덱스트린(고시형)"", ""알룰로오스"", ""에리스리톨"", ""젤라틴"", ""구연산"", ""콜라겐"", ""전분"", ""혼합제제"", ""향료"", ""DL-사과산"", ""향료"", ""펙틴"", ""효소처리스테비아"", ""심황색소"", ""글리세린지방산에스테르"", ""과.채가공품"", ""천연향료"", ""천연향료"", ""기타가공품""]"
20010415034739,제로젤리 제로베어,국제제과(주),캔디류,2023-08-10,2025-09-17,zero,21,"[""전분"", ""DL-사과산"", ""펙틴"", ""향료"", ""향료"", ""기타 식용유지가공품"", ""향료"", ""효소처리스테비아"", ""천연향료"", ""나한과추출물분말"", ""홍화황색소"", ""혼합제제"", ""파프리카추출색소"", ""글리세린지방산에스테르"", ""기타가공품"", ""과.채가공품"", ""콜라겐"", ""구연산"", ""젤라틴"", ""난소화성말토덱스트린(고시형)"", ""당류가공품""]"
2014061409425,제로젤리망고피치,주식회사 한일에프앤비(F&B),캔디류,2017-12-06,2018-01-19,zero,12,"[""정제수"", ""망고종자추출물"", ""수크랄로스"", ""구연산"", ""DL-사과산"", ""복숭아농축액"", ""망고농축액"", ""합성향료"", ""합성향료"", ""로커스트콩검"", ""식품첨가물혼합제제분말"", ""에리스리톨""]"
20010415034777,제로젤리포도베어,국제제과(주),캔디류,2025-06-10,2025-06-12,zero,20,"[""기타가공품"", ""글리세린지방산에스테르"", ""난소화성말토덱스트린(고시형)"", ""당류가공품"", ""젤라틴"", ""구연산"", ""콜라겐"", ""전분"", ""향료"", ""펙틴"", ""효소처리스테비아"", ""향료"", ""기타 식용유지가공품"", ""혼합제제"", ""DL-사과산"", ""향료"", ""나한과추출물분말"", ""혼합제제"", ""천연향료"", ""천연향료""]"
20140294149120,제로진스 다크 원두,(주)빈스페이스,커피,2026-04-03,2026-04-08,zero,2,"[""커피"", ""커피""]"
20140294149119,제로진스 오리지널 원두,(주)빈스페이스,커피,2026-04-03,2026-04-08,zero,2,"[""커피"", ""커피""]"
20100294897102,제로쫄면,아이케이푸드,숙면,2023-11-07,2024-12-06,zero,9,"[""참기름"", ""소스"", ""밀가루"", ""묵류"", ""전분가공품"", ""땅콩 또는 견과류가공품"", ""정제소금"", ""면류첨가알칼리제"", ""정제수""]"
2002046107314015,제로쫄면소스,(주)동원홈푸드,소스,2023-07-25,2024-09-06,zero,24,"[""당류가공품"", ""정제수"", ""양파"", ""양조간장"", ""발효식초"", ""향신료조제품"", ""과.채가공품"", ""고춧가루"", ""과.채가공품"", ""마늘"", ""L-글루탐산나트륨"", ""변성전분"", ""홍고추"", ""정제소금"", ""효모추출물"", ""밀분해추출물"", ""참기름"", ""DL-사과산"", ""구연산"", ""5-리보뉴클레오티드이나트륨"", ""파프리카추출색소"", ""효모추출물"", ""잔탄검"", ""수크랄로스""]"
201904421491648,제로쫄면소스,(주)동원홈푸드,소스,2023-07-25,2024-09-06,zero,24,"[""수크랄로스"", ""잔탄검"", ""효모추출물"", ""파프리카추출색소"", ""5-리보뉴클레오티드이나트륨"", ""구연산"", ""DL-사과산"", ""참기름"", ""밀분해추출물"", ""효모추출물"", ""정제소금"", ""홍고추"", ""변성전분"", ""L-글루탐산나트륨"", ""마늘"", ""과.채가공품"", ""고춧가루"", ""과.채가공품"", ""향신료조제품"", ""발효식초"", ""양조간장"", ""양파"", ""정제수"", ""당류가공품""]"
201005430661496,제로청포도탄산,오케이에프음료 주식회사,탄산음료,2025-04-21,2025-05-03,zero,12,"[""정제수"", ""에리스리톨"", ""이산화탄소"", ""구연산"", ""향료"", ""향료"", ""향료"", ""청포도농축액"", ""아세설팜칼륨"", ""아스파탐"", ""수크랄로스"", ""자몽종자추출물""]"
2025046093712,제로초이스 제로놀라 말차맛,디연푸드 F&B,곡류가공품,2026-04-02,2026-05-15,zero,10,"[""고형차"", ""콩기름(대두유)"", ""해바라기씨앗"", ""호박씨앗"", ""호두분태"", ""아몬드슬라이스"", ""당류가공품"", ""귀리"", ""정제수"", ""당류가공품""]"
2025046093711,제로초이스 제로놀라 카카오맛,디연푸드 F&B,곡류가공품,2026-04-02,2026-05-15,zero,10,"[""귀리"", ""정제수"", ""당류가공품"", ""당류가공품"", ""아몬드슬라이스"", ""호두분태"", ""해바라기씨앗"", ""호박씨앗"", ""콩기름(대두유)"", ""카카오분말""]"
2020019538563,제로초코볼,주식회사베노프하우스,과자,2024-06-04,2026-07-01,zero,8,"[""아세설팜칼륨"", ""수크랄로스"", ""대두레시틴분말(고시형)"", ""코코아버터"", ""카카오매스"", ""알룰로오스"", ""식물성크림"", ""두류가공품""]"
197304430031257,제로초코스위트2,(주)삼광식품,초콜릿,2021-06-21,2021-06-22,zero,11,"[""가공유지"", ""코코아버터"", ""코코아매스"", ""D-말티톨"", ""가공유지"", ""밀크향"", ""혼합제제"", ""바닐라향"", ""밀크향"", ""레시틴"", ""가공치즈""]"
197304430031563,제로초코칩LT,(주)삼광식품,준초콜릿,2024-01-26,2024-03-27,zero,7,"[""D-말티톨"", ""야자유"", ""코코아분말"", ""코코아분말"", ""정제소금"", ""레시틴"", ""바닐라향""]"
197304430031632,제로초코파이스위트,(주)삼광식품,준초콜릿,2024-09-12,2026-05-05,zero,18,"[""레시틴"", ""코코아매스"", ""곡류가공품"", ""식물성크림"", ""코코아분말"", ""가공유지"", ""D-말티톨"", ""폴리글리세린축합리시놀레인산에스테르"", ""혼합제제"", ""가공치즈"", ""볶음땅콩분태"", ""아몬드분말"", ""아세설팜칼륨"", ""수크랄로스"", ""바닐린"", ""향료"", ""혼합제제"", ""향료""]"
20140355879229,제로초콜릿,(주)대산후드 문산1공장,준초콜릿,2024-06-21,2024-06-27,zero,9,"[""D-말티톨"", ""가공유지"", ""코코아분말"", ""코코아매스"", ""레시틴"", ""향료"", ""글리세린지방산에스테르"", ""효소처리스테비아"", ""혼합제제""]"
197304430031700,제로초콜릿스위트,(주)삼광식품,준초콜릿,2025-02-19,2025-02-21,zero,12,"[""D-말티톨"", ""코코아매스"", ""가공유지"", ""식물성크림"", ""곡류가공품"", ""코코아분말"", ""레시틴"", ""가공치즈"", ""향료"", ""혼합제제"", ""향료"", ""바닐린""]"
197304430031524,제로초콜릿스위트2,(주)삼광식품,초콜릿,2023-09-13,2023-12-14,zero,13,"[""식물성크림"", ""곡류가공품"", ""코코아버터"", ""코코아분말"", ""레시틴"", ""가공치즈"", ""바닐라향"", ""혼합제제"", ""밀크향"", ""바닐린"", ""D-말티톨"", ""코코아매스"", ""가공유지""]"
20060364466760,제로치킨파우다,(주)청정두리,기타가공품,2019-06-18,2026-02-01,zero,17,"[""밀가루"", ""옥수수전분"", ""정제소금"", ""L-글루탐산나트륨"", ""기타가공품"", ""양파분말"", ""향신료조제품"", ""탄산수소나트륨"", ""천연향신료"", ""제일인산칼슘"", ""올레오레진캪시컴"", ""천연향신료"", ""천연향신료"", ""황산칼슘"", ""향신료조제품"", ""황산알루미늄칼륨"", ""터메릭올레오레진""]"
20120114646125,제로카페R 블렌딩 스페셜,주식회사 이알코퍼레이션,커피,2024-09-20,2025-12-16,zero,1,"[""커피원두""]"
20120114646124,제로카페R 블렌딩 퓨즈,주식회사 이알코퍼레이션,커피,2024-09-20,2025-12-16,zero,1,"[""커피원두""]"
20120114646126,제로카페R 싱글 디카페인,주식회사 이알코퍼레이션,커피,2024-09-20,2025-12-16,zero,1,"[""커피원두""]"
19910490040204,제로카페시럽,세미기업(주),당류가공품,2024-08-06,2026-04-23,zero,10,"[""정제수"", ""식품첨가물"", ""식품첨가물"", ""카라멜색소 Ⅳ"", ""정제소금"", ""식품첨가물"", ""식품첨가물"", ""식품첨가물"", ""식품첨가물"", ""당류가공품""]"
2002046107316051,제로카페시럽,(주)동원홈푸드,음료베이스,2025-06-18,2025-08-16,zero,11,"[""혼합제제"", ""파라옥시안식향산에틸"", ""카라멜색소 Ⅳ"", ""수크랄로스"", ""주정"", ""기타가공품"", ""구연산"", ""아스파탐"", ""스테비올배당체"", ""에리스리톨"", ""정제수""]"
20070360143940,제로카페인 먹 드립백,(주)두리인터내셔날,침출차,2025-10-31,2025-11-27,zero,2,"[""도두씨앗"", ""보리""]"
20130555108302,제로칼로리 복숭아아이스티,주식회사 도투락,혼합음료,2023-04-13,2024-03-09,zero,9,"[""에리스리톨"", ""복사나무열매농축액"", ""구연산"", ""홍차분말"", ""수크랄로스"", ""아세설팜칼륨"", ""효소처리스테비아"", ""혼합제제"", ""정제수""]"
20130555108303,제로칼로리 아메리카노 스위트,주식회사 도투락,커피,2023-04-13,2026-04-24,zero,11,"[""에리스리톨"", ""커피농축액"", ""커피농축액"", ""탄산수소나트륨"", ""아세설팜칼륨"", ""감귤추출물"", ""수크랄로스"", ""스테비올배당체"", ""정제수"", ""합성향료"", ""합성향료""]"
20130555108304,제로칼로리 아메리카노 헤이즐넛향,주식회사 도투락,커피,2023-04-13,2026-04-24,zero,11,"[""커피농축액"", ""커피농축액"", ""에리스리톨"", ""정제수"", ""합성향료"", ""합성향료"", ""스테비올배당체"", ""수크랄로스"", ""아세설팜칼륨"", ""감귤추출물"", ""탄산수소나트륨""]"
19920624042901,제로칼로리 콜라,(주)상일,탄산음료,2022-11-01,2023-09-02,zero,9,"[""수크랄로스"", ""구연산칼륨"", ""구연산"", ""아세설팜칼륨"", ""안식향산나트륨"", ""혼합제제"", ""혼합제제"", ""이산화탄소"", ""정제수""]"
19950433026743,제로칼로리 포도(알룰로스 100%) CAN,(주)금강비앤에프,탄산음료,2023-06-05,2023-06-08,zero,6,"[""알룰로오스"", ""이산화탄소"", ""구연산"", ""포도향"", ""포도향"", ""정제수""]"
200803601643,제로칼로리슈가,제이에스푸드,에리스리톨,2014-04-01,2021-02-05,zero,1,"[""에리스리톨""]"
20200424090143,제로칼로리스위트,맘앤푸드,복합조미식품,2025-05-22,2025-05-23,zero,3,"[""에리스리톨"", ""난소화성말토덱스트린(고시형)"", ""나한과추출물분말""]"
200003643481020,제로칼로리스위트,(주)신원에프아이,기타가공품,2017-01-12,2026-02-01,zero,3,"[""나한과추출물"", ""치커리식이섬유"", ""천연첨가물""]"
20010338336238,제로칼로리스위트,(주)민푸드시스템,기타가공품,2020-12-18,2020-12-24,zero,3,"[""나한과추출물분말"", ""치커리식이섬유"", ""천연첨가물""]"
200003643481028,제로칼로리스위트-2,(주)신원에프아이,기타가공품,2017-03-24,2026-02-01,zero,2,"[""수크랄로스"", ""에리스리톨""]"
20060042813562,제로칼로퀸,플러스라이프,기타가공품,2019-05-30,2019-06-04,zero,14,"[""드럼스틱잎"", ""보이차추출물(기능성원료인정제2009-17호)"", ""둥굴레"", ""볶은카카오"", ""마테"", ""질경이껍질"", ""복령균핵"", ""알리움후커리"", ""뽕나무잎"", ""보리순"", ""핑거루트뿌리"", ""비타민나무열매농축액"", ""아로니아건조분말"", ""회향씨앗""]"
20160368641507,제로커피 블렌드어썸,(주)커피짓는사람들,커피,2022-05-18,2022-05-19,zero,1,"[""커피원두""]"
20220514163212,제로컷 α-CD,블루바이오,당류가공품,2025-06-17,2025-06-24,zero,14,"[""β-시클로덱스트린"", ""기타가공품"", ""기타가공품"", ""기타가공품"", ""테아닌"", ""난소화성말토덱스트린(고시형)"", ""L-시스틴"", ""L-트립토판"", ""분말결정포도당"", ""고형차"", ""과.채가공품"", ""과.채가공품"", ""α-시클로덱스트린"", ""γ-시클로덱스트린""]"
20220273857944,제로컷 알파CD,(주)네이처코퍼레이션,기타가공품,2025-11-11,2026-07-01,zero,8,"[""이산화규소"", ""DL-사과산"", ""효소처리스테비아"", ""효소식품"", ""알룰로오스"", ""당류가공품"", ""덱스트린"", ""α-시클로덱스트린""]"
20210444104491,제로컷 알파CD,엔에이치 바이오,기타가공품,2026-04-23,2026-04-25,zero,8,"[""시클로덱스트린"", ""덱스트린"", ""기타가공품"", ""알룰로오스"", ""효소식품"", ""효소처리스테비아"", ""DL-사과산"", ""이산화규소""]"
20170520023171,제로컷 알파CD,주식회사 상상바이오,기타가공품,2025-09-03,2026-07-01,zero,8,"[""DL-사과산"", ""효소처리스테비아"", ""이산화규소"", ""당류가공품"", ""당류가공품"", ""효소식품"", ""난소화성말토덱스트린(고시형)"", ""α-시클로덱스트린""]"
20200452306568,제로컷 알파CD 치커리 플러스,(주)에스엠바이오,기타가공품,2026-01-16,2026-01-23,zero,8,"[""이산화규소"", ""효소처리스테비아"", ""DL-사과산"", ""파인애플맛분말"", ""파인애플향분말"", ""난소화성말토덱스트린(고시형)"", ""치커리추출물"", ""α-시클로덱스트린""]"
202402796514,제로케미,룩케미로스터스,커피,2024-06-25,2024-06-27,zero,1,"[""커피원두""]"
202402796516,제로케미 블렌딩,룩케미로스터스,커피,2025-05-08,2026-07-09,zero,2,"[""커피원두"", ""커피원두""]"
2013020247554,제로코코아,마녀의 부엌,기타 코코아가공품,2024-03-21,2024-03-23,zero,2,"[""식품첨가물혼합제제"", ""코코아분말""]"
199104490041098,제로콘누들 건더기스프,상미식품주식회사,기타가공품,2024-10-11,2025-12-18,zero,5,"[""과.채가공품"", ""복합조미식품"", ""과.채가공품"", ""과.채가공품"", ""두류가공품""]"
20230268165116,제로콘누들 냉면양념스프,그린스퀘어(주),소스,2025-05-22,2025-12-12,zero,13,"[""파라옥시안식향산에틸"", ""올레오레진캡시컴"", ""파프리카추출색소"", ""주정"", ""참기름"", ""양파"", ""마늘"", ""고춧가루"", ""L-글루탐산나트륨"", ""에리스리톨"", ""발효식초"", ""변성전분"", ""정제수""]"
20230268165115,제로콘누들 냉면육수스프,그린스퀘어(주),소스,2025-05-22,2025-05-24,zero,18,"[""DL-사과산"", ""구연산"", ""효소처리스테비아"", ""에리스리톨"", ""알룰로오스"", ""변성전분"", ""정제수"", ""5-리보뉴클레오티드이나트륨"", ""L-글루탐산나트륨"", ""향료"", ""양조간장"", ""소스"", ""소스"", ""소스"", ""발효식초"", ""복합조미식품"", ""복합조미식품"", ""호박산이나트륨""]"
20230517206170,제로콘누들 넓적면,(주)라라에프엔비,건면,2024-09-26,2026-02-01,zero,6,"[""혼합제제"", ""정제소금"", ""감자전분"", ""식이섬유(고시형)"", ""중력분"", ""복합조미식품""]"
20230268165100,제로콘누들 마라스프,그린스퀘어(주),소스,2024-09-30,2025-12-12,zero,25,"[""고춧가루"", ""마늘"", ""복합조미식품"", ""L-글루탐산나트륨"", ""향미유"", ""변성전분"", ""효소처리스테비아"", ""호박산이나트륨"", ""5-리보뉴클레오티드이나트륨"", ""구연산"", ""천연향신료"", ""천연향신료"", ""천연향신료"", ""향미유"", ""과.채가공품"", ""식품첨가물혼합제제"", ""파프리카추출색소"", ""주정"", ""파라옥시안식향산에틸"", ""에리스리톨"", ""양조간장"", ""알룰로오스"", ""정제수"", ""식육추출가공품"", ""정제소금""]"
20230268165113,제로콘누들 비빔스프,그린스퀘어(주),소스,2025-05-07,2025-05-10,zero,28,"[""고춧가루"", ""볶은참깨"", ""복합조미식품"", ""조미김"", ""향료"", ""향료"", ""파프리카추출색소"", ""주정"", ""파라옥시안식향산에틸"", ""5-리보뉴클레오티드이나트륨"", ""L-글루탐산나트륨"", ""호박산이나트륨"", ""정제수"", ""당류가공품"", ""에리스리톨"", ""발효식초"", ""발효식초"", ""양파"", ""정제소금"", ""고춧가루"", ""마늘"", ""양조간장"", ""참기름"", ""변성전분"", ""효소처리스테비아"", ""글리신"", ""DL-사과산"", ""구연산""]"
2023026816599,제로콘누들 사천짜장스프,그린스퀘어(주),소스,2024-09-30,2025-12-12,zero,23,"[""양조간장"", ""정제수"", ""정제소금"", ""복합조미식품"", ""에리스리톨"", ""알룰로오스"", ""춘장"", ""식육추출가공품"", ""주정"", ""파라옥시안식향산에틸"", ""올레오레진캡시컴"", ""파프리카추출색소"", ""탄산칼륨(무수)"", ""호박산이나트륨"", ""5-리보뉴클레오티드이나트륨"", ""고춧가루"", ""향미유"", ""콩기름(대두유)"", ""과.채가공품"", ""효소처리스테비아"", ""복합조미식품"", ""변성전분"", ""L-글루탐산나트륨""]"
20230517206171,제로콘누들 소면,(주)라라에프엔비,건면,2025-05-12,2026-02-01,zero,7,"[""복합조미식품"", ""정제소금"", ""혼합제제"", ""밀가루"", ""옥수수전분"", ""분리대두단백"", ""식품첨가물""]"
2023026816598,제로콘누들 짜장스프,그린스퀘어(주),소스,2024-09-30,2025-12-12,zero,20,"[""파라옥시안식향산에틸"", ""주정"", ""탄산칼륨(무수)"", ""카라멜색소 Ⅲ"", ""호박산이나트륨"", ""5-리보뉴클레오티드이나트륨"", ""과.채가공품"", ""효소처리스테비아"", ""복합조미식품"", ""변성전분"", ""L-글루탐산나트륨"", ""정제소금"", ""콩기름(대두유)"", ""복합조미식품"", ""에리스리톨"", ""식육추출가공품"", ""춘장"", ""알룰로오스"", ""양조간장"", ""정제수""]"
197304430031690,제로콘스프레이초코,(주)삼광식품,준초콜릿,2025-01-22,2025-01-23,zero,10,"[""야자유"", ""D-말티톨"", ""콩기름(대두유)"", ""식물성크림"", ""코코아분말"", ""레시틴"", ""향료"", ""혼합제제"", ""수크랄로스"", ""아몬드분말""]"
2020037231015,제로콜,수현엔비케어,혼합제제와기구등의살균소독제,2022-04-19,2023-07-13,zero,5,"[""젖산나트륨"", ""구연산삼나트륨"", ""프로필렌글리콜"", ""에탄올"", ""정제수""]"
2018045233325,제로콜,성운디엘에스,혼합제제,2019-12-13,2019-12-24,zero,5,"[""DL-사과산"", ""정제수"", ""글리세린"", ""젖산(살균소독제)"", ""에탄올""]"
19920624042949,제로콜라 라임향,(주)상일,탄산음료,2025-04-10,2025-10-17,zero,10,"[""정제수"", ""이산화탄소"", ""혼합제제"", ""혼합제제"", ""향료"", ""구연산칼륨"", ""수크랄로스"", ""아세설팜칼륨"", ""안식향산나트륨"", ""구연산""]"
19920624042974,제로콜라 카페인프리,(주)상일,탄산음료,2026-04-30,2026-06-11,zero,10,"[""구연산칼륨"", ""구연산"", ""수크랄로스"", ""아세설팜칼륨"", ""안식향산나트륨"", ""카라멜색소비에이"", ""인산"", ""혼합제제"", ""이산화탄소"", ""정제수""]"
19960242067427,제로쿠키분태(빙과용),롯데웰푸드(주),과자,2024-01-25,2024-02-06,zero,17,"[""밀가루"", ""D-말티톨"", ""식물성유지"", ""쇼트닝"", ""코코아분말"", ""식물성크림"", ""전분가공품"", ""산도조절제"", ""정제소금"", ""산도조절제"", ""산도조절제"", ""유화제"", ""바닐린"", ""향료"", ""향료"", ""수크랄로스"", ""정제수""]"
19960242067430,제로쿠키분태(제로아이스용),롯데웰푸드(주),과자,2024-03-08,2026-07-02,zero,18,"[""정제수"", ""수크랄로스"", ""향료"", ""향료"", ""향료"", ""바닐린"", ""유화제"", ""유청단백분말"", ""산도조절제"", ""산도조절제"", ""팜유"", ""D-말티톨"", ""밀가루"", ""정제소금"", ""산도조절제"", ""전분가공품"", ""폴리글리시톨시럽"", ""코코아분말""]"
1993049301790,제로크리머M,(주)삼익유가공,식물성크림,2022-12-27,2026-07-25,zero,13,"[""정제수"", ""폴리글리시톨액"", ""가공유지"", ""덱스트린"", ""우유"", ""유함유가공품"", ""제이인산칼륨"", ""제삼인산칼슘"", ""글리세린지방산에스테르"", ""폴리인산칼륨"", ""스테아릴젖산나트륨"", ""정제소금"", ""수크랄로스""]"
200203045896,제로크린,선진바이오(주),산화칼슘,2017-08-29,2017-09-16,zero,1,"[""산화칼슘""]"
20060042813571,제로타임,플러스라이프,기타가공품,2020-08-24,2020-08-26,zero,13,"[""건조치커리"", ""생선콜라겐"", ""녹차나무잎추출물분말"", ""우엉"", ""석류농축분말"", ""마"", ""드럼스틱 씨앗"", ""블랙체리"", ""바질씨앗"", ""갈매보리수나무열매추출분말"", ""볶은카카오"", ""그린커피빈추출물(기능성원료인정제2014-31호)"", ""마테""]"
19930242053232,제로탄산드링크(수출용),롯데칠성음료(주),탄산음료,2010-01-13,2018-03-22,zero,7,"[""정제수"", ""액체탄산가스"", ""레몬향"", ""구연산삼나트륨"", ""구연산(함수)"", ""아세설팜칼륨"", ""수크랄로스""]"
20090440068516,제로톡젤리딸기맛,(주)건영제과,캔디류,2024-08-24,2024-08-28,zero,14,"[""로커스트콩검"", ""카라기난혼합제제"", ""글루코만난"", ""효소처리스테비아"", ""딸기농축액"", ""구연산삼나트륨"", ""구연산"", ""DL-사과산"", ""에리스리톨"", ""아세설팜칼륨"", ""수크랄로스"", ""정제수"", ""식용색소적색제40호"", ""딸기향""]"
20090440068504,제로톡젤리믹스,(주)건영제과,캔디류,2024-08-24,2024-08-28,zero,4,"[""캔디류"", ""캔디류"", ""캔디류"", ""캔디류""]"
20090440068502,제로톡젤리복숭아맛,(주)건영제과,캔디류,2024-07-17,2024-07-18,zero,14,"[""DL-사과산"", ""로커스트콩검"", ""과.채가공품"", ""효소처리스테비아"", ""글루코만난"", ""카라기난혼합제제"", ""구연산"", ""구연산삼나트륨"", ""복숭아향"", ""식용색소적색제40호"", ""정제수"", ""수크랄로스"", ""아세설팜칼륨"", ""에리스리톨""]"
20090440068517,제로톡젤리샤인머스켓맛,(주)건영제과,캔디류,2024-08-24,2024-08-28,zero,15,"[""혼합제제"", ""에리스리톨"", ""수크랄로스"", ""정제수"", ""식용색소황색제4호"", ""합성향료"", ""구연산삼나트륨"", ""구연산"", ""DL-사과산"", ""로커스트콩검"", ""카라기난혼합제제"", ""글루코만난"", ""효소처리스테비아"", ""과.채가공품"", ""아세설팜칼륨""]"
20090440068503,제로톡젤리애플망고맛,(주)건영제과,캔디류,2024-07-17,2024-07-18,zero,15,"[""과.채가공품"", ""효소처리스테비아"", ""글루코만난"", ""카라기난혼합제제"", ""로커스트콩검"", ""DL-사과산"", ""구연산"", ""구연산삼나트륨"", ""애플망고향"", ""식용색소황색제4호"", ""정제수"", ""수크랄로스"", ""아세설팜칼륨"", ""에리스리톨"", ""식용색소적색제40호""]"
20190442149360,제로톡톡(청포도),(주)동원홈푸드,음료베이스,2020-03-16,2020-06-20,zero,6,"[""구연산"", ""기타가공품"", ""혼합제제"", ""효소처리스테비아"", ""천연향료"", ""정제수""]"
2002046107310447,제로톡톡(청포도),(주)동원홈푸드,음료베이스,2020-03-16,2020-06-18,zero,6,"[""기타가공품"", ""구연산"", ""혼합제제"", ""효소처리스테비아"", ""정제수"", ""천연향료""]"
2002046107310448,제로톡톡(체리),(주)동원홈푸드,음료베이스,2020-03-13,2020-04-03,zero,6,"[""정제수"", ""천연향료"", ""효소처리스테비아"", ""기타가공품"", ""혼합제제"", ""구연산""]"
20190442149361,제로톡톡(체리),(주)동원홈푸드,음료베이스,2020-03-16,2020-04-03,zero,6,"[""정제수"", ""천연향료"", ""효소처리스테비아"", ""기타가공품"", ""혼합제제"", ""구연산""]"
2002046107310446,제로톡톡(피치),(주)동원홈푸드,음료베이스,2020-03-13,2020-04-03,zero,6,"[""정제수"", ""천연향료"", ""효소처리스테비아"", ""기타가공품"", ""구연산"", ""혼합제제""]"
20190442149359,제로톡톡(피치),(주)동원홈푸드,음료베이스,2020-03-16,2020-04-03,zero,6,"[""정제수"", ""천연향료"", ""효소처리스테비아"", ""기타가공품"", ""구연산"", ""혼합제제""]"
19930383522104,제로투 콩식용유,하이브 주식회사,콩기름(대두유),2023-08-29,2023-09-05,zero,2,"[""콩기름(대두유)"", ""규소수지""]"
2013001815850,제로투(ZERO 2),주식회사 금복주,소주,2022-09-13,2022-09-13,zero,9,"[""에리스리톨"", ""자일리톨"", ""스테비올배당체"", ""효소처리스테비아"", ""쌀증류식소주원액"", ""쌀증류식소주원액"", ""주정"", ""정제수"", ""토마틴""]"
2013001815856,제로투(ZERO 2) 스페셜,주식회사 금복주,소주,2023-06-23,2025-08-05,zero,8,"[""토마틴"", ""자일리톨"", ""스테비올배당체"", ""효소처리스테비아"", ""쌀증류식소주원액"", ""쌀증류식소주원액"", ""주정"", ""정제수""]"
2013001815855,"제로투(ZERO 2, 전량수출용)",주식회사 금복주,소주,2023-05-08,2023-05-08,zero,8,"[""정제수"", ""주정"", ""쌀증류식소주원액"", ""쌀증류식소주원액"", ""아스파탐"", ""자일리톨"", ""에리스리톨"", ""토마틴""]"
20190085116151,"제로투, 필 소울",주식회사 인퓨저,침출차,2020-09-22,2020-09-30,zero,5,"[""홍차"", ""건조라벤더"", ""건조오렌지"", ""로즈힙"", ""수레국화꽃잎""]"
20050193275210,제로투웨이,케이에이치캠프,기타가공품,2023-01-17,2023-01-19,zero,3,"[""검정콩분말"", ""유청단백분말"", ""농축유청""]"
20050342257894,제로티라미수,주식회사 케익드라마,빵류,2023-08-17,2026-06-18,zero,21,"[""식품첨가물"", ""혼합제제"", ""베이킹파우더"", ""식품첨가물"", ""혼합제제"", ""젤라틴"", ""혼합제제"", ""혼합제제"", ""코코아분말"", ""커피"", ""전분가공품"", ""콩기름(대두유)"", ""기타가공품"", ""혼합제제"", ""난황액"", ""치즈"", ""D-말티톨"", ""정제수"", ""살균전란액"", ""식물성크림"", ""땅콩 또는 견과류가공품""]"
20050342257926,제로티라미슈,주식회사 케익드라마,빵류,2024-02-21,2026-06-27,zero,21,"[""당류가공품"", ""치즈"", ""D-말티톨"", ""정제수"", ""말티톨시럽"", ""전란액"", ""식물성크림"", ""콩기름(대두유)"", ""땅콩 또는 견과류가공품"", ""난황액"", ""혼합제제"", ""팽창제제"", ""식품첨가물"", ""혼합제제"", ""식품첨가물"", ""혼합제제"", ""혼합제제"", ""커피"", ""코코아분말"", ""기타가공품"", ""전분""]"
20040415088169,제로티베이스,주식회사 엔푸드,음료베이스,2015-04-15,2016-07-06,zero,7,"[""옥미수엑기스"", ""말토덱스트린"", ""탄산수소나트륨"", ""글리신"", ""옥수수향"", ""안식향산나트륨"", ""정제수""]"
200704431101134,제로티워터 레몬그린,(주)삼양패키징광혜원공장,액상차,2026-05-08,2026-07-14,zero,7,"[""과.채가공품"", ""기타가공품"", ""탄산수소나트륨"", ""향료"", ""향료"", ""향료"", ""정제수""]"
200704431101168,제로티워터 샤인자스민,(주)삼양패키징광혜원공장,액상차,2026-07-13,2026-07-15,zero,10,"[""정제수"", ""향료"", ""향료"", ""향료"", ""구연산"", ""탄산수소나트륨"", ""히알루론산"", ""기타가공품"", ""과.채가공품"", ""과.채가공품""]"
200704431101133,제로티워터 피치우롱,(주)삼양패키징광혜원공장,액상차,2026-05-08,2026-07-14,zero,9,"[""과.채가공품"", ""기타가공품"", ""탄산수소나트륨"", ""구연산"", ""향료"", ""혼합제제"", ""향료"", ""향료"", ""정제수""]"
2002046107316436,제로파스타 기본소스,(주)동원홈푸드,소스,2025-11-18,2025-11-20,zero,16,"[""올레오레진 캪시컴"", ""5-리보뉴클레오티드이나트륨"", ""타마린드검"", ""간장분말"", ""양파분말"", ""복합조미식품"", ""복합조미식품"", ""마늘가루"", ""고춧가루"", ""설탕"", ""사골엑기스분말"", ""L-글루탐산나트륨"", ""정제소금"", ""정제수"", ""후추가루"", ""소스""]"
20190085116154,"제로파이브, 비 다이내믹",주식회사 인퓨저,침출차,2020-09-22,2020-10-06,zero,5,"[""식품첨가물혼합제제"", ""스테비아잎"", ""사과다이스"", ""마테"", ""건조녹차""]"
20170441083534,제로팔보채소스,주식회사 레인보우에프에스,소스,2026-04-13,2026-04-15,zero,3,"[""소스"", ""기타 수산물가공품"", ""천연향신료""]"
19920624042985,제로팝,(주)상일,탄산음료,2026-06-23,2026-06-27,zero,12,"[""정제수"", ""이산화탄소"", ""에리스리톨"", ""구연산"", ""향료"", ""발효식초"", ""향료"", ""향료"", ""구연산삼나트륨"", ""DL-사과산"", ""아세설팜칼륨"", ""수크랄로스""]"
20220199858215,제로팩토리 말차치즈케익큐브,(주)한설당,빵류,2025-08-21,2025-08-23,zero,8,"[""기타전분"", ""당류가공품"", ""쌀가루"", ""계란"", ""당류가공품"", ""농후발효유"", ""자연치즈"", ""녹차가루""]"
20220199858216,제로팩토리 브라우니큐브,(주)한설당,빵류,2025-08-21,2026-06-10,zero,12,"[""우유"", ""야자유"", ""계란"", ""당류가공품"", ""쌀가루"", ""대두레시틴분말(고시형)"", ""코코아버터"", ""코코아매스"", ""정제소금"", ""베이킹파우더"", ""코코아분말"", ""당류가공품""]"
2023051656893,제로팩토리 저당 딸기잼,주식회사 마노아컴퍼니(Manoah company),잼,2025-10-02,2026-02-01,zero,6,"[""효소처리스테비아"", ""아미드펙틴"", ""레몬주스"", ""에리스리톨"", ""알룰로오스"", ""딸기""]"
2026071860440,제로팩토리 저당 딸기잼,농업법인 주식회사 마노아,잼,2026-08-05,2026-08-06,zero,6,"[""효소처리스테비아"", ""아미드펙틴"", ""에리스리톨"", ""과채주스"", ""알룰로오스"", ""딸기""]"
2014020910274,제로팩토리 제로 요거트파우더,신우식품 주식회사,기타가공품,2025-03-24,2026-07-01,zero,11,"[""향료"", ""구아검"", ""유단백분말"", ""구연산(무수)"", ""당류가공품"", ""덱스트린"", ""에리스리톨"", ""향료"", ""파인애플과즙분말"", ""수크랄로스"", ""이산화규소""]"
20220199858214,제로팩토리 치즈케익큐브,(주)한설당,빵류,2025-08-21,2025-08-23,zero,7,"[""기타전분"", ""당류가공품"", ""쌀가루"", ""계란"", ""당류가공품"", ""농후발효유"", ""자연치즈""]"
201904421491541,제로팻 라임유자 드레싱,(주)동원홈푸드,소스,2023-07-20,2024-11-16,zero,17,"[""발효식초"", ""정제수"", ""기타과당"", ""라임농축액"", ""당절임"", ""레몬주스"", ""설탕"", ""라임주스"", ""과.채가공품"", ""정제소금"", ""변성전분"", ""조제겨자"", ""타마린드검"", ""잔탄검"", ""천연향료"", ""복합조미식품"", ""복합조미식품""]"
2002046107313564,제로팻 라임유자 드레싱,(주)동원홈푸드,소스,2023-03-02,2024-11-14,zero,17,"[""복합조미식품"", ""복합조미식품"", ""천연향료"", ""잔탄검"", ""타마린드검"", ""당절임"", ""레몬주스"", ""라임주스"", ""설탕"", ""발효식초"", ""정제수"", ""기타과당"", ""조제겨자"", ""변성전분"", ""라임농축액"", ""과.채가공품"", ""정제소금""]"
20190424102214,제로팻 알파CD,광동헬스바이오(주) 2공장,기타가공품,2025-05-07,2025-05-09,zero,10,"[""효소처리스테비아"", ""구연산"", ""파인애플향분말"", ""α-시클로덱스트린"", ""난소화성말토덱스트린(고시형)"", ""자일리톨"", ""DL-사과산"", ""파인애플맛분말"", ""이산화규소"", ""파인애플농축""]"
20190085116153,"제로포, 필 리프레시",주식회사 인퓨저,침출차,2020-09-22,2020-09-30,zero,7,"[""서양박하잎"", ""허니부쉬잎"", ""건조레몬그라스"", ""레몬밤잎"", ""건조오렌지껍질"", ""레몬머틀잎"", ""식품첨가물혼합제제""]"
20090440068474,제로푸냥이 푸딩젤리 라임콜라맛,(주)건영제과,캔디류,2025-04-25,2025-04-26,zero,14,"[""아세설팜칼륨"", ""식용색소황색제4호"", ""시트러스향"", ""식용색소적색제40호"", ""혼합제제"", ""합성향료"", ""정제수"", ""수크랄로스"", ""구연산삼나트륨"", ""DL-사과산"", ""구연산"", ""잔탄검"", ""로커스트콩검"", ""에리스리톨""]"
20190462522717,제로풍 ZERO-PUNG,주식회사 상상바이오,음료베이스,2024-05-03,2024-05-08,zero,12,"[""가공유지"", ""밀크씨슬추출물분말"", ""기타가공품"", ""프로바이오틱스(고시형)"", ""기타가공품"", ""엽산"", ""기타가공품"", ""과.채가공품"", ""기타가공품"", ""비타민C"", ""프락토올리고당"", ""기타 농산가공품""]"
202104563912,제로프레쉬 살균소독제,주식회사지상,구연산제제,2021-05-24,2021-05-29,zero,7,"[""무수구연산"", ""탄산칼륨(무수)"", ""ε-폴리리신"", ""프로필렌글리콜"", ""차카테킨"", ""히드록시프로필메틸셀룰로스"", ""정제수""]"
20190498210375,제로플러스,(주)한풍네이처팜,기타가공품,2025-07-15,2025-07-26,zero,8,"[""산화마그네슘"", ""프로바이오틱스(고시형)"", ""β-시클로덱스트린"", ""이눌린/치커리추출물(고시형)"", ""히드록시프로필메틸셀룰로스"", ""이산화규소"", ""난소화성말토덱스트린(고시형)"", ""α-시클로덱스트린""]"
20170474063108,제로픽,대원헬스케어주식회사2공장,캔디류,2022-08-04,2024-08-13,zero,12,"[""녹차추출물"", ""레몬밤분말"", ""녹차추출물"", ""히드록시프로필메틸셀룰로스"", ""스테아린산마그네슘"", ""산화마그네슘"", ""이산화규소"", ""결정셀룰로스"", ""염화칼륨"", ""파파인"", ""파인애플추출분말"", ""포도당""]"
20170474063202,제로픽 플러스,대원헬스케어주식회사2공장,캔디류,2023-09-07,2023-11-15,zero,16,"[""포도당"", ""결정셀룰로스"", ""파파인"", ""염화칼륨"", ""키위과즙"", ""보검선인장열매"", ""스테아린산마그네슘"", ""히드록시프로필메틸셀룰로스"", ""녹차추출물"", ""레몬밤추출물"", ""녹차추출물"", ""옥수수수염추출분말"", ""볶음팥분말"", ""볶은율무분말"", ""비트루트분말"", ""파인애플추출분말""]"
20010445002940,제로핏 알파 CD 알파시클로덱스트린 제로 파우더,엠에스바이오텍(주),기타가공품,2025-04-17,2025-09-16,zero,9,"[""파인애플농축"", ""구연산(무수)"", ""스테아린산마그네슘"", ""이산화규소"", ""효소처리스테비아"", ""DL-사과산"", ""α-시클로덱스트린"", ""난소화성말토덱스트린(고시형)"", ""파인애플향""]"
20020380880614,제로핏 파라다이스 그레인 버닝 맥스 프로젝트,(주)팜크로스,과.채가공품,2026-05-21,2026-05-23,zero,8,"[""마늘추출물분말"", ""과.채가공품"", ""결정셀룰로스"", ""파인애플과즙분말"", ""옥수수수염추출분말"", ""이산화규소"", ""스테아린산마그네슘"", ""서양자두과즙분말""]"
20200478173153,제로핏알파CD정알파시클로덱스트린울트라맥스,주식회사 아마존허브,당류가공품,2025-09-11,2025-09-16,zero,7,"[""이산화규소"", ""스테아린산마그네슘"", ""유산균혼합분말"", ""락토페린농축물"", ""난소화성말토덱스트린(고시형)"", ""결정셀룰로스"", ""α-시클로덱스트린""]"
20070443110723,제로핏워터,(주)삼양패키징광혜원공장,혼합음료,2023-05-09,2023-06-01,zero,15,"[""음료베이스"", ""당류가공품"", ""차카테킨"", ""기타가공품"", ""아세설팜칼륨"", ""수크랄로스"", ""구연산"", ""DL-사과산"", ""구연산삼나트륨"", ""비타민C"", ""향료"", ""향료"", ""향료"", ""정제수"", ""식물혼합추출액""]"
19900372087742,제로핏파우더 알파CD 알파시클로덱스트린,(주)화인내츄럴,기타가공품,2025-06-06,2025-06-08,zero,15,"[""치커리식이섬유"", ""DL-사과산"", ""이산화규소"", ""효소처리스테비아"", ""바나바잎 추출물(고시형)"", ""기타가공품"", ""기타가공품"", ""레몬밤잎추출분말"", ""수크랄로스"", ""구연산(무수)"", ""파인애플향분말"", ""난소화성말토덱스트린(고시형)"", ""덱스트린"", ""α-시클로덱스트린"", ""파인애플맛분말""]"
20050555180766,제로해소,농업회사법인(주)동서웰빙,과.채음료,2022-10-05,2022-10-08,zero,10,"[""정제수"", ""배농축액"", ""식물혼합농축액"", ""히알루론산"", ""밀크씨슬분말"", ""비타민C"", ""타우린"", ""생선콜라겐"", ""헛개나무열매농축액"", ""사양벌꿀""]"
20130174451123,제로핵 고단백 무당 그래놀라 곡물맛,(주)아우노,과자,2026-04-17,2026-04-21,zero,14,"[""곡류가공품"", ""분리대두단백분말"", ""난소화성말토덱스트린분말(고시형)"", ""당류가공품"", ""코코넛슬라이스"", ""에리스리톨"", ""현미"", ""두류가공품"", ""곡류가공품"", ""검정깨분말"", ""효소처리스테비아"", ""비타민C"", ""천일염"", ""혼합제제""]"
20130174451122,제로핵 고단백 무당 그래놀라 초코맛,(주)아우노,과자,2026-04-17,2026-04-21,zero,12,"[""향료"", ""천일염"", ""비타민C"", ""효소처리스테비아"", ""분리대두단백분말"", ""난소화성말토덱스트린분말(고시형)"", ""코코아분말"", ""당류가공품"", ""코코넛슬라이스"", ""에리스리톨"", ""현미"", ""두류가공품""]"
20190164335427,제로핵 고단백 저당 베이글,뉴트리디언,빵류,2026-07-10,2026-08-13,zero,6,"[""가공소금"", ""효모"", ""당류가공품"", ""분리대두단백"", ""강력분"", ""정제수""]"
20100515088375,제로효소,엔피케이(주),효소식품,2022-03-21,2026-07-01,zero,14,"[""서류가공품"", ""난소화성말토덱스트린(고시형)"", ""쌀단백분말"", ""알파현미분말"", ""효소식품"", ""치커리뿌리추출물분말"", ""백태분말"", ""귀리식이섬유"", ""여주추출분말"", ""유산균혼합분말"", ""차전자피식이섬유(고시형)"", ""양배추분말"", ""효소처리스테비아"", ""대나무잎추출물""]"
20080042160964,제이제로,주식회사 바이오피던스,과.채가공품,2024-01-12,2024-01-13,zero,11,"[""과.채가공품"", ""비타민혼합제제"", ""프락토올리고당"", ""결정셀룰로스"", ""스테아린산마그네슘"", ""이산화규소"", ""사과추출물분말"", ""락토페린농축물"", ""귀리식이섬유"", ""치커리뿌리추출물분말"", ""덱스트린""]"
2022023343232,제주 제로 하이볼베이스,주식회사 레비테이트,음료베이스,2024-10-16,2024-10-26,zero,17,"[""정제수"", ""침출차"", ""파인애플주스"", ""천연파인애플향"", ""천연페퍼민트오일향"", ""합성향료"", ""천연오렌지향"", ""치자청색소"", ""기타과당"", ""바나바잎추출물"", ""L-아르지닌"", ""타우린"", ""수크랄로스"", ""STEVIOSIDE 스테비오사이드"", ""DL-사과산"", ""구연산"", ""안식향산나트륨""]"
20050555180817,제주천혜향에이드 제로슈거,농업회사법인(주)동서웰빙,혼합음료,2026-01-22,2026-05-09,zero,15,"[""정제수"", ""천혜향"", ""에리스리톨"", ""구연산"", ""DL-사과산"", ""향료"", ""향료"", ""펙틴"", ""혼합제제"", ""구연산삼나트륨"", ""수크랄로스"", ""스테비올배당체"", ""메타인산나트륨"", ""식용색소황색제4호"", ""식용색소황색제5호""]"
2024054349831,젤리블리 납작복숭아 제로,(주)엠디에스코리아 4공장,캔디류,2025-04-11,2026-06-25,zero,15,"[""향료"", ""식품첨가물혼합제제"", ""산도조절제"", ""과.채가공품"", ""과.채가공품"", ""전지분유"", ""산도조절제"", ""향료"", ""식품첨가물혼합제제"", ""잔탄검"", ""에리스리톨"", ""정제수"", ""수크랄로스"", ""효소처리스테비아"", ""식품첨가물혼합제제""]"
2024054349864,젤리블리 납작복숭아 제로슈가,(주)엠디에스코리아 4공장,캔디류,2026-06-23,2026-06-24,zero,16,"[""정제수"", ""에리스리톨"", ""식품첨가물혼합제제"", ""향료"", ""향료"", ""산도조절제"", ""과.채가공품"", ""전지분유"", ""비타민C"", ""식품첨가물혼합제제"", ""효소처리스테비아"", ""수크랄로스"", ""식품첨가물혼합제제"", ""잔탄검"", ""산도조절제"", ""과.채가공품""]"
2024054349833,젤리블리 샤인머스켓 제로슈가,(주)엠디에스코리아 4공장,캔디류,2025-03-25,2025-04-11,zero,16,"[""잔탄검"", ""과.채가공품"", ""향료"", ""향료"", ""산도조절제"", ""향료"", ""식품첨가물혼합제제"", ""에리스리톨"", ""정제수"", ""식품첨가물혼합제제"", ""산도조절제"", ""효소처리스테비아"", ""수크랄로스"", ""식품첨가물혼합제제"", ""산도조절제"", ""치자황색소""]"
2024054349832,젤리블리 애플망고 제로,(주)엠디에스코리아 4공장,캔디류,2025-04-11,2026-08-20,zero,15,"[""정제수"", ""에리스리톨"", ""식품첨가물혼합제제"", ""향료"", ""전지분유"", ""산도조절제"", ""과.채가공품"", ""산도조절제"", ""음료베이스"", ""잔탄검"", ""식품첨가물혼합제제"", ""식품첨가물혼합제제"", ""수크랄로스"", ""효소처리스테비아"", ""식품첨가물혼합제제""]"
2024054349834,젤리블리 애플망고 제로슈가,(주)엠디에스코리아 4공장,캔디류,2025-03-25,2026-06-25,zero,16,"[""산도조절제"", ""수크랄로스"", ""식품첨가물혼합제제"", ""식품첨가물혼합제제"", ""잔탄검"", ""음료베이스"", ""산도조절제"", ""과.채가공품"", ""산도조절제"", ""전지분유"", ""향료"", ""식품첨가물혼합제제"", ""효소처리스테비아"", ""정제수"", ""에리스리톨"", ""식품첨가물혼합제제""]"
2024054349829,젤리블리 애플샤인 제로,(주)엠디에스코리아 4공장,캔디류,2025-04-11,2026-06-25,zero,15,"[""효소처리스테비아"", ""정제수"", ""에리스리톨"", ""식품첨가물혼합제제"", ""향료"", ""구연산"", ""향료"", ""향료"", ""과.채가공품"", ""과.채가공품"", ""구연산삼나트륨"", ""잔탄검"", ""식품첨가물혼합제제"", ""식품첨가물혼합제제"", ""수크랄로스""]"
2024054349816,젤리블리 오렌지망고 제로,(주)엠디에스코리아 4공장,캔디류,2024-10-02,2026-06-25,zero,17,"[""식품첨가물혼합제제"", ""식품첨가물혼합제제"", ""잔탄검"", ""과.채가공품"", ""구연산삼나트륨"", ""향료"", ""과.채가공품"", ""향료"", ""전지분유"", ""향료"", ""구연산"", ""식품첨가물혼합제제"", ""에리스리톨"", ""정제수"", ""치자황색소"", ""효소처리스테비아"", ""수크랄로스""]"
2024054349822,젤리블리 제로 피치플럼,(주)엠디에스코리아 4공장,캔디류,2024-10-18,2025-12-12,zero,14,"[""식품첨가물혼합제제"", ""잔탄검"", ""구연산삼나트륨"", ""향료"", ""구연산"", ""향료"", ""과.채가공품"", ""과.채가공품"", ""식품첨가물혼합제제"", ""에리스리톨"", ""정제수"", ""식품첨가물혼합제제"", ""효소처리스테비아"", ""수크랄로스""]"
2017055519235,젬무브생생제로티스틱,크라운식품,액상차,2023-11-30,2023-12-15,zero,6,"[""마테추출물"", ""둥굴레추출액"", ""율무추출물"", ""비타민C"", ""효소처리스테비아"", ""식물혼합추출액""]"
20110449023246,조미제로 유부,주)신미씨앤에프(차암),가공두부,2022-07-26,2022-07-28,zero,14,"[""아세설팜칼륨"", ""수크랄로스"", ""혼합제제"", ""화학적합성품"", ""L-글루탐산나트륨"", ""구연산"", ""염화칼슘"", ""황산칼슘"", ""콩기름(대두유)"", ""소스"", ""기타과당"", ""대두"", ""혼합간장"", ""정제수""]"
2022078026682,조이밍글 레몬에이드 제로슈가,(주)에이트리에프앤비,혼합음료,2025-06-13,2026-06-20,zero,10,"[""시트러스향"", ""혼합제제"", ""비타민C"", ""레몬향"", ""아세설팜칼륨"", ""수크랄로스"", ""에리스리톨"", ""구연산"", ""레몬농축액"", ""정제수""]"
2022078026683,조이밍글 자몽블랙티 제로슈가,(주)에이트리에프앤비,혼합음료,2025-06-13,2026-06-20,zero,12,"[""자몽농축액"", ""홍차추출분말"", ""구연산"", ""에리스리톨"", ""구연산삼나트륨"", ""수크랄로스"", ""아세설팜칼륨"", ""메타인산나트륨"", ""자몽향"", ""홍차향"", ""식용색소적색제40호"", ""정제수""]"
19930294014561,졸음번쩍껌 제로제로,(주)대웅,추잉껌,2026-02-10,2026-02-12,zero,23,"[""아라비아검"", ""혼합제제"", ""혼합제제"", ""혼합제제"", ""D-소비톨"", ""D-말티톨"", ""자일리톨"", ""자일리톨(기능성원료인정제2004-2호)"", ""향료"", ""타우린"", ""혼합제제"", ""혼합제제"", ""향료"", ""혼합제제"", ""향료"", ""향료"", ""정제수"", ""아세설팜칼륨"", ""카나우바왁스"", ""비타민B6염산염"", ""자당지방산에스테르"", ""혼합제제"", ""혼합제제""]"
1973033200855,쥬시쿨 제로 자두,(주)빙그레,유산균음료,2024-12-02,2024-12-03,zero,14,"[""유산균"", ""심황색소"", ""파프리카추출색소"", ""아세설팜칼륨"", ""수크랄로스"", ""기타과당"", ""합성향료"", ""자두농축액"", ""구연산삼나트륨"", ""혼합분유"", ""구연산(결정)"", ""카복시메틸셀룰로스나트륨"", ""알룰로오스"", ""정제수""]"
20070443110793,쥬시쿨 제로 청사과,(주)삼양패키징광혜원공장,유산균음료,2024-02-02,2024-04-18,zero,12,"[""아세설팜칼륨"", ""글루콘산아연"", ""기타가공품"", ""수크랄로스"", ""과.채가공품"", ""구연산삼나트륨"", ""정제수"", ""난소화성말토덱스트린(고시형)"", ""구연산"", ""향료"", ""소스"", ""카복시메틸셀룰로스나트륨""]"
1973033200899,쥬시쿨 제로 파인애플,(주)빙그레,유산균음료,2024-12-02,2024-12-03,zero,15,"[""정제수"", ""카복시메틸셀룰로스나트륨"", ""알룰로오스"", ""유산균"", ""홍화황색소"", ""아세설팜칼륨"", ""합성향료"", ""합성향료"", ""수크랄로스"", ""합성향료"", ""기타과당"", ""파인애플농축액"", ""구연산삼나트륨"", ""혼합분유"", ""구연산(결정)""]"
2016011579416,지금은커피 헤이즐넛 제로슈가 원액  750,(주)쿱,커피,2022-08-02,2022-08-04,zero,6,"[""커피추출액"", ""L-아르지닌"", ""효소처리스테비아"", ""헤이즐넛향"", ""타우린"", ""L-글루타민""]"
2016011579417,지금은커피 헤이즐넛 제로슈가 원액 1000,(주)쿱,커피,2022-08-02,2022-08-04,zero,6,"[""효소처리스테비아"", ""헤이즐넛향"", ""타우린"", ""L-글루타민"", ""L-아르지닌"", ""커피추출액""]"
2016011579415,지금은커피 헤이즐넛 제로슈가 캔,(주)쿱,커피,2022-08-02,2022-08-04,zero,7,"[""효소처리스테비아"", ""헤이즐넛향"", ""타우린"", ""L-글루타민"", ""L-아르지닌"", ""정제수"", ""커피추출액""]"
2016011579430,지금은커피 헤이즐넛 제로슈가 페트,(주)쿱,커피,2023-06-30,2023-07-07,zero,7,"[""커피추출액"", ""효소처리스테비아"", ""헤이즐넛향"", ""타우린"", ""L-글루타민"", ""L-아르지닌"", ""정제수""]"
19910490040231,지에프에프지 디카페인 제로 복숭아 아이스티,세미기업(주),액상차,2025-08-12,2026-07-03,zero,19,"[""정제수"", ""혼합제제"", ""혼합제제"", ""향료"", ""향료"", ""향료"", ""향료"", ""혼합제제"", ""카라멜색소 Ⅳ"", ""과.채가공품"", ""고형차"", ""식품첨가물"", ""식품첨가물"", ""식품첨가물"", ""당류가공품"", ""식품첨가물"", ""식품첨가물"", ""식품첨가물"", ""식품첨가물""]"
20240672413161,지에프에프지 제로 핑크 자몽베이스,주식회사 서울팩토리,음료베이스,2026-04-09,2026-04-11,zero,15,"[""식용색소적색제40호"", ""아세설팜칼륨"", ""수크랄로스"", ""안식향산나트륨"", ""알룰로오스"", ""자몽과즙"", ""자몽과육"", ""혼합제제"", ""구연산(결정)"", ""DL-사과산"", ""정제수"", ""자몽향"", ""자몽향"", ""잔탄검"", ""나린진""]"
202406830578,지오텐 제로,케이바이오젠주식회사,기타가공품,2024-08-26,2025-09-06,zero,21,"[""엽산"", ""정제수"", ""덱스트린"", ""l-멘톨"", ""비타민B2"", ""L-아르지닌"", ""구연산(무수)"", ""DL-사과산"", ""레몬착즙액"", ""레몬농축액"", ""다미아나잎추출분말"", ""비수리추출분말"", ""염화마그네슘"", ""마카농축액분말"", ""누에고치단백가수분해물분말"", ""천연향료"", ""사카린나트륨"", ""산화아연"", ""니코틴산아미드"", ""비타민B6염산염"", ""비타민B1염산염""]"
20070443110791,진로토닉워터 제로,(주)삼양패키징광혜원공장,탄산음료,2024-02-15,2026-02-05,zero,14,"[""정제수"", ""설탕"", ""구연산(무수)"", ""구연산삼나트륨"", ""당류가공품"", ""향료"", ""향료"", ""향료"", ""혼합제제"", ""이산화탄소"", ""사카린나트륨"", ""수크랄로스"", ""아세설팜칼륨"", ""효소처리스테비아""]"
19920562023465,진로토닉워터 제로,대경사과원예농협음료가공공장,탄산음료,2022-08-11,2025-01-07,zero,14,"[""정제수"", ""이산화탄소"", ""향료"", ""향료"", ""향료"", ""식품첨가물혼합제제"", ""구연산삼나트륨"", ""구연산"", ""백설탕"", ""사카린나트륨"", ""효소처리스테비아"", ""수크랄로스"", ""아세설팜칼륨"", ""알룰로오스""]"
20190575042192,진로토닉워터 제로,튤립인터내셔널(주),탄산음료,2023-03-24,2024-04-19,zero,14,"[""백설탕"", ""사카린나트륨"", ""효소처리스테비아"", ""식품첨가물혼합제제"", ""향료"", ""이산화탄소"", ""정제수"", ""구연산삼나트륨"", ""구연산(무수)"", ""수크랄로스"", ""알룰로오스"", ""향료"", ""향료"", ""아세설팜칼륨""]"
201005430661142,진로토닉워터 제로,오케이에프음료 주식회사,탄산음료,2023-04-11,2023-04-13,zero,17,"[""폴리글리세린지방산에스테르"", ""글리세린"", ""효소처리루틴"", ""이산화탄소"", ""d-토코페롤(혼합형)"", ""알룰로오스"", ""정제수"", ""구연산"", ""향료"", ""향료"", ""향료"", ""수크랄로스"", ""아세설팜칼륨"", ""효소처리스테비아"", ""구연산삼나트륨"", ""사카린나트륨"", ""설탕""]"
19920624042862,진로토닉워터 제로,(주)상일,탄산음료,2021-05-10,2024-12-13,zero,14,"[""정제수"", ""당류가공품"", ""백설탕"", ""이산화탄소"", ""구연산(무수)"", ""향료"", ""구연산삼나트륨"", ""향료"", ""아세설팜칼륨"", ""향료"", ""혼합제제"", ""효소처리스테비아"", ""수크랄로스"", ""사카린나트륨""]"
19800415004521,진저에일 제로,(주)일화초정공장,탄산음료,2026-04-13,2026-04-15,zero,11,"[""알룰로오스"", ""수크랄로스"", ""아세설팜칼륨"", ""구연산"", ""구연산삼나트륨"", ""카라멜색소 Ⅳ"", ""천연향료"", ""향료"", ""향료"", ""이산화탄소"", ""정제수""]"
20030473071405,진저에일 제로,건강한사람들 주식회사 2사업장,탄산음료,2021-09-03,2021-09-07,zero,14,"[""정제수"", ""이산화탄소"", ""생강농축액"", ""레몬농축액"", ""과채가공품"", ""맥아추출물분말"", ""구연산"", ""DL-사과산"", ""구연산삼나트륨"", ""수크랄로스"", ""아세설팜칼륨"", ""아스파탐"", ""식품첨가물혼합제제"", ""천연향료""]"
2020036304015,진저원 달콤한 생강진액 제로슈거,아이원티,액상차,2022-06-24,2022-07-02,zero,2,"[""수크랄로스"", ""생강추출액""]"
202002442847,진저제로생강청,열두달,액상차,2024-05-07,2026-02-21,zero,2,"[""알룰로오스"", ""생강""]"
2009033237445,참치듬뿍 제로쌈장,농업회사법인(주)이삭뜰,기타장류,2023-11-24,2023-11-25,zero,10,"[""건마늘분말"", ""건조표고버섯분말"", ""자몽종자추출물"", ""가다랑어"", ""된장"", ""알룰로오스"", ""콩가루"", ""고춧가루"", ""주정"", ""파분말""]"
2022023343236,천관 제로 액상 시럽,주식회사 레비테이트,음료베이스,2024-10-25,2024-10-26,zero,16,"[""정제수"", ""기타과당"", ""천연향료"", ""천연향료"", ""치자황색소혼합제제"", ""침출차"", ""침출차"", ""과채주스"", ""수크랄로스"", ""STEVIOSIDE 스테비오사이드"", ""DL-사과산"", ""구연산"", ""안식향산나트륨"", ""L-아르지닌"", ""바나바잎추출물"", ""타우린""]"
20080360126175,천마차 제로,주식회사 송원식품,고형차,2024-07-24,2025-09-23,zero,12,"[""이산화규소"", ""정제소금"", ""시리얼류"", ""식물성크림"", ""에리스리톨"", ""알파옥수수분말"", ""알파옥수수전분"", ""알파미분"", ""시리얼류"", ""식물성크림"", ""수크랄로스"", ""효소처리스테비아""]"
201005430661600,천연(泉淵)사이다 제로,오케이에프음료 주식회사,탄산음료,2025-10-03,2025-10-14,zero,9,"[""구연산"", ""알룰로오스"", ""이산화탄소"", ""정제수"", ""수크랄로스"", ""아세설팜칼륨"", ""향료"", ""향료"", ""향료""]"
19800415004430,천연(泉淵)사이다 제로,(주)일화초정공장,탄산음료,2022-04-07,2023-04-29,zero,9,"[""정제수"", ""이산화탄소"", ""혼합제제"", ""혼합제제"", ""혼합제제"", ""아세설팜칼륨"", ""수크랄로스"", ""구연산"", ""알룰로오스""]"
19800415004532,천연(泉淵)사이다 제로 망고,(주)일화초정공장,탄산음료,2026-08-18,2026-08-20,zero,11,"[""향료"", ""향료"", ""향료"", ""아세설팜칼륨"", ""수크랄로스"", ""구연산"", ""알룰로오스"", ""향료"", ""천연향료"", ""정제수"", ""이산화탄소""]"
20230281157113,청가온 당 0% 제로 알룰로스 생강청,티디바인,액상차,2026-07-20,2026-07-22,zero,6,"[""생강추출액"", ""알룰로오스"", ""효소처리스테비아"", ""난소화성말토덱스트린(고시형)"", ""생강농축액"", ""아미드펙틴""]"
20170333328507,청귤콜라 제로,자연농장,혼합음료,2025-10-22,2025-11-28,zero,22,"[""후추가루"", ""향료"", ""효소처리스테비아"", ""향료"", ""생강착즙액"", ""계피추출액"", ""발효식초"", ""타임분말"", ""정향나무분말"", ""향료"", ""구연산(무수)"", ""아세설팜칼륨"", ""향료"", ""구연산삼나트륨"", ""수크랄로스"", ""인산"", ""카라멜색소 Ⅳ"", ""귤착즙액"", ""정제수"", ""육두구분말"", ""회향분말"", ""소두구분말""]"
20030473071437,청귤톡 제로톡,건강한사람들 주식회사 2사업장,탄산음료,2022-11-11,2023-01-17,zero,10,"[""정제수"", ""이산화탄소"", ""천연향료"", ""천연향료"", ""아세설팜칼륨"", ""수크랄로스"", ""구연산삼나트륨"", ""구연산"", ""에리스리톨"", ""귤착즙액""]"
202105744379,청소제로,태광약품,과산화초산제제,2023-11-01,2025-01-11,zero,11,"[""N"", ""N-디메틸-1-옥탄아민"", ""에틸렌디아민테트라아세트산"", ""이나트륨"", ""수산화나트륨"", ""합성착향료(라벤더향)"", ""인산"", ""구연산(무수)"", ""정제수"", ""과산화초산(살균소독제)"", ""α-알킬(C12-C15)-ω-하이드록시폴리(옥시에틸렌)황산나트륨(폴리옥시에틸렌이 평균 1몰)""]"
2022023343231,청태전 보림 제로 베이스,주식회사 레비테이트,음료베이스,2024-07-22,2024-07-27,zero,14,"[""블루베리원액"", ""침출차"", ""침출차"", ""적양배추색소"", ""합성향료"", ""천연향료"", ""천연블루베리향"", ""당류가공품"", ""정제수"", ""안식향산나트륨"", ""구연산"", ""DL-사과산"", ""STEVIOSIDE 스테비오사이드"", ""수크랄로스""]"
20060372438615,청포도 아이스티 제로,(주)꽃샘식품,액상차,2023-04-25,2023-05-03,zero,13,"[""정제수"", ""에리스리톨"", ""과.채가공품"", ""구연산"", ""고형차"", ""향료"", ""구연산삼나트륨"", ""향료"", ""향료"", ""비타민C"", ""수크랄로스"", ""기타가공품"", ""효소처리스테비아""]"
201005430661087,청포도 아이스티 제로,오케이에프음료 주식회사,혼합음료,2022-11-02,2023-05-31,zero,12,"[""향료"", ""구연산삼나트륨"", ""비타민C"", ""수크랄로스"", ""스테비올배당체"", ""정제수"", ""에리스리톨"", ""홍차추출분말"", ""백포도농축액"", ""구연산"", ""향료"", ""향료""]"
20090473152594,청포도에이드제로,(주)신성티엔에프,혼합음료,2023-01-17,2023-01-26,zero,14,"[""향료"", ""향료"", ""구연산"", ""에리스리톨"", ""정제수"", ""백포도농축액"", ""혼합제제"", ""정제소금"", ""수크랄로스"", ""아세설팜칼륨"", ""구연산삼나트륨"", ""식용색소청색제1호"", ""식용색소황색제4호"", ""메타인산나트륨""]"
198904450141044,청포도에이드제로,태웅식품(주),혼합음료,2023-06-14,2023-07-12,zero,11,"[""백포도농축액"", ""에리스리톨"", ""수크랄로스"", ""효소처리스테비아"", ""구연산"", ""구연산삼나트륨"", ""식용색소황색제4호"", ""식용색소청색제1호"", ""시트러스향 분말"", ""청포도향"", ""정제수""]"
19960458039718,초록매실 스파클링 제로,웅진식품(주),탄산음료,2024-07-15,2025-04-01,zero,15,"[""기타가공품"", ""정제수"", ""에리스리톨"", ""이산화탄소"", ""매실농축액"", ""구연산"", ""향료"", ""향료"", ""향료"", ""카라멜색소 Ⅲ"", ""구연산삼나트륨"", ""아세설팜칼륨"", ""비타민C"", ""수크랄로스"", ""스테비올배당체""]"
19800415004436,초정토닉워터 제로,(주)일화초정공장,탄산음료,2022-06-23,2024-01-03,zero,11,"[""혼합제제"", ""혼합제제"", ""L-아스파라진"", ""구연산삼나트륨"", ""아세설팜칼륨"", ""수크랄로스"", ""구연산"", ""혼합제제"", ""혼합제제"", ""이산화탄소"", ""정제수""]"
19800415004452,초정토닉워터 제로 홍매실·시소,(주)일화초정공장,탄산음료,2023-03-25,2023-03-27,zero,12,"[""구연산"", ""수크랄로스"", ""아세설팜칼륨"", ""구연산삼나트륨"", ""식용색소적색제40호"", ""카라멜색소 Ⅳ"", ""천연향료"", ""천연향료"", ""향료"", ""향료"", ""이산화탄소"", ""정제수""]"
2024050509110,초코헬스 제로넛츠,립사이팅,초콜릿가공품,2025-10-02,2025-10-03,zero,3,"[""초콜릿가공품"", ""초콜릿가공품"", ""초콜릿가공품""]"
19880311001907,초코헬스 제로넛츠,롯데웰푸드(주)안산공장,초콜릿가공품,2023-09-20,2023-09-21,zero,3,"[""초콜릿가공품"", ""초콜릿가공품"", ""초콜릿가공품""]"
20170439048465,초코헬스 제로넛츠,(주)지웰,초콜릿가공품,2024-01-04,2024-01-06,zero,3,"[""초콜릿가공품"", ""초콜릿가공품"", ""초콜릿가공품""]"
2019011414474,최겸의 제로모닝빵,제로베이커리,빵류,2023-12-01,2026-04-07,zero,14,"[""과.채가공품"", ""전분"", ""정제수"", ""난황"", ""박력쌀가루"", ""코코넛분말"", ""귀리식이섬유"", ""현미가루"", ""효모"", ""잔탄검"", ""건조효모"", ""올리브유"", ""오징어먹물"", ""기타소금""]"
201903984497,최선별식 제로,(주)더밸류바이오텍,기타가공품,2023-11-03,2023-11-15,zero,13,"[""두류가공품"", ""즉석섭취식품"", ""두류가공품"", ""난소화성말토덱스트린(고시형)"", ""혼합제제"", ""바나바잎(고시형)"", ""식품첨가물혼합제제"", ""기타 농산가공품"", ""곡류가공품"", ""식품첨가물"", ""식품첨가물"", ""알룰로오스"", ""식품첨가물""]"
19800415004469,춘식이 사이다 제로,(주)일화초정공장,탄산음료,2023-07-04,2023-07-05,zero,9,"[""알룰로오스"", ""아세설팜칼륨"", ""수크랄로스"", ""구연산"", ""향료"", ""향료"", ""향료"", ""이산화탄소"", ""정제수""]"
201005430661149,춘식이 사이다 제로,오케이에프음료 주식회사,탄산음료,2023-06-20,2023-06-27,zero,9,"[""정제수"", ""이산화탄소"", ""알룰로오스"", ""구연산"", ""향료"", ""향료"", ""향료"", ""수크랄로스"", ""아세설팜칼륨""]"
19800415004468,춘식이 콜라 제로,(주)일화초정공장,탄산음료,2023-07-04,2023-07-05,zero,12,"[""향료"", ""향료"", ""이산화탄소"", ""정제수"", ""인산"", ""아세설팜칼륨"", ""수크랄로스"", ""혼합제제"", ""알룰로오스"", ""카페인"", ""카라멜색소 Ⅳ"", ""구연산삼나트륨""]"
2016049430219,충무공제로생강청,농업회사법인 봉동생강마을주식회사,액상차,2024-11-19,2025-12-09,zero,2,"[""생강착즙액"", ""알룰로오스""]"
19920562023492,츄파춥스 딸기밀크소다 제로,대경사과원예농협음료가공공장,탄산음료,2023-12-21,2024-07-19,zero,11,"[""구연산"", ""두류가공품"", ""향료"", ""수크랄로스"", ""아세설팜칼륨"", ""식용색소적색제3호"", ""이산화탄소"", ""정제수"", ""당류가공품"", ""탈지분유"", ""딸기농축액""]"
19920562023491,츄파춥스 멜론밀크소다 제로,대경사과원예농협음료가공공장,탄산음료,2024-03-08,2024-03-16,zero,11,"[""정제수"", ""이산화탄소"", ""향료"", ""타르색소제제"", ""아세설팜칼륨"", ""수크랄로스"", ""두류가공품"", ""구연산"", ""멜론농축액"", ""당류가공품"", ""탈지분유""]"
20070443110741,치키 제로티 망고&캐모마일,(주)삼양패키징광혜원공장,액상차,2023-06-28,2023-11-23,zero,13,"[""수크랄로스"", ""아세설팜칼륨"", ""에리스리톨"", ""식물혼합추출액"", ""구연산"", ""정제수"", ""향료"", ""향료"", ""향료"", ""향료"", ""비타민C"", ""구연산삼나트륨"", ""DL-사과산""]"
20070443110740,치키 제로티 시트러스&민트,(주)삼양패키징광혜원공장,액상차,2023-06-28,2023-06-30,zero,9,"[""정제수"", ""비타민C"", ""구연산삼나트륨"", ""구연산"", ""수크랄로스"", ""아세설팜칼륨"", ""에리스리톨"", ""식물혼합추출액"", ""향료""]"
197304430031369,칙촉제로칩,(주)삼광식품,초콜릿,2022-03-11,2022-03-12,zero,5,"[""레시틴"", ""바닐라향"", ""코코아매스"", ""D-말티톨"", ""코코아분말""]"
19780368002607,칠성사이다제로,롯데칠성음료(주),탄산음료,2020-11-27,2025-09-27,zero,12,"[""이산화탄소"", ""향료"", ""향료"", ""향료"", ""향료"", ""에리스리톨"", ""스테비올배당체"", ""수크랄로스"", ""구연산삼나트륨"", ""구연산"", ""알룰로오스"", ""정제수""]"
20000360372305,칠성사이다제로,롯데칠성음료(주),탄산음료,2020-12-15,2025-07-11,zero,12,"[""알룰로오스"", ""레몬라임향"", ""에리스리톨"", ""스테비올배당체"", ""수크랄로스"", ""구연산삼나트륨"", ""구연산(결정)"", ""레몬라임향"", ""천연향료"", ""천연향료"", ""이산화탄소"", ""정제수""]"
19780614001451,칠성사이다제로,롯데칠성음료(주),탄산음료,2020-11-27,2026-02-28,zero,12,"[""에리스리톨"", ""스테비올배당체"", ""수크랄로스"", ""구연산삼나트륨"", ""알룰로오스"", ""구연산"", ""향료"", ""향료"", ""향료"", ""향료"", ""이산화탄소"", ""정제수""]"
2021044228226,칠성사이다제로,롯데칠성음료(주),탄산음료,2025-01-07,2025-01-09,zero,12,"[""정제수"", ""이산화탄소"", ""향료"", ""향료"", ""향료"", ""향료"", ""에리스리톨"", ""스테비올배당체"", ""수크랄로스"", ""구연산삼나트륨"", ""구연산(결정)"", ""알룰로오스""]"
19930242053419,칠성사이다제로,롯데칠성음료(주),탄산음료,2020-12-04,2025-02-28,zero,12,"[""이산화탄소"", ""향료"", ""향료"", ""향료"", ""향료"", ""에리스리톨"", ""스테비올배당체"", ""수크랄로스"", ""구연산삼나트륨"", ""구연산"", ""알룰로오스"", ""정제수""]"
19930242053456,칠성사이다제로그린플럼,롯데칠성음료(주),탄산음료,2023-07-25,2024-04-04,zero,11,"[""알룰로오스"", ""구연산"", ""수크랄로스"", ""아세설팜칼륨"", ""향료"", ""향료"", ""향료"", ""향료"", ""향료"", ""이산화탄소"", ""정제수""]"
20000360372361,칠성사이다제로그린플럼,롯데칠성음료(주),탄산음료,2023-07-28,2024-03-21,zero,11,"[""알룰로오스"", ""구연산"", ""수크랄로스"", ""아세설팜칼륨"", ""향료"", ""향료"", ""향료"", ""향료"", ""향료"", ""이산화탄소"", ""정제수""]"
19780614001466,칠성사이다제로그린플럼,롯데칠성음료(주),탄산음료,2023-08-04,2023-08-08,zero,10,"[""알룰로오스"", ""구연산"", ""수크랄로스"", ""아세설팜칼륨"", ""향료"", ""향료"", ""향료"", ""향료"", ""이산화탄소"", ""정제수""]"
19780368002641,칠성사이다제로그린플럼,롯데칠성음료(주),탄산음료,2023-07-26,2023-08-29,zero,10,"[""정제수"", ""알룰로오스"", ""이산화탄소"", ""구연산"", ""향료"", ""향료"", ""향료"", ""향료"", ""수크랄로스"", ""아세설팜칼륨""]"
19780614001490,칠성사이다제로라임,롯데칠성음료(주),탄산음료,2026-01-08,2026-01-09,zero,13,"[""정제수"", ""이산화탄소"", ""향료"", ""향료"", ""혼합제제"", ""향료"", ""에리스리톨"", ""스테비올배당체"", ""수크랄로스"", ""구연산삼나트륨"", ""구연산"", ""알룰로오스"", ""향료""]"
20000360372404,칠성사이다제로라임,롯데칠성음료(주),탄산음료,2025-09-17,2025-09-24,zero,13,"[""알룰로오스"", ""구연산(결정)"", ""구연산삼나트륨"", ""수크랄로스"", ""스테비올배당체"", ""에리스리톨"", ""향료"", ""혼합제제"", ""향료"", ""향료"", ""향료"", ""이산화탄소"", ""정제수""]"
19930242053497,칠성사이다제로라임,롯데칠성음료(주),탄산음료,2025-10-14,2025-10-18,zero,13,"[""정제수"", ""알룰로오스"", ""에리스리톨"", ""향료"", ""이산화탄소"", ""구연산"", ""향료"", ""향료"", ""수크랄로스"", ""향료"", ""구연산삼나트륨"", ""향료"", ""스테비올배당체""]"
19780614001458,칠성사이다제로블루라임,롯데칠성음료(주),탄산음료,2023-04-13,2024-10-30,zero,9,"[""알룰로오스"", ""구연산"", ""수크랄로스"", ""아세설팜칼륨"", ""향료"", ""향료"", ""향료"", ""이산화탄소"", ""정제수""]"
20000360372352,칠성사이다제로블루라임,롯데칠성음료(주),탄산음료,2023-04-06,2024-06-20,zero,9,"[""정제수"", ""이산화탄소"", ""향료"", ""향료"", ""향료"", ""아세설팜칼륨"", ""수크랄로스"", ""구연산"", ""알룰로오스""]"
19780368002633,칠성사이다제로블루라임,롯데칠성음료(주),탄산음료,2023-04-17,2023-08-01,zero,10,"[""향료"", ""이산화탄소"", ""알룰로오스"", ""정제수"", ""향료"", ""구연산"", ""아세설팜칼륨"", ""수크랄로스"", ""향료"", ""향료제제""]"
19930242053450,칠성사이다제로블루라임,롯데칠성음료(주),탄산음료,2023-04-05,2024-05-10,zero,9,"[""구연산"", ""알룰로오스"", ""수크랄로스"", ""아세설팜칼륨"", ""향료"", ""향료"", ""향료제제"", ""이산화탄소"", ""정제수""]"
20000360372389,칠성사이다제로시럽,롯데칠성음료(주),음료베이스,2025-03-18,2025-09-13,zero,12,"[""정제수"", ""향료"", ""향료"", ""향료"", ""향료"", ""알룰로오스"", ""구연산"", ""구연산삼나트륨"", ""수크랄로스"", ""스테비올배당체"", ""에리스리톨"", ""안식향산나트륨""]"
19780614001482,칠성사이다제로시럽,롯데칠성음료(주),음료베이스,2025-03-18,2025-03-21,zero,12,"[""구연산삼나트륨"", ""구연산"", ""알룰로오스"", ""향료"", ""안식향산나트륨"", ""에리스리톨"", ""수크랄로스"", ""스테비올배당체"", ""향료"", ""향료"", ""향료"", ""정제수""]"
20000360372394,칠성사이다제로오렌지,롯데칠성음료(주),탄산음료,2025-04-04,2025-05-02,zero,11,"[""오렌지농축액"", ""알룰로오스"", ""구연산(결정)"", ""에리스리톨"", ""수크랄로스"", ""스테비올배당체"", ""향료"", ""천연향료(Lemon)"", ""천연향료"", ""이산화탄소"", ""정제수""]"
20000360372415,칠성사이다제로유자,롯데칠성음료(주),탄산음료,2026-02-11,2026-03-11,zero,14,"[""정제수"", ""이산화탄소"", ""유자향"", ""향료"", ""천연향료(Lemon)"", ""유자향"", ""유자향"", ""합성향료"", ""구연산삼나트륨"", ""구연산(결정)"", ""스테비올배당체"", ""수크랄로스"", ""에리스리톨"", ""알룰로오스""]"
19780614001492,칠성사이다제로유자,롯데칠성음료(주),탄산음료,2026-02-24,2026-04-17,zero,14,"[""알룰로오스"", ""구연산"", ""구연산삼나트륨"", ""수크랄로스"", ""스테비올배당체"", ""에리스리톨"", ""향료"", ""향료"", ""향료"", ""향료"", ""향료"", ""향료"", ""이산화탄소"", ""정제수""]"
19930242053499,칠성사이다제로유자,롯데칠성음료(주),탄산음료,2026-02-11,2026-03-06,zero,14,"[""정제수"", ""이산화탄소"", ""알룰로오스"", ""에리스리톨"", ""구연산"", ""향료"", ""향료"", ""향료"", ""수크랄로스"", ""향료"", ""구연산삼나트륨"", ""향료"", ""스테비올배당체"", ""향료""]"
200203781273,칠제로플러스,비엔에치트래드,인삼.홍삼제품,2003-01-15,2016-07-06,zero,5,"[""대두기름"", ""팜유"", ""가용성인삼성분"", ""d-α-토코페롤"", ""밀납""]"
2023025712316,카로제로 알룰로스,(주)벨슨,당류가공품,2026-06-01,2026-07-01,zero,2,"[""나한과추출물분말"", ""알룰로오스""]"
201902253059,카스 레몬 스퀴즈 제로,오비맥주(주)광주공장,탄산음료,2023-04-20,2026-07-06,zero,16,"[""효모"", ""향료"", ""향료"", ""향료"", ""당류가공품"", ""과.채가공품"", ""구연산"", ""이산화탄소"", ""산화마그네슘"", ""맥아"", ""정제수"", ""황산칼슘"", ""효소"", ""인산"", ""전분"", ""호프펠렛""]"
2019022530510,카스 올 제로,오비맥주(주)광주공장,탄산음료,2025-04-24,2026-07-30,zero,12,"[""난소화성말토덱스트린(고시형)"", ""효소처리스테비아"", ""구연산삼나트륨"", ""구연산"", ""식품첨가물"", ""향료"", ""향료"", ""이산화탄소"", ""당류가공품"", ""정제수"", ""호프추출물"", ""향료""]"
201902253051,카스 제로,오비맥주(주)광주공장,탄산음료,2019-12-24,2026-07-01,zero,16,"[""이산화탄소"", ""전분"", ""맥아"", ""정제수"", ""향료"", ""향료"", ""인산"", ""황산칼슘"", ""향료"", ""효모"", ""산화마그네슘"", ""향료"", ""호프추출물"", ""효소"", ""향료"", ""호프펠렛""]"
20200384258238,카카올라 제로슈가 다크,주식회사 정안,초콜릿가공품,2026-04-24,2026-04-28,zero,4,"[""준초콜릿"", ""혼합음료"", ""알룰로오스"", ""코코아분말""]"
20170433005436,카페57 제로슈가말차파우더,주식회사 산지,당류가공품,2024-09-25,2024-11-26,zero,8,"[""기타엿"", ""D-소비톨"", ""기타엿"", ""덱스트린"", ""고형차"", ""포도당"", ""제삼인산칼슘"", ""수크랄로스""]"
20020368481732,카페게이트제로복숭아아이스티,(주)대호식품,고형차,2024-12-12,2024-12-17,zero,12,"[""수크랄로스"", ""비타민C"", ""복사나무열매과즙분말"", ""DL-사과산"", ""혼합제제"", ""스테비텐후레쉬"", ""구연산삼나트륨"", ""혼합제제"", ""홍차추출분말"", ""구연산"", ""D-자일로오스"", ""에리스리톨""]"
20190391313633,카페인24 제로 고흥유자시럽,(주)태향,음료베이스,2025-09-05,2025-11-29,zero,14,"[""식용색소황색제4호"", ""식용색소황색제5호"", ""아세설팜칼륨"", ""수크랄로스"", ""안식향산나트륨"", ""액상차"", ""잔탄검"", ""효소처리스테비아"", ""산도조절제"", ""향료"", ""산도조절제"", ""정제수"", ""에리스리톨"", ""당류가공품""]"
19910461101158,카프리썬 제로 오렌지,(주)농심,혼합음료,2025-11-04,2025-11-05,zero,2,"[""정제수"", ""과.채가공품""]"
201005430661175,칼로리도 설탕도 제로 상큼한 복숭아향과 톡 쏘는 탄산 무라벨 스파클링은 역시 배민이지,오케이에프음료 주식회사,탄산음료,2023-06-07,2023-06-14,zero,10,"[""향료"", ""향료"", ""아세설팜칼륨"", ""수크랄로스"", ""효소처리스테비아"", ""구연산"", ""이산화탄소"", ""에리스리톨"", ""정제수"", ""천연향료""]"
201005430661338,칼로리도 설탕도 제로 파인애플향과 톡쏘는 탄산 무라벨 스파클링 역시 배민이지,오케이에프음료 주식회사,탄산음료,2024-05-14,2024-05-22,zero,10,"[""정제수"", ""구연산"", ""이산화탄소"", ""에리스리톨"", ""천연향료"", ""향료"", ""혼합제제"", ""아세설팜칼륨"", ""수크랄로스"", ""효소처리스테비아""]"
20020445181149,칼로마이 알파CD 제로 파우더,(주)세움바이오텍,기타가공품,2025-02-14,2025-02-28,zero,3,"[""α-시클로덱스트린"", ""난소화성말토덱스트린(고시형)"", ""대나무수액""]"
20000614238513,캐모마일 릴렉스 제로,(주)바이오포트코리아,혼합음료,2022-06-23,2024-05-30,zero,16,"[""아세설팜칼륨"", ""혼합제제"", ""천연향료(Elder flowers)"", ""천연향료(Elder flowers)"", ""천연향료(Lemon grass)"", ""혼합제제"", ""식용색소적색제40호"", ""정제수"", ""수크랄로스"", ""비타민C"", ""DL-사과산"", ""캐모마일추출물분말"", ""레몬주스농축액"", ""과.채가공품"", ""과.채가공품"", ""에리스리톨""]"
20000614238546,캐모마일릴렉스 제로,(주)바이오포트코리아,음료베이스,2023-04-13,2023-05-05,zero,13,"[""과.채가공품"", ""알룰로오스"", ""체리농축액"", ""레몬농축액"", ""과.채가공품"", ""과.채가공품"", ""DL-사과산"", ""구연산삼나트륨"", ""정제수"", ""기타 농산가공품"", ""L-테아닌(고시형)"", ""비타민C"", ""구연산""]"
19960458039698,캐치!티니핑 제로 샤인머스캣맛,웅진식품(주),혼합음료,2024-01-31,2025-12-19,zero,17,"[""천연향료"", ""향료"", ""향료"", ""혼합제제"", ""수크랄로스"", ""스테비올배당체"", ""기타가공품"", ""산화아연"", ""정제수"", ""과일혼합추출액"", ""백포도농축액"", ""에리스리톨"", ""구연산"", ""DL-사과산"", ""비타민C"", ""구연산삼나트륨"", ""혼합제제""]"
19960458039697,캐치!티니핑 제로 애플망고맛,웅진식품(주),혼합음료,2024-01-31,2024-02-23,zero,17,"[""베타카로틴혼합제제"", ""수크랄로스"", ""스테비올배당체"", ""기타가공품"", ""산화아연"", ""혼합제제"", ""구연산삼나트륨"", ""비타민C"", ""DL-사과산"", ""구연산"", ""에리스리톨"", ""향료"", ""향료"", ""천연향료"", ""정제수"", ""과일혼합추출액"", ""망고농축퓌레""]"
20150517016145,커피믹스제로,(주)자연드림치유식품 푸드공방,커피,2022-04-20,2026-07-01,zero,6,"[""식물성크림"", ""식품첨가물"", ""커피"", ""식물성크림"", ""식염"", ""효소처리스테비아""]"
20080311269326,커피믹스제로,(주)더본코리아 예산공장,커피,2023-07-03,2023-08-02,zero,7,"[""혼합제제"", ""수크랄로스"", ""효소처리스테비아"", ""탄산칼륨(무수)"", ""커피"", ""식물성크림"", ""정제수""]"
20060464021612,커피사피엔스 제로 복숭아 아이스티,주식회사 대상다이브스,당류가공품,2024-12-03,2024-12-06,zero,14,"[""정제수"", ""에리스리톨"", ""알룰로오스"", ""향료"", ""구연산"", ""홍차추출분말"", ""효소처리스테비아"", ""DL-사과산"", ""구연산삼나트륨"", ""잔탄검"", ""소브산칼륨"", ""수크랄로스"", ""아세설팜칼륨"", ""복사나무열매농축액""]"
20190575042319,컨디션 제로 스파클링 메론소다,튤립인터내셔널(주),탄산음료,2025-11-21,2025-12-11,zero,20,"[""기타가공품"", ""향료"", ""과.채가공품"", ""소스"", ""헛개나무열매추출농축액"", ""수크랄로스"", ""DL-사과산"", ""구연산삼나트륨"", ""기타가공품"", ""효소처리스테비아"", ""이산화탄소"", ""탄산수소나트륨"", ""정제수"", ""향료"", ""곡류가공품"", ""효모식품"", ""과.채가공품"", ""기타가공품"", ""시클로덱스트린"", ""구연산(무수)""]"
20190575042254,컨디션 제로 스파클링 자몽,튤립인터내셔널(주),탄산음료,2025-04-22,2025-12-11,zero,19,"[""정제수"", ""이산화탄소"", ""향료"", ""향료"", ""기타가공품"", ""시클로덱스트린"", ""효소처리스테비아"", ""수크랄로스"", ""구연산삼나트륨"", ""DL-사과산"", ""구연산(무수)"", ""기타가공품"", ""자몽농축액"", ""소스"", ""헛개나무열매추출농축액"", ""기타가공품"", ""곡류가공품"", ""효모식품"", ""과.채가공품""]"
20110084489560,컨디션스틱 망고 제로,(주)웰파인,캔디류,2023-10-23,2025-12-18,zero,21,"[""정제수"", ""에리스리톨"", ""곡류가공품"", ""알룰로오스"", ""효모식품"", ""과.채가공품"", ""기타가공품"", ""향료"", ""자일리톨"", ""혼합제제"", ""효모식품"", ""기타가공품"", ""향료"", ""구연산(무수)"", ""망고농축액"", ""시클로덱스트린"", ""향료"", ""나한과추출물분말"", ""수크랄로스"", ""아세설팜칼륨"", ""혼합제제""]"
20110084489795,컨디션스틱 샤인머스캣 제로,(주)웰파인,캔디류,2025-11-05,2025-12-18,zero,19,"[""에리스리톨"", ""정제수"", ""곡류가공품"", ""자일리톨"", ""알룰로오스"", ""효모식품"", ""과.채가공품"", ""기타가공품"", ""향료"", ""혼합제제"", ""효모식품"", ""향료"", ""기타가공품"", ""구연산(무수)"", ""포도착즙액"", ""시클로덱스트린"", ""효소처리스테비아"", ""향료"", ""수크랄로스""]"
20110084489450,컨디션스틱 제로,(주)웰파인,캔디류,2021-12-22,2025-12-18,zero,22,"[""정제수"", ""에리스리톨"", ""곡류가공품"", ""자일리톨"", ""알룰로오스"", ""효모식품"", ""과.채가공품"", ""기타가공품"", ""향료"", ""혼합제제"", ""구연산(무수)"", ""효모식품"", ""향료"", ""기타가공품"", ""향료"", ""시클로덱스트린"", ""DL-사과산"", ""향료"", ""수크랄로스"", ""나한과추출물분말"", ""아세설팜칼륨"", ""혼합제제""]"
20190500071237,컴포즈 제로슈가시럽,래미에프앤비,당류가공품,2026-03-17,2026-03-28,zero,10,"[""정제수"", ""알룰로오스"", ""에리스리톨"", ""카복시메틸셀룰로스나트륨"", ""소브산칼륨"", ""수크랄로스"", ""아세설팜칼륨"", ""구연산"", ""카라멜색소 Ⅳ"", ""식용색소황색제4호""]"
201904421492564,컴포즈제로슈가커피베이스,(주)동원홈푸드,음료베이스,2025-02-28,2025-06-19,zero,10,"[""구연산삼나트륨"", ""잔탄검"", ""커피"", ""식물성크림"", ""혼합제제"", ""수크랄로스"", ""에리스리톨"", ""정제수"", ""커피"", ""기타가공품""]"
2002046107315643,컴포즈제로슈가커피베이스,(주)동원홈푸드,음료베이스,2025-02-28,2025-06-17,zero,10,"[""정제수"", ""에리스리톨"", ""식물성크림"", ""커피"", ""잔탄검"", ""구연산삼나트륨"", ""기타가공품"", ""커피"", ""수크랄로스"", ""혼합제제""]"
20070443110733,코알라카르마 제로슈가,(주)삼양패키징광혜원공장,탄산음료,2023-06-09,2023-06-10,zero,6,"[""정제수"", ""이산화탄소"", ""향료"", ""향신료조제품"", ""구연산(무수)"", ""구연산삼나트륨""]"
19980449002693,코카 - 콜라 제로,해태에이치티비주식회사,탄산음료,2021-05-28,2021-05-29,zero,7,"[""이산화탄소"", ""식품첨가물혼합제제"", ""구연산삼나트륨"", ""음료베이스"", ""음료베이스"", ""식품첨가물혼합제제"", ""정제수""]"
1984022101242,코카 • 콜라 제로제로,코카콜라음료(주),탄산음료,2022-12-28,2026-07-01,zero,6,"[""식품첨가물혼합제제"", ""정제수"", ""이산화탄소"", ""식품첨가물혼합제제"", ""식품첨가물혼합제제"", ""혼합음료""]"
19910344021507,코카-콜라 제로 Marshmello 원제 제2B부,한국코카콜라유한회사,혼합제제,2022-05-19,2022-05-21,zero,2,"[""혼합제제"", ""혼합제제""]"
19910344021510,코카-콜라 제로 드림월드 원제 제2B부,한국코카콜라유한회사,혼합제제,2022-08-02,2022-08-04,zero,6,"[""에탄올"", ""프로필렌글리콜"", ""향료"", ""혼합제제"", ""향료"", ""향료""]"
1984022101282,코카-콜라 제로 레몬,코카콜라음료(주),탄산음료,2024-04-15,2026-07-01,zero,8,"[""정제수"", ""식품첨가물혼합제제"", ""구연산삼나트륨"", ""식품첨가물혼합제제"", ""식품첨가물혼합제제"", ""식품첨가물혼합제제"", ""식품첨가물혼합제제"", ""이산화탄소""]"
19970614083167,코카-콜라 제로 레몬,코카콜라음료주식회사,탄산음료,2023-04-12,2024-05-17,zero,8,"[""정제수"", ""식품첨가물혼합제제"", ""구연산삼나트륨"", ""식품첨가물혼합제제"", ""식품첨가물혼합제제"", ""향료"", ""향료"", ""이산화탄소""]"
19800375002274,코카-콜라 제로 레몬,코카콜라음료(주),탄산음료,2023-04-11,2024-05-21,zero,8,"[""식품첨가물혼합제제"", ""구연산삼나트륨"", ""식품첨가물혼합제제"", ""식품첨가물혼합제제"", ""향료"", ""향료"", ""이산화탄소"", ""정제수""]"
19970614083175,코카-콜라 제로 레몬라임,코카콜라음료주식회사,탄산음료,2026-07-15,2026-07-17,zero,7,"[""향료"", ""이산화탄소"", ""식품첨가물혼합제제"", ""식품첨가물혼합제제"", ""정제수"", ""식품첨가물혼합제제"", ""식품첨가물혼합제제""]"
19800375002288,코카-콜라 제로 레몬라임,코카콜라음료(주),탄산음료,2026-07-06,2026-07-08,zero,7,"[""정제수"", ""식품첨가물혼합제제"", ""식품첨가물혼합제제"", ""식품첨가물혼합제제"", ""식품첨가물혼합제제"", ""향료"", ""이산화탄소""]"
19910344021491,코카-콜라 제로 스타더스트 원제 제1부,한국코카콜라유한회사,혼합제제,2021-12-15,2021-12-16,zero,5,"[""인산"", ""카페인"", ""정제수"", ""천연향료"", ""카라멜색소""]"
19910344021492,코카-콜라 제로 스타더스트 원제 제2A부,한국코카콜라유한회사,혼합제제,2021-12-15,2021-12-16,zero,4,"[""정제수"", ""카라멜색소"", ""인산"", ""천연향료""]"
19910344021493,코카-콜라 제로 스타더스트 원제 제2C부,한국코카콜라유한회사,혼합제제,2021-12-15,2021-12-16,zero,2,"[""천연향료"", ""천연향료""]"
19800375002111,코카-콜라 제로 시럽,코카콜라음료(주),음료베이스,2000-04-24,2025-07-08,zero,7,"[""정제수"", ""안식향산나트륨"", ""식품첨가물혼합제제"", ""식품첨가물혼합제제"", ""향료"", ""식품첨가물혼합제제"", ""식품첨가물혼합제제""]"
19910344021496,코카-콜라 제로 시럽 원제 제3C부,한국코카콜라유한회사,혼합제제,2022-01-27,2022-02-08,zero,3,"[""아세설팜칼륨"", ""수크랄로스"", ""구연산삼나트륨""]"
19910344021494,코카-콜라 제로 원제 제 2C부,한국코카콜라유한회사,혼합제제,2022-01-27,2022-02-08,zero,7,"[""천연향료"", ""천연향료"", ""천연향료"", ""정제수"", ""천연향료"", ""에탄올"", ""천연향료""]"
19910344021371,코카-콜라 제로 원제 제1부,한국코카콜라유한회사,혼합제제,2017-07-17,2017-07-22,zero,5,"[""인산"", ""카라멜색소"", ""정제수"", ""카페인"", ""천연향료""]"
19910344021159,코카-콜라 제로 원제 제3A부,한국코카콜라유한회사,혼합제제,2010-03-04,2016-07-06,zero,3,"[""아스파탐"", ""아세설팜칼륨"", ""구연산삼나트륨""]"
19910344021495,코카-콜라 제로 원제 제3C부,한국코카콜라유한회사,혼합제제,2022-01-27,2022-02-08,zero,3,"[""아세설팜칼륨"", ""수크랄로스"", ""구연산삼나트륨""]"
19910344021372,코카-콜라 제로 원제 제3부,한국코카콜라유한회사,혼합제제,2017-08-10,2017-08-17,zero,2,"[""수크랄로스"", ""아세설팜칼륨""]"
1984022101283,코카-콜라 제로 체리,코카콜라음료(주),탄산음료,2024-05-07,2026-07-01,zero,7,"[""정제수"", ""식품첨가물혼합제제"", ""식품첨가물혼합제제"", ""식품첨가물혼합제제"", ""식품첨가물혼합제제"", ""이산화탄소"", ""구연산삼나트륨""]"
19970614083172,코카-콜라 제로 체리,코카콜라음료주식회사,탄산음료,2024-04-25,2024-04-27,zero,7,"[""이산화탄소"", ""향료"", ""식품첨가물혼합제제"", ""식품첨가물혼합제제"", ""식품첨가물혼합제제"", ""구연산삼나트륨"", ""정제수""]"
19800375002281,코카-콜라 제로 체리,코카콜라음료(주),탄산음료,2024-04-25,2024-04-26,zero,7,"[""정제수"", ""식품첨가물혼합제제"", ""구연산삼나트륨"", ""식품첨가물혼합제제"", ""식품첨가물혼합제제"", ""향료"", ""이산화탄소""]"
19910344021160,코카-콜라 제로 포스트믹스 원제 제3C부,한국코카콜라유한회사,혼합제제,2010-03-05,2016-07-06,zero,4,"[""아세설팜칼륨"", ""구연산삼나트륨"", ""안식향산나트륨"", ""아스파탐""]"
19800375002272,코카-콜라 제로제로,코카콜라음료(주),탄산음료,2022-12-28,2024-09-08,zero,6,"[""정제수"", ""식품첨가물혼합제제"", ""식품첨가물혼합제제"", ""향료"", ""식품첨가물혼합제제"", ""이산화탄소""]"
19910344021516,코카-콜라 제로제로 원제 제1부,한국코카콜라유한회사,혼합제제,2022-11-01,2022-11-02,zero,4,"[""정제수"", ""인산"", ""향료"", ""카라멜색소 Ⅳ""]"
1997061408357,코카·콜라 제로,코카콜라음료주식회사,탄산음료,2006-03-24,2025-06-12,zero,6,"[""이산화탄소"", ""식품첨가물혼합제제"", ""향료"", ""식품첨가물혼합제제"", ""식품첨가물혼합제제"", ""정제수""]"
19970614083165,코카·콜라 제로제로,코카콜라음료주식회사,탄산음료,2022-12-27,2024-10-09,zero,6,"[""정제수"", ""식품첨가물혼합제제"", ""식품첨가물혼합제제"", ""향료"", ""식품첨가물혼합제제"", ""이산화탄소""]"
1984022101238,코카●콜라 제로,코카콜라음료(주),탄산음료,2006-03-20,2026-07-01,zero,6,"[""정제수"", ""식품첨가물혼합제제"", ""식품첨가물혼합제제"", ""향료"", ""식품첨가물혼합제제"", ""이산화탄소""]"
19800375002112,코카콜라 제로,코카콜라음료(주),탄산음료,2006-04-24,2025-06-12,zero,6,"[""이산화탄소"", ""향료"", ""식품첨가물혼합제제"", ""식품첨가물혼합제제"", ""정제수"", ""식품첨가물혼합제제""]"
20070443110933,코코뿌요 제로 복숭아,(주)삼양패키징광혜원공장,혼합음료,2025-02-03,2026-02-13,zero,16,"[""과.채가공품"", ""과.채가공품"", ""구연산(무수)"", ""구연산삼나트륨"", ""젖산칼슘"", ""젤란검"", ""에리스리톨"", ""수크랄로스"", ""스테비올배당체"", ""과.채가공품"", ""식용색소적색제40호"", ""식용색소황색제5호"", ""혼합제제"", ""향료"", ""향료"", ""정제수""]"
20070443110934,코코뿌요 제로 애플망고,(주)삼양패키징광혜원공장,혼합음료,2025-02-03,2026-02-13,zero,17,"[""과.채가공품"", ""정제수"", ""향료"", ""향료"", ""향료"", ""혼합제제"", ""식용색소황색제4호"", ""식용색소황색제5호"", ""과.채가공품"", ""스테비올배당체"", ""수크랄로스"", ""에리스리톨"", ""젤란검"", ""젖산칼슘"", ""구연산삼나트륨"", ""구연산"", ""과.채가공품""]"
19800415004451,콜라 제로,(주)일화초정공장,탄산음료,2023-01-06,2023-01-10,zero,11,"[""정제수"", ""이산화탄소"", ""향료"", ""향료"", ""카페인"", ""아세설팜칼륨"", ""수크랄로스"", ""인산"", ""구연산삼나트륨"", ""혼합제제"", ""에리스리톨""]"
19920624042905,콜라제로,(주)상일,탄산음료,2023-01-04,2023-08-31,zero,9,"[""혼합제제"", ""이산화탄소"", ""정제수"", ""수크랄로스"", ""구연산칼륨"", ""구연산"", ""아세설팜칼륨"", ""안식향산나트륨"", ""혼합제제""]"
2022042902753,쿠로미 스틱바 블랙소르베 제로,대보푸드 주식회사,빙과,2024-07-31,2024-12-18,zero,10,"[""아세설팜칼륨"", ""수크랄로스"", ""구아검"", ""향료"", ""화학적합성품"", ""혼합제제"", ""혼합제제"", ""혼합제제"", ""당류가공품"", ""정제수""]"
2020045230666,쿠리제로구강유산균더블업MG,(주)에스엠바이오,캔디류,2023-04-14,2023-04-15,zero,11,"[""D-소비톨"", ""자일리톨"", ""팔라티노스"", ""폴리덱스트로스"", ""프락토올리고당"", ""치커리식이섬유"", ""결정셀룰로스"", ""스테아린산마그네슘"", ""복숭아향"", ""프로바이오틱스(고시형)"", ""페퍼민트향""]"
20030473071153,쿨피스 제로 스파클링 복숭아,건강한사람들 주식회사 2사업장,탄산음료,2014-07-04,2024-10-16,zero,19,"[""혼합제제"", ""향료"", ""카로틴"", ""향료"", ""향료"", ""혼합제제"", ""향료"", ""구연산삼나트륨"", ""아세설팜칼륨"", ""수크랄로스"", ""식품첨가물"", ""DL-사과산"", ""구연산"", ""기타가공품"", ""과.채가공품"", ""과.채가공품"", ""과.채가공품"", ""정제수"", ""이산화탄소""]"
20030473071152,쿨피스 제로 스파클링 파인애플,건강한사람들 주식회사 2사업장,탄산음료,2014-07-04,2024-10-25,zero,17,"[""정제수"", ""이산화탄소"", ""카로틴"", ""혼합제제"", ""향료"", ""향료"", ""향료"", ""비타민C"", ""아세설팜칼륨"", ""수크랄로스"", ""식품첨가물"", ""DL-사과산"", ""구연산"", ""기타가공품"", ""과.채가공품"", ""과.채가공품"", ""과.채가공품""]"
20110445029201,쿵야 애플프룻티 제로,주식회사 퓨럽2공장,혼합음료,2024-06-14,2024-06-21,zero,13,"[""수크랄로스"", ""알룰로오스"", ""사과농축액"", ""녹차농축액"", ""아세설팜칼륨"", ""구연산"", ""DL-사과산"", ""비타민C"", ""구연산삼나트륨"", ""향료"", ""향료"", ""곡류가공품"", ""정제수""]"
20110445029202,쿵야 자두프룻티 제로,주식회사 퓨럽2공장,혼합음료,2024-06-17,2024-06-21,zero,10,"[""향료"", ""정제수"", ""녹차농축액"", ""자두농축액"", ""수크랄로스"", ""아세설팜칼륨"", ""구연산"", ""알룰로오스"", ""곡류가공품"", ""향료""]"
202104240501494,크루밀-한끼통살덮밥(제로간장마늘맛),다원푸드서비스(주) 쉐프랑,즉석조리식품,2026-04-19,2026-04-21,zero,3,"[""기타가공품"", ""기타가공품"", ""기타가공품""]"
20190424044232,크리스피 프레시 제로,주식회사 한입,과.채음료,2025-03-20,2025-04-16,zero,6,"[""적로메인상추잎"", ""정제수"", ""레몬즙"", ""아보카도열매"", ""브로콜리"", ""양배추""]"
202506840091,클래식 제로 000 (Classic 000),블랙후드커피,커피,2025-11-19,2025-12-20,zero,1,"[""커피나무씨앗건조분쇄박""]"
201005430661444,클룹 서울식혜 제로 알밤,오케이에프음료 주식회사,혼합음료,2025-01-02,2025-05-03,zero,9,"[""정제수"", ""기타가공품"", ""에리스리톨"", ""생강농축액"", ""수크랄로스"", ""아세설팜칼륨"", ""천연향료"", ""향료"", ""향료""]"
201005430661443,클룹 서울식혜 제로 호박,오케이에프음료 주식회사,혼합음료,2025-01-02,2025-05-03,zero,9,"[""수크랄로스"", ""과.채가공품"", ""생강농축액"", ""에리스리톨"", ""기타가공품"", ""정제수"", ""아세설팜칼륨"", ""카로틴"", ""향료""]"
19890528010173,클룹 스프린트 에너지 레몬부스트 제로,보해양조(주) 장성공장,탄산음료,2025-07-10,2026-07-01,zero,14,"[""정제수"", ""이산화탄소"", ""구연산"", ""혼합제제"", ""타우린"", ""과라나추출물분말"", ""수크랄로스"", ""아세설팜칼륨"", ""카페인"", ""향료"", ""향료"", ""향료"", ""향료"", ""천연향료""]"
201005430661509,클룹 스프린트 에너지 레몬부스트 제로,오케이에프음료 주식회사,탄산음료,2025-08-26,2025-11-08,zero,18,"[""정제수"", ""이산화탄소"", ""구연산"", ""구연산칼륨"", ""타우린"", ""과라나추출물분말"", ""글루콘산마그네슘"", ""젖산칼슘"", ""수크랄로스"", ""구연산삼나트륨"", ""아세설팜칼륨"", ""정제소금"", ""카페인"", ""천연향료"", ""향료"", ""향료"", ""향료"", ""향료""]"
2023080519589,클룹 스프린트 에너지 사우어베리 제로,동아에코팩 주식회사,탄산음료,2025-03-11,2025-03-12,zero,19,"[""블루베리향"", ""라즈베리향"", ""시트러스향"", ""젖산칼슘"", ""염화마그네슘"", ""천연 레몬라임향"", ""과라나추출물분말"", ""타우린"", ""구연산칼륨"", ""에리스리톨"", ""구연산"", ""이산화탄소"", ""정제수"", ""아세설팜칼륨"", ""구연산삼나트륨"", ""수크랄로스"", ""천연블루베리향"", ""카페인"", ""정제소금""]"
201005430661428,클룹 스프린트 에너지 사우어베리 제로,오케이에프음료 주식회사,탄산음료,2025-09-08,2025-11-08,zero,18,"[""정제수"", ""이산화탄소"", ""구연산"", ""구연산칼륨"", ""타우린"", ""과라나추출물분말"", ""글루콘산마그네슘"", ""젖산칼슘"", ""수크랄로스"", ""구연산삼나트륨"", ""아세설팜칼륨"", ""정제소금"", ""카페인"", ""천연향료"", ""천연향료"", ""향료"", ""향료"", ""향료""]"
201005430661599,클룹 스프린트 에너지 시트러스버스트 제로,오케이에프음료 주식회사,탄산음료,2026-02-20,2026-02-23,zero,18,"[""젖산칼슘"", ""구연산칼륨"", ""글루콘산마그네슘"", ""정제수"", ""이산화탄소"", ""구연산"", ""향료"", ""향료"", ""향료"", ""향료"", ""천연향료"", ""카페인"", ""아세설팜칼륨"", ""수크랄로스"", ""과라나추출물분말"", ""타우린"", ""정제소금"", ""구연산삼나트륨""]"
19890528010178,클룹 스프린트 에너지 시트러스버스트 제로,보해양조(주) 장성공장,탄산음료,2025-09-22,2026-07-01,zero,14,"[""구연산"", ""이산화탄소"", ""정제수"", ""수크랄로스"", ""과라나추출물분말"", ""타우린"", ""혼합제제"", ""천연향료"", ""향료"", ""향료"", ""향료"", ""향료"", ""카페인"", ""아세설팜칼륨""]"
19890528010174,클룹 스프린트 에너지 애플블라스트 제로,보해양조(주) 장성공장,탄산음료,2025-07-10,2026-07-01,zero,13,"[""천연향료"", ""향료"", ""향료"", ""향료"", ""카페인"", ""아세설팜칼륨"", ""수크랄로스"", ""과라나추출물분말"", ""타우린"", ""혼합제제"", ""구연산"", ""이산화탄소"", ""정제수""]"
201005430661429,클룹 스프린트 에너지 애플블라스트 제로,오케이에프음료 주식회사,탄산음료,2025-08-27,2025-11-08,zero,17,"[""정제수"", ""이산화탄소"", ""구연산"", ""구연산칼륨"", ""타우린"", ""과라나추출물분말"", ""글루콘산마그네슘"", ""젖산칼슘"", ""수크랄로스"", ""구연산삼나트륨"", ""아세설팜칼륨"", ""정제소금"", ""카페인"", ""천연향료"", ""향료"", ""향료"", ""향료""]"
2023080519590,클룹 스프린트 에너지 애플블라스트 제로,동아에코팩 주식회사,탄산음료,2025-03-11,2025-03-12,zero,18,"[""카페인"", ""정제소금"", ""아세설팜칼륨"", ""천연사과향"", ""구연산삼나트륨"", ""수크랄로스"", ""시트러스향"", ""젖산칼슘"", ""구아바향"", ""염화마그네슘"", ""그린애플향"", ""과라나추출물분말"", ""타우린"", ""구연산칼륨"", ""에리스리톨"", ""구연산"", ""이산화탄소"", ""정제수""]"
19890528010177,클룹 스프린트 에너지 오렌지임팩트 제로,보해양조(주) 장성공장,탄산음료,2025-09-22,2026-07-01,zero,14,"[""이산화탄소"", ""정제수"", ""아세설팜칼륨"", ""수크랄로스"", ""과라나추출물분말"", ""타우린"", ""혼합제제"", ""구연산"", ""천연향료"", ""향료"", ""향료"", ""향료"", ""카페인"", ""향료""]"
20190413079296,클룹 스프린트 퍼포먼스 이온 머스캣리치 제로,동원시스템즈(주) 횡성사업장,혼합음료,2026-01-19,2026-01-22,zero,16,"[""정제수"", ""향료"", ""향료"", ""향료"", ""향료"", ""향료"", ""비타민B12"", ""혼합제제"", ""비타민B6염산염"", ""니코틴산아미드"", ""아세설팜칼륨"", ""수크랄로스"", ""미네랄혼합제제"", ""타우린"", ""구연산"", ""알룰로오스""]"
20190413079295,클룹 스프린트 퍼포먼스 이온 자몽 제로,동원시스템즈(주) 횡성사업장,혼합음료,2026-01-19,2026-01-22,zero,16,"[""미네랄혼합제제"", ""타우린"", ""구연산"", ""알룰로오스"", ""향료"", ""비타민B12"", ""혼합제제"", ""비타민B6염산염"", ""니코틴산아미드"", ""수크랄로스"", ""아세설팜칼륨"", ""정제수"", ""향료"", ""향료"", ""향료"", ""향료""]"
20030473071509,클룹 애사비소다 레몬 제로,건강한사람들 주식회사 2사업장,탄산음료,2025-11-10,2026-04-29,zero,13,"[""알룰로오스"", ""발효식초"", ""발효식초"", ""구연산"", ""DL-사과산"", ""구연산삼나트륨"", ""수크랄로스"", ""아세설팜칼륨"", ""향료"", ""향료"", ""향료"", ""이산화탄소"", ""정제수""]"
19890528010172,클룹 애사비소다 레몬비니거 제로,보해양조(주) 장성공장,탄산음료,2025-07-11,2026-07-01,zero,13,"[""아세설팜칼륨"", ""수크랄로스"", ""구연산삼나트륨"", ""DL-사과산"", ""식초"", ""식초"", ""구연산"", ""이산화탄소"", ""알룰로오스"", ""정제수"", ""향료"", ""향료"", ""향료""]"
20190575042249,클룹 애사비소다 레몬비니거 제로,튤립인터내셔널(주),탄산음료,2025-02-12,2026-05-12,zero,13,"[""정제수"", ""향료"", ""향료"", ""향료"", ""아세설팜칼륨"", ""수크랄로스"", ""구연산삼나트륨"", ""DL-사과산"", ""발효식초"", ""발효식초"", ""구연산(결정)"", ""이산화탄소"", ""알룰로오스""]"
20220683125235,클룹 애사비소다 레몬비니거 제로,(유)삼각에프엠씨 웰빙랜드,탄산음료,2025-01-16,2025-01-18,zero,14,"[""당류가공품"", ""구연산"", ""발효식초"", ""기타가공품"", ""DL-사과산"", ""구연산삼나트륨"", ""수크랄로스"", ""아세설팜칼륨"", ""기타가공품"", ""향료"", ""향료"", ""향료"", ""이산화탄소"", ""정제수""]"
20190575042342,클룹 애사비소다 리치 제로,튤립인터내셔널(주),탄산음료,2026-05-06,2026-05-12,zero,14,"[""향료"", ""정제수"", ""이산화탄소"", ""향료"", ""향료"", ""향료"", ""알룰로오스"", ""구연산(결정)"", ""발효식초"", ""발효식초"", ""DL-사과산"", ""구연산삼나트륨"", ""수크랄로스"", ""아세설팜칼륨""]"
20030473071524,클룹 애사비소다 리치 제로,건강한사람들 주식회사 2사업장,탄산음료,2026-01-20,2026-01-21,zero,14,"[""알룰로오스"", ""발효식초"", ""발효식초"", ""구연산"", ""DL-사과산"", ""구연산삼나트륨"", ""수크랄로스"", ""아세설팜칼륨"", ""향료"", ""향료"", ""향료"", ""향료"", ""이산화탄소"", ""정제수""]"
20190575042340,클룹 애사비소다 망고 제로,튤립인터내셔널(주),탄산음료,2026-05-06,2026-05-12,zero,13,"[""이산화탄소"", ""알룰로오스"", ""구연산(결정)"", ""발효식초"", ""발효식초"", ""DL-사과산"", ""구연산삼나트륨"", ""수크랄로스"", ""아세설팜칼륨"", ""향료"", ""향료"", ""향료"", ""정제수""]"
20030473071522,클룹 애사비소다 망고 제로,건강한사람들 주식회사 2사업장,탄산음료,2026-01-20,2026-01-21,zero,13,"[""향료"", ""아세설팜칼륨"", ""수크랄로스"", ""구연산삼나트륨"", ""DL-사과산"", ""구연산"", ""발효식초"", ""발효식초"", ""알룰로오스"", ""이산화탄소"", ""향료"", ""향료"", ""정제수""]"
20190575042310,클룹 애사비소다 매실 제로,튤립인터내셔널(주),탄산음료,2025-09-23,2026-05-12,zero,14,"[""수크랄로스"", ""구연산삼나트륨"", ""DL-사과산"", ""발효식초"", ""발효식초"", ""구연산(결정)"", ""알룰로오스"", ""이산화탄소"", ""정제수"", ""향료"", ""향료"", ""향료"", ""향료"", ""아세설팜칼륨""]"
201005430661617,클룹 애사비소다 매실 제로,오케이에프음료 주식회사,탄산음료,2025-12-18,2026-06-09,zero,15,"[""이산화탄소"", ""알룰로오스"", ""정제수"", ""향료"", ""향료"", ""향료"", ""향료"", ""천연향료"", ""아세설팜칼륨"", ""수크랄로스"", ""구연산삼나트륨"", ""DL-사과산"", ""발효식초"", ""발효식초"", ""구연산""]"
20030473071512,클룹 애사비소다 매실 제로,건강한사람들 주식회사 2사업장,탄산음료,2025-11-10,2026-04-29,zero,14,"[""구연산삼나트륨"", ""수크랄로스"", ""아세설팜칼륨"", ""향료"", ""향료"", ""향료"", ""향료"", ""이산화탄소"", ""정제수"", ""DL-사과산"", ""구연산"", ""발효식초"", ""알룰로오스"", ""발효식초""]"
20030473071552,클룹 애사비소다 사이다 제로,건강한사람들 주식회사 2사업장,탄산음료,2026-07-28,2026-07-30,zero,16,"[""정제수"", ""이산화탄소"", ""향료"", ""향료"", ""향료"", ""향료"", ""향료"", ""정제소금"", ""아세설팜칼륨"", ""수크랄로스"", ""구연산삼나트륨"", ""구연산"", ""DL-사과산"", ""폴리덱스트로스"", ""발효식초"", ""알룰로오스""]"
20030473071510,클룹 애사비소다 샤인머스캣 제로,건강한사람들 주식회사 2사업장,탄산음료,2025-10-15,2026-03-17,zero,14,"[""알룰로오스"", ""발효식초"", ""발효식초"", ""구연산"", ""DL-사과산"", ""구연산삼나트륨"", ""수크랄로스"", ""아세설팜칼륨"", ""향료"", ""향료"", ""향료"", ""향료"", ""이산화탄소"", ""정제수""]"
20190575042266,클룹 애사비소다 샤인머스캣 제로,튤립인터내셔널(주),탄산음료,2025-05-09,2026-04-25,zero,14,"[""정제수"", ""이산화탄소"", ""알룰로오스"", ""구연산(결정)"", ""발효식초"", ""발효식초"", ""구연산삼나트륨"", ""DL-사과산"", ""수크랄로스"", ""아세설팜칼륨"", ""향료"", ""향료"", ""향료"", ""향료""]"
20030473071511,클룹 애사비소다 신비복숭아 제로,건강한사람들 주식회사 2사업장,탄산음료,2025-11-10,2026-04-29,zero,15,"[""알룰로오스"", ""발효식초"", ""발효식초"", ""구연산"", ""DL-사과산"", ""구연산삼나트륨"", ""수크랄로스"", ""아세설팜칼륨"", ""향료"", ""향료"", ""향료"", ""향료"", ""향료"", ""이산화탄소"", ""정제수""]"
20190575042300,클룹 애사비소다 신비복숭아 제로,튤립인터내셔널(주),탄산음료,2025-07-25,2026-05-12,zero,15,"[""정제수"", ""향료"", ""향료"", ""향료"", ""향료"", ""향료"", ""아세설팜칼륨"", ""수크랄로스"", ""구연산삼나트륨"", ""DL-사과산"", ""발효식초"", ""발효식초"", ""구연산(결정)"", ""알룰로오스"", ""이산화탄소""]"
201005430661618,클룹 애사비소다 신비복숭아 제로,오케이에프음료 주식회사,탄산음료,2025-12-18,2025-12-30,zero,15,"[""구연산"", ""발효식초"", ""식초"", ""DL-사과산"", ""구연산삼나트륨"", ""수크랄로스"", ""아세설팜칼륨"", ""천연향료"", ""향료"", ""향료"", ""향료"", ""향료"", ""정제수"", ""이산화탄소"", ""알룰로오스""]"
20220683125223,클룹 애사비소다 오리지널 제로,(유)삼각에프엠씨 웰빙랜드,탄산음료,2024-11-04,2024-11-07,zero,12,"[""에리스리톨"", ""이산화탄소"", ""구연산"", ""기타가공품"", ""구연산삼나트륨"", ""DL-사과산"", ""수크랄로스"", ""아세설팜칼륨"", ""기타가공품"", ""향료"", ""향료"", ""정제수""]"
2023080519595,클룹 애사비소다 오리지널 제로,동아에코팩 주식회사,탄산음료,2025-05-13,2025-05-14,zero,12,"[""기타가공품"", ""아세설팜칼륨"", ""수크랄로스"", ""DL-사과산"", ""구연산삼나트륨"", ""발효식초"", ""향료"", ""향료"", ""구연산"", ""알룰로오스"", ""이산화탄소"", ""정제수""]"
19890528010170,클룹 애사비소다 오리지널 제로,보해양조(주) 장성공장,탄산음료,2025-07-15,2026-07-01,zero,12,"[""향료"", ""향료"", ""아세설팜칼륨"", ""수크랄로스"", ""발효식초"", ""DL-사과산"", ""구연산삼나트륨"", ""발효식초"", ""구연산"", ""알룰로오스"", ""이산화탄소"", ""정제수""]"
201005430661244,클룹 애사비소다 오리지널 제로,오케이에프음료 주식회사,탄산음료,2024-11-07,2025-08-25,zero,12,"[""향료"", ""향료"", ""아세설팜칼륨"", ""수크랄로스"", ""구연산삼나트륨"", ""DL-사과산"", ""식초"", ""발효식초"", ""구연산"", ""이산화탄소"", ""알룰로오스"", ""정제수""]"
20190575042367,클룹 애사비소다 자두 제로,튤립인터내셔널(주),탄산음료,2026-05-14,2026-05-21,zero,14,"[""향료"", ""아세설팜칼륨"", ""수크랄로스"", ""구연산삼나트륨"", ""DL-사과산"", ""발효식초"", ""발효식초"", ""구연산(결정)"", ""알룰로오스"", ""이산화탄소"", ""정제수"", ""향료"", ""향료"", ""향료""]"
20030473071545,클룹 애사비소다 자두 제로,건강한사람들 주식회사 2사업장,탄산음료,2026-05-18,2026-05-20,zero,14,"[""정제수"", ""이산화탄소"", ""향료"", ""알룰로오스"", ""발효식초"", ""발효식초"", ""구연산"", ""DL-사과산"", ""구연산삼나트륨"", ""수크랄로스"", ""아세설팜칼륨"", ""향료"", ""향료"", ""향료""]"
20190575042315,클룹 애사비소다 제주감귤 제로,튤립인터내셔널(주),탄산음료,2025-10-28,2026-05-12,zero,13,"[""정제수"", ""향료"", ""향료"", ""향료"", ""아세설팜칼륨"", ""수크랄로스"", ""DL-사과산"", ""구연산삼나트륨"", ""발효식초"", ""발효식초"", ""구연산(결정)"", ""알룰로오스"", ""이산화탄소""]"
20030473071516,클룹 애사비소다 제주감귤 제로,건강한사람들 주식회사 2사업장,탄산음료,2025-10-30,2025-12-25,zero,13,"[""정제수"", ""이산화탄소"", ""향료"", ""향료"", ""향료"", ""아세설팜칼륨"", ""수크랄로스"", ""구연산삼나트륨"", ""DL-사과산"", ""알룰로오스"", ""구연산"", ""발효식초"", ""발효식초""]"
19890528010194,클룹 애사비소다 콜라 제로,보해양조(주) 장성공장,탄산음료,2026-06-18,2026-07-01,zero,14,"[""향료"", ""식품첨가물혼합제제"", ""카페인"", ""발효식초"", ""알룰로오스"", ""폴리덱스트로스"", ""이산화탄소"", ""정제수"", ""아세설팜칼륨"", ""수크랄로스"", ""구연산삼나트륨"", ""카라멜색소 Ⅳ"", ""구연산"", ""인산""]"
19920624042989,클룹 애사비소다 콜라 제로,(주)상일,탄산음료,2026-06-29,2026-07-30,zero,15,"[""인산"", ""정제수"", ""폴리덱스트로스"", ""이산화탄소"", ""알룰로오스"", ""혼합제제"", ""발효식초"", ""카페인"", ""아세설팜칼륨"", ""수크랄로스"", ""구연산삼나트륨"", ""향료"", ""향료"", ""카라멜색소 Ⅳ"", ""구연산""]"
20030473071536,클룹 애사비소다 콜라 제로 (Cola zero),건강한사람들 주식회사 2사업장,탄산음료,2026-03-31,2026-05-29,zero,14,"[""정제수"", ""이산화탄소"", ""향료"", ""혼합제제"", ""카라멜색소 Ⅳ"", ""아세설팜칼륨"", ""수크랄로스"", ""카페인"", ""구연산삼나트륨"", ""인산"", ""구연산"", ""폴리덱스트로스"", ""발효식초"", ""알룰로오스""]"
20190575042358,클룹 애사비소다 콜라 제로 (Cola zero),튤립인터내셔널(주),탄산음료,2026-04-17,2026-05-29,zero,14,"[""향료"", ""향료"", ""정제수"", ""이산화탄소"", ""폴리덱스트로스"", ""알룰로오스"", ""발효식초"", ""인산"", ""구연산(결정)"", ""카라멜색소 Ⅳ"", ""구연산삼나트륨"", ""수크랄로스"", ""아세설팜칼륨"", ""카페인""]"
20220683125224,클룹 애사비소다 타트체리 제로,(유)삼각에프엠씨 웰빙랜드,탄산음료,2024-11-04,2024-11-07,zero,14,"[""구연산삼나트륨"", ""기타가공품"", ""구연산"", ""에리스리톨"", ""이산화탄소"", ""DL-사과산"", ""수크랄로스"", ""아세설팜칼륨"", ""기타가공품"", ""향료"", ""합성향료"", ""향료"", ""향료"", ""정제수""]"
201005430661245,클룹 애사비소다 타트체리 제로,오케이에프음료 주식회사,탄산음료,2024-11-07,2025-08-25,zero,14,"[""DL-사과산"", ""식초"", ""발효식초"", ""구연산"", ""이산화탄소"", ""알룰로오스"", ""정제수"", ""향료"", ""향료"", ""향료"", ""천연향료"", ""아세설팜칼륨"", ""수크랄로스"", ""구연산삼나트륨""]"
20190575042341,클룹 애사비소다 패션후르츠 제로,튤립인터내셔널(주),탄산음료,2026-05-06,2026-05-12,zero,13,"[""이산화탄소"", ""알룰로오스"", ""구연산(결정)"", ""발효식초"", ""발효식초"", ""DL-사과산"", ""구연산삼나트륨"", ""수크랄로스"", ""정제수"", ""향료"", ""향료"", ""향료"", ""아세설팜칼륨""]"
20030473071523,클룹 애사비소다 패션후르츠 제로,건강한사람들 주식회사 2사업장,탄산음료,2026-01-20,2026-01-23,zero,13,"[""정제수"", ""이산화탄소"", ""향료"", ""향료"", ""향료"", ""아세설팜칼륨"", ""수크랄로스"", ""구연산삼나트륨"", ""DL-사과산"", ""구연산"", ""발효식초"", ""발효식초"", ""알룰로오스""]"
20030473071517,클룹 애사비소다 화이바 제로,건강한사람들 주식회사 2사업장,탄산음료,2025-12-09,2025-12-25,zero,12,"[""정제수"", ""이산화탄소"", ""향료"", ""향료"", ""아세설팜칼륨"", ""수크랄로스"", ""구연산삼나트륨"", ""DL-사과산"", ""구연산"", ""폴리덱스트로스"", ""발효식초"", ""알룰로오스""]"
20190575042322,클룹 애사비소다 화이바 제로,튤립인터내셔널(주),탄산음료,2025-12-09,2025-12-16,zero,12,"[""구연산(결정)"", ""알룰로오스"", ""이산화탄소"", ""폴리덱스트로스"", ""발효식초"", ""구연산삼나트륨"", ""DL-사과산"", ""수크랄로스"", ""아세설팜칼륨"", ""향료"", ""향료"", ""정제수""]"
20220683125233,클룹 에너지드링크 사우어베리 제로,(유)삼각에프엠씨 웰빙랜드,탄산음료,2024-11-27,2024-11-30,zero,19,"[""정제수"", ""이산화탄소"", ""향료"", ""향료"", ""향료"", ""향료"", ""향료"", ""카페인"", ""정제소금"", ""아세설팜칼륨"", ""구연산삼나트륨"", ""수크랄로스"", ""젖산칼슘"", ""식품첨가물"", ""기타 농산가공품"", ""타우린"", ""구연산칼륨"", ""구연산"", ""에리스리톨""]"
20220683125234,클룹 에너지드링크 애플블라스트 제로,(유)삼각에프엠씨 웰빙랜드,탄산음료,2024-11-27,2024-11-30,zero,18,"[""구연산"", ""에리스리톨"", ""구연산칼륨"", ""타우린"", ""기타 농산가공품"", ""식품첨가물"", ""젖산칼슘"", ""수크랄로스"", ""구연산삼나트륨"", ""아세설팜칼륨"", ""정제소금"", ""카페인"", ""향료"", ""향료"", ""향료"", ""향료"", ""이산화탄소"", ""정제수""]"
20190575042301,클룹 유자레몬사이다 제로,튤립인터내셔널(주),탄산음료,2025-07-30,2025-12-16,zero,13,"[""정제수"", ""향료"", ""향료"", ""향료"", ""향료"", ""향료"", ""아세설팜칼륨"", ""수크랄로스"", ""구연산삼나트륨"", ""난소화성말토덱스트린(고시형)"", ""구연산(결정)"", ""알룰로오스"", ""이산화탄소""]"
20220683125246,클룹 제로소다 레드애플,(유)삼각에프엠씨 웰빙랜드,탄산음료,2025-07-29,2025-07-30,zero,10,"[""에리스리톨"", ""향료"", ""향료"", ""향료"", ""아세설팜칼륨"", ""수크랄로스"", ""구연산삼나트륨"", ""구연산"", ""이산화탄소"", ""정제수""]"
201005430661505,클룹 제로소다 레드애플,오케이에프음료 주식회사,탄산음료,2025-07-02,2025-11-22,zero,10,"[""천연향료"", ""향료"", ""향료"", ""아세설팜칼륨"", ""수크랄로스"", ""구연산삼나트륨"", ""구연산"", ""이산화탄소"", ""에리스리톨"", ""정제수""]"
19890528010184,클룹 제로소다 레몬,보해양조(주) 장성공장,탄산음료,2025-11-06,2026-08-13,zero,13,"[""갈락토올리고당"", ""난소화성말토덱스트린(고시형)"", ""구연산"", ""이산화탄소"", ""정제소금"", ""정제수"", ""천연향료"", ""향료"", ""향료"", ""수크랄로스"", ""아세설팜칼륨"", ""구연산삼나트륨"", ""DL-사과산""]"
20220683125167,클룹 제로소다 레몬,(유)삼각에프엠씨 웰빙랜드,탄산음료,2023-11-16,2025-06-24,zero,12,"[""향료"", ""정제수"", ""이산화탄소"", ""향료"", ""향료"", ""수크랄로스"", ""아세설팜칼륨"", ""난소화성말토덱스트린(고시형)"", ""구연산삼나트륨"", ""DL-사과산"", ""구연산"", ""에리스리톨""]"
201005430661310,클룹 제로소다 레몬,오케이에프음료 주식회사,탄산음료,2024-02-28,2026-07-31,zero,13,"[""천연향료"", ""향료"", ""정제수"", ""이산화탄소"", ""구연산"", ""난소화성말토덱스트린(고시형)"", ""DL-사과산"", ""갈락토올리고당"", ""정제소금"", ""구연산삼나트륨"", ""수크랄로스"", ""아세설팜칼륨"", ""향료""]"
19890528010183,클룹 제로소다 복숭아,보해양조(주) 장성공장,탄산음료,2025-11-06,2026-08-14,zero,12,"[""정제소금"", ""정제수"", ""천연향료"", ""천연향료"", ""향료"", ""수크랄로스"", ""아세설팜칼륨"", ""구연산삼나트륨"", ""난소화성말토덱스트린(고시형)"", ""구연산"", ""이산화탄소"", ""갈락토올리고당""]"
20220683125144,클룹 제로소다 복숭아,(유)삼각에프엠씨 웰빙랜드,탄산음료,2023-08-08,2025-06-18,zero,11,"[""에리스리톨"", ""구연산"", ""구연산삼나트륨"", ""난소화성말토덱스트린(고시형)"", ""아세설팜칼륨"", ""정제수"", ""이산화탄소"", ""향료"", ""향료"", ""향료"", ""수크랄로스""]"
19920624042888,클룹 제로소다 복숭아,(주)상일,탄산음료,2022-07-28,2023-04-12,zero,10,"[""효소처리스테비아"", ""수크랄로스"", ""아세설팜칼륨"", ""정제수"", ""에리스리톨"", ""이산화탄소"", ""구연산(결정)"", ""향료"", ""향료"", ""구연산삼나트륨""]"
201005430661343,클룹 제로소다 복숭아,오케이에프음료 주식회사,탄산음료,2024-05-02,2026-07-04,zero,12,"[""정제수"", ""이산화탄소"", ""구연산"", ""난소화성말토덱스트린(고시형)"", ""갈락토올리고당"", ""정제소금"", ""구연산삼나트륨"", ""수크랄로스"", ""아세설팜칼륨"", ""향료"", ""천연향료"", ""천연향료""]"
19890528010187,클룹 제로소다 소다맛,보해양조(주) 장성공장,탄산음료,2026-04-09,2026-08-13,zero,11,"[""정제수"", ""향료"", ""향료"", ""아세설팜칼륨"", ""수크랄로스"", ""정제소금"", ""갈락토올리고당"", ""구연산삼나트륨"", ""난소화성말토덱스트린(고시형)"", ""구연산"", ""이산화탄소""]"
20220683125202,클룹 제로소다 소다맛,(유)삼각에프엠씨 웰빙랜드,탄산음료,2024-05-08,2025-06-24,zero,11,"[""난소화성말토덱스트린(고시형)"", ""수크랄로스"", ""구연산삼나트륨"", ""구연산"", ""이산화탄소"", ""에리스리톨"", ""향료"", ""아세설팜칼륨"", ""향료"", ""향료"", ""정제수""]"
201005430661427,클룹 제로소다 소다맛,오케이에프음료 주식회사,탄산음료,2024-12-18,2026-04-10,zero,11,"[""정제수"", ""이산화탄소"", ""구연산"", ""난소화성말토덱스트린(고시형)"", ""갈락토올리고당"", ""정제소금"", ""구연산삼나트륨"", ""수크랄로스"", ""아세설팜칼륨"", ""향료"", ""향료""]"
201005430661507,클룹 제로소다 오렌지,오케이에프음료 주식회사,탄산음료,2025-07-02,2025-12-03,zero,10,"[""천연향료"", ""향료"", ""향료"", ""아세설팜칼륨"", ""수크랄로스"", ""구연산삼나트륨"", ""구연산"", ""이산화탄소"", ""정제수"", ""알룰로오스""]"
19920624042912,클룹 제로소다 청사과,(주)상일,탄산음료,2023-03-02,2023-03-03,zero,11,"[""정제수"", ""에리스리톨"", ""이산화탄소"", ""구연산"", ""향료"", ""향료"", ""구연산삼나트륨"", ""향료"", ""효소처리스테비아"", ""수크랄로스"", ""아세설팜칼륨""]"
19890528010185,클룹 제로소다 청사과,보해양조(주) 장성공장,탄산음료,2025-11-06,2026-07-29,zero,12,"[""갈락토올리고당"", ""이산화탄소"", ""구연산"", ""난소화성말토덱스트린(고시형)"", ""구연산삼나트륨"", ""아세설팜칼륨"", ""수크랄로스"", ""향료"", ""향료"", ""천연향료"", ""정제소금"", ""정제수""]"
201005430661339,클룹 제로소다 청사과,오케이에프음료 주식회사,탄산음료,2024-05-02,2026-04-16,zero,12,"[""천연향료"", ""향료"", ""향료"", ""아세설팜칼륨"", ""수크랄로스"", ""구연산삼나트륨"", ""정제소금"", ""갈락토올리고당"", ""난소화성말토덱스트린(고시형)"", ""구연산"", ""이산화탄소"", ""정제수""]"
20220683125145,클룹 제로소다 청사과,(유)삼각에프엠씨 웰빙랜드,탄산음료,2023-08-08,2025-06-26,zero,11,"[""향료"", ""정제수"", ""이산화탄소"", ""향료"", ""향료"", ""아세설팜칼륨"", ""수크랄로스"", ""난소화성말토덱스트린(고시형)"", ""구연산삼나트륨"", ""구연산"", ""에리스리톨""]"
20220683125146,클룹 제로소다 파인애플,(유)삼각에프엠씨 웰빙랜드,탄산음료,2023-08-08,2025-06-24,zero,11,"[""난소화성말토덱스트린(고시형)"", ""구연산"", ""에리스리톨"", ""정제수"", ""이산화탄소"", ""향료"", ""향료"", ""아세설팜칼륨"", ""수크랄로스"", ""비타민C"", ""구연산삼나트륨""]"
19890528010186,클룹 제로소다 파인애플,보해양조(주) 장성공장,탄산음료,2025-11-25,2026-08-13,zero,11,"[""천연향료"", ""향료"", ""아세설팜칼륨"", ""수크랄로스"", ""구연산삼나트륨"", ""정제소금"", ""난소화성말토덱스트린(고시형)"", ""구연산"", ""이산화탄소"", ""갈락토올리고당"", ""정제수""]"
19920624042890,클룹 제로소다 파인애플,(주)상일,탄산음료,2022-07-28,2022-08-06,zero,10,"[""정제수"", ""에리스리톨"", ""이산화탄소"", ""구연산"", ""향료"", ""비타민C"", ""구연산삼나트륨"", ""향료"", ""수크랄로스"", ""효소처리스테비아""]"
19890528010182,클룹 제로소다 포도,보해양조(주) 장성공장,탄산음료,2025-11-06,2026-08-19,zero,12,"[""정제소금"", ""정제수"", ""천연향료"", ""향료"", ""향료"", ""수크랄로스"", ""아세설팜칼륨"", ""구연산삼나트륨"", ""난소화성말토덱스트린(고시형)"", ""구연산"", ""이산화탄소"", ""갈락토올리고당""]"
201005430661309,클룹 제로소다 포도,오케이에프음료 주식회사,탄산음료,2024-02-28,2026-07-31,zero,12,"[""정제수"", ""이산화탄소"", ""구연산"", ""난소화성말토덱스트린(고시형)"", ""갈락토올리고당"", ""정제소금"", ""구연산삼나트륨"", ""수크랄로스"", ""아세설팜칼륨"", ""향료"", ""향료"", ""천연향료""]"
19920624042889,클룹 제로소다 포도,(주)상일,탄산음료,2022-07-28,2022-08-06,zero,10,"[""정제수"", ""에리스리톨"", ""이산화탄소"", ""구연산"", ""향료"", ""향료"", ""구연산삼나트륨"", ""향료"", ""수크랄로스"", ""효소처리스테비아""]"
2022068312591,클룹 제로소다 포도,(유)삼각에프엠씨 웰빙랜드,탄산음료,2023-07-14,2025-06-18,zero,11,"[""에리스리톨"", ""구연산"", ""구연산삼나트륨"", ""수크랄로스"", ""난소화성말토덱스트린(고시형)"", ""아세설팜칼륨"", ""향료"", ""향료"", ""향료"", ""이산화탄소"", ""정제수""]"
20190413079224,클룹 푸룬 화이바 제로,동원시스템즈(주) 횡성사업장,혼합음료,2024-10-02,2025-06-25,zero,11,"[""D-소비톨액"", ""폴리덱스트로스"", ""과채주스"", ""난소화성말토덱스트린(고시형)"", ""구연산"", ""수크랄로스"", ""아세설팜칼륨"", ""향료"", ""향료"", ""향료"", ""정제수""]"
1984022101072,클리어제로,롯데칠성음료(주),탄산음료,2017-04-27,2026-07-01,zero,4,"[""혼합음료"", ""합성착향료(밀맥주향)"", ""이산화탄소"", ""정제수""]"
20130285121371,클리펀치 제로슈가 애플망고,주식회사 소담에프앤비,기타가공품,2025-05-12,2025-05-13,zero,15,"[""정제소금"", ""아세설팜칼륨"", ""수크랄로스"", ""구연산삼나트륨"", ""제삼인산칼슘"", ""식품첨가물혼합제제"", ""식품첨가물혼합제제"", ""치자황색소"", ""혼합제제"", ""과.채가공품"", ""향료"", ""DL-사과산"", ""이산화규소"", ""구아검"", ""에리스리톨""]"
19910344021119,킨사이다 제로 원제 제1부,한국코카콜라유한회사,혼합제제,2007-06-08,2016-07-06,zero,2,"[""구연산"", ""구연산삼나트륨""]"
19910344021120,킨사이다 제로 원제 제3부,한국코카콜라유한회사,혼합제제,2007-06-08,2016-07-06,zero,2,"[""아스파탐"", ""아세설팜칼륨""]"
2020041903815,킬로리 제로달콩두유 말차,농업회사법인(주)삼광에프앤비,가공두유,2024-05-09,2024-08-01,zero,7,"[""효소처리스테비아"", ""녹차향"", ""정제소금"", ""고형차"", ""분말두유"", ""당류가공품"", ""원액두유""]"
2020041903816,킬로리 제로달콩두유 밀크티,농업회사법인(주)삼광에프앤비,가공두유,2024-05-09,2024-08-01,zero,8,"[""효소처리스테비아"", ""천연얼그레이향"", ""홍차향"", ""정제소금"", ""고형차"", ""분말두유"", ""당류가공품"", ""원액두유""]"
2020041903814,킬로리 제로달콩두유 초코,농업회사법인(주)삼광에프앤비,가공두유,2024-05-09,2024-08-01,zero,9,"[""원액두유"", ""당류가공품"", ""분말두유"", ""다크 초콜릿 컴파운드 칩"", ""코코아분말"", ""정제소금"", ""초코향"", ""바닐라향"", ""효소처리스테비아""]"
2020041903813,킬로리 제로달콩두유 플레인,농업회사법인(주)삼광에프앤비,가공두유,2024-05-09,2024-08-01,zero,7,"[""효소처리스테비아"", ""인절미향"", ""인절미향"", ""정제소금"", ""분말두유"", ""당류가공품"", ""원액두유""]"
20190599026100,킴스테이블 제로 바나나 믹스,휴밀(humeal),기타가공품,2026-01-21,2026-02-03,zero,5,"[""식물성크림"", ""당류가공품"", ""바나나맛분말"", ""기타가공품"", ""난소화성말토덱스트린(고시형)""]"
19960308010589,타우린2000제로,광동제약주식회사,혼합음료,2026-06-15,2026-07-21,zero,20,"[""L-카르니틴"", ""비타민B2"", ""비타민B6염산염"", ""비타민B1질산염"", ""이노시톨"", ""아세설팜칼륨"", ""수크랄로스"", ""스테비올배당체"", ""효소처리스테비아"", ""향료"", ""구연산삼나트륨"", ""펙틴"", ""재제소금(재제조소금)"", ""향료"", ""구연산(결정)"", ""향료"", ""알룰로오스"", ""타우린"", ""덱스트린"", ""정제수""]"
19920562023527,타이탄 제로,대경사과원예농협음료가공공장,탄산음료,2025-12-18,2025-12-23,zero,12,"[""정제수"", ""향료"", ""향료"", ""이산화탄소"", ""향료"", ""기타가공품"", ""기타가공품"", ""기타가공품"", ""기타 농산가공품"", ""젖산"", ""글리신"", ""폴리덱스트로스""]"
199803643261079,타코 제로슈가 말차 파우더,(주)가배온,고형차,2024-05-08,2026-03-31,zero,4,"[""에리스리톨"", ""녹차가루"", ""효소처리스테비아"", ""수크랄로스""]"
199803643261082,타코 제로슈가 매실 아이스티,(주)가배온,고형차,2024-05-08,2026-02-01,zero,12,"[""에리스리톨"", ""구연산"", ""혼합제제"", ""기타 농산가공품"", ""비타민C"", ""혼합제제"", ""혼합제제"", ""이산화규소"", ""혼합제제"", ""수크랄로스"", ""효소처리스테비아"", ""매실추출분말""]"
199803643261042,타코 제로슈가 복숭아 아이스티,(주)가배온,고형차,2023-10-17,2026-02-01,zero,11,"[""복숭아과즙분말"", ""수크랄로스"", ""효소처리스테비아"", ""이산화규소"", ""혼합제제"", ""혼합제제"", ""혼합제제"", ""비타민C"", ""홍차추출분말"", ""구연산"", ""에리스리톨""]"
199803643261112,타코 제로슈가 유자 파우더,(주)가배온,음료베이스,2024-08-28,2026-02-01,zero,10,"[""향료"", ""유자향분말"", ""구연산(무수)"", ""에리스리톨"", ""유자과즙분말"", ""치자황색소"", ""수크랄로스"", ""효소처리스테비아"", ""이산화규소"", ""비타민C""]"
199803643261080,타코 제로슈가 자몽 블랙티 파우더,(주)가배온,기타가공품,2024-05-08,2026-02-01,zero,14,"[""에리스리톨"", ""구연산"", ""향료"", ""기타가공품"", ""혼합제제"", ""홍차추출분말"", ""비트레드"", ""혼합제제"", ""이산화규소"", ""DL-사과산"", ""효소처리스테비아"", ""수크랄로스"", ""혼합제제"", ""자몽추출분말""]"
2022078026624,타트체리에이드 제로,(주)에이트리에프앤비,혼합음료,2023-06-17,2023-06-27,zero,13,"[""에리스리톨"", ""구연산"", ""과.채가공품"", ""구연산삼나트륨"", ""기타가공품"", ""수크랄로스"", ""아세설팜칼륨"", ""효소처리스테비아"", ""혼합제제"", ""향료"", ""향료"", ""향료"", ""정제수""]"
20140445270517,탐나는 제로복숭아아이스티베이스,푸드에이스,당류가공품,2026-06-12,2026-06-29,zero,13,"[""당류가공품"", ""홍차베이스"", ""복숭아향"", ""구연산"", ""시트러스향"", ""DL-사과산"", ""카라멜색소분말"", ""과.채가공품"", ""스테비텐후레쉬"", ""소브산칼륨"", ""규소수지"", ""수크랄로스"", ""아세설팜칼륨""]"
20100543066909,탐사 제로소다 애플,오케이에프음료 주식회사,탄산음료,2021-05-24,2022-01-06,zero,10,"[""구연산"", ""이산화탄소"", ""정제수"", ""혼합제제"", ""구연산삼나트륨"", ""혼합제제"", ""효소처리스테비아"", ""천연향료"", ""수크랄로스"", ""비타민 C""]"
19780614001465,탐스제로레몬향,롯데칠성음료(주),탄산음료,2023-08-04,2023-08-08,zero,16,"[""알룰로오스"", ""에리스리톨"", ""구연산"", ""DL-사과산"", ""구연산삼나트륨"", ""수크랄로스"", ""아세설팜칼륨"", ""비타민C"", ""혼합제제"", ""정제수"", ""이산화탄소"", ""향료"", ""향료"", ""향료"", ""혼합제제"", ""홍화황색소""]"
19930242053437,탐스제로레몬향,롯데칠성음료(주),탄산음료,2022-02-16,2022-08-05,zero,16,"[""알룰로오스"", ""에리스리톨"", ""구연산"", ""DL-사과산"", ""구연산삼나트륨"", ""수크랄로스"", ""아세설팜칼륨"", ""비타민C"", ""혼합제제"", ""홍화황색소"", ""혼합제제"", ""합성향료"", ""합성향료"", ""천연향료"", ""이산화탄소"", ""정제수""]"
20000360372333,탐스제로레몬향,롯데칠성음료(주),탄산음료,2022-02-15,2022-07-26,zero,16,"[""혼합제제"", ""비타민C"", ""아세설팜칼륨"", ""수크랄로스"", ""구연산삼나트륨"", ""DL-사과산"", ""구연산"", ""에리스리톨"", ""알룰로오스"", ""혼합제제"", ""홍화황색소"", ""정제수"", ""이산화탄소"", ""천연향료"", ""합성향료"", ""합성향료""]"
19930242053468,탐스제로멜론향,롯데칠성음료(주),탄산음료,2024-02-21,2024-03-05,zero,12,"[""알룰로오스"", ""구연산"", ""구연산삼나트륨"", ""수크랄로스"", ""아세설팜칼륨"", ""효소처리루틴"", ""식용색소청색제1호"", ""식용색소황색제4호"", ""향료"", ""향료"", ""이산화탄소"", ""정제수""]"
20000360372371,탐스제로멜론향,롯데칠성음료(주),탄산음료,2024-02-21,2024-02-22,zero,12,"[""식용색소황색제4호"", ""향료"", ""향료"", ""이산화탄소"", ""정제수"", ""알룰로오스"", ""구연산"", ""구연산삼나트륨"", ""수크랄로스"", ""아세설팜칼륨"", ""효소처리루틴"", ""식용색소청색제1호""]"
19930242053482,탐스제로사과,롯데칠성음료(주),탄산음료,2025-03-07,2025-04-10,zero,15,"[""스테비올배당체"", ""효소처리루틴"", ""당류가공품"", ""수크랄로스"", ""향료"", ""구연산삼나트륨"", ""향료"", ""DL-사과산"", ""구연산"", ""이소말토올리고당"", ""에리스리톨"", ""이산화탄소"", ""사과청징농축액"", ""알룰로오스"", ""정제수""]"
19780614001481,탐스제로사과,롯데칠성음료(주),탄산음료,2025-03-18,2025-03-19,zero,15,"[""향료"", ""향료"", ""당류가공품"", ""효소처리루틴"", ""사과청징농축액"", ""알룰로오스"", ""이소말토올리고당"", ""구연산(결정)"", ""DL-사과산"", ""구연산삼나트륨"", ""에리스리톨"", ""수크랄로스"", ""스테비올배당체"", ""정제수"", ""이산화탄소""]"
20000360372390,탐스제로사과,롯데칠성음료(주),탄산음료,2025-03-11,2025-03-12,zero,15,"[""정제수"", ""이산화탄소"", ""향료"", ""사과청징농축액"", ""알룰로오스"", ""이소말토올리고당"", ""구연산(결정)"", ""DL-사과산"", ""구연산삼나트륨"", ""에리스리톨"", ""수크랄로스"", ""스테비올배당체"", ""효소처리루틴"", ""기타 농산가공품"", ""향료""]"
19780368002655,탐스제로사과,롯데칠성음료(주),탄산음료,2025-03-07,2025-03-12,zero,15,"[""알룰로오스"", ""정제수"", ""이산화탄소"", ""사과청징농축액"", ""에리스리톨"", ""이소말토올리고당"", ""구연산"", ""DL-사과산"", ""향료"", ""구연산삼나트륨"", ""향료"", ""수크랄로스"", ""당류가공품"", ""효소처리루틴"", ""스테비올배당체""]"
19930242053438,탐스제로사과키위향,롯데칠성음료(주),탄산음료,2022-02-16,2022-08-05,zero,17,"[""구연산삼나트륨"", ""수크랄로스"", ""아세설팜칼륨"", ""효소처리루틴"", ""식용색소청색제1호"", ""식용색소황색제4호"", ""혼합제제"", ""합성향료"", ""혼합제제"", ""혼합제제"", ""천연향료"", ""천연향료"", ""천연향료"", ""이산화탄소"", ""정제수"", ""알룰로오스"", ""구연산""]"
20000360372334,탐스제로사과키위향,롯데칠성음료(주),탄산음료,2022-02-15,2024-06-28,zero,17,"[""알룰로오스"", ""구연산"", ""구연산삼나트륨"", ""수크랄로스"", ""아세설팜칼륨"", ""효소처리루틴"", ""식용색소청색제1호"", ""식용색소황색제4호"", ""혼합제제"", ""합성향료"", ""혼합제제"", ""혼합제제"", ""천연향료"", ""천연향료"", ""천연향료"", ""이산화탄소"", ""정제수""]"
19780614001467,탐스제로사과키위향,롯데칠성음료(주),탄산음료,2023-08-07,2023-08-08,zero,17,"[""알룰로오스"", ""구연산"", ""구연산삼나트륨"", ""수크랄로스"", ""아세설팜칼륨"", ""효소처리루틴"", ""식용색소청색제1호"", ""식용색소황색제4호"", ""혼합제제"", ""향료"", ""향료제제"", ""향료제제"", ""향료"", ""향료"", ""향료"", ""이산화탄소"", ""정제수""]"
19930242053436,탐스제로오렌지향,롯데칠성음료(주),탄산음료,2022-02-16,2022-08-05,zero,16,"[""알룰로오스"", ""에리스리톨"", ""구연산"", ""DL-사과산"", ""구연산삼나트륨"", ""수크랄로스"", ""아세설팜칼륨"", ""효소처리루틴"", ""식용색소황색제5호"", ""혼합제제"", ""합성향료"", ""합성향료"", ""합성향료"", ""천연향료"", ""이산화탄소"", ""정제수""]"
19780614001454,탐스제로오렌지향,롯데칠성음료(주),탄산음료,2022-11-01,2023-07-28,zero,16,"[""레몬향"", ""천연오렌지향"", ""이산화탄소"", ""정제수"", ""알룰로오스"", ""에리스리톨"", ""구연산"", ""DL-사과산"", ""구연산삼나트륨"", ""수크랄로스"", ""아세설팜칼륨"", ""효소처리루틴"", ""식용색소황색제5호"", ""혼합제제"", ""블러드오렌지향"", ""오렌지향""]"
202104422828,탐스제로오렌지향,롯데칠성음료(주),탄산음료,2022-10-18,2023-04-21,zero,16,"[""구연산"", ""DL-사과산"", ""구연산삼나트륨"", ""수크랄로스"", ""아세설팜칼륨"", ""효소처리루틴"", ""식용색소황색제5호"", ""혼합제제"", ""합성향료"", ""합성향료"", ""합성향료"", ""천연향료"", ""이산화탄소"", ""정제수"", ""에리스리톨"", ""알룰로오스""]"
19930242053439,탐스제로파인애플,롯데칠성음료(주),탄산음료,2022-02-16,2025-08-06,zero,18,"[""이소말토올리고당"", ""구연산"", ""혼합제제"", ""향료"", ""DL-사과산"", ""구연산삼나트륨"", ""향료"", ""수크랄로스"", ""향료"", ""효소처리루틴"", ""스테비올배당체"", ""식용색소황색제4호"", ""식용색소황색제5호"", ""정제수"", ""알룰로오스"", ""이산화탄소"", ""에리스리톨"", ""파인애플농축액""]"
20000360372335,탐스제로파인애플,롯데칠성음료(주),탄산음료,2022-02-15,2026-07-09,zero,18,"[""에리스리톨"", ""구연산삼나트륨"", ""DL-사과산"", ""구연산"", ""이소말토올리고당"", ""알룰로오스"", ""파인애플농축액"", ""수크랄로스"", ""식용색소황색제4호"", ""효소처리루틴"", ""스테비올배당체"", ""식용색소황색제5호"", ""혼합제제"", ""파인애플향"", ""파인애플향"", ""파인애플향"", ""이산화탄소"", ""정제수""]"
19780368002656,탐스제로파인애플,롯데칠성음료(주),탄산음료,2025-03-07,2025-03-12,zero,18,"[""향료"", ""수크랄로스"", ""향료"", ""구연산삼나트륨"", ""정제수"", ""알룰로오스"", ""이산화탄소"", ""에리스리톨"", ""파인애플농축액"", ""이소말토올리고당"", ""구연산"", ""혼합제제"", ""향료"", ""DL-사과산"", ""식용색소황색제5호"", ""식용색소황색제4호"", ""스테비올배당체"", ""효소처리루틴""]"
19780614001455,탐스제로파인애플,롯데칠성음료(주),탄산음료,2022-11-01,2025-04-23,zero,18,"[""정제수"", ""이산화탄소"", ""향료"", ""향료"", ""향료"", ""혼합제제"", ""식용색소황색제5호"", ""식용색소황색제4호"", ""효소처리루틴"", ""스테비올배당체"", ""수크랄로스"", ""에리스리톨"", ""구연산삼나트륨"", ""DL-사과산"", ""구연산(결정)"", ""이소말토올리고당"", ""알룰로오스"", ""파인애플농축액""]"
19780614001462,탐스제로파인애플시럽,롯데칠성음료(주),음료베이스,2023-05-09,2026-06-09,zero,18,"[""혼합제제"", ""식용색소황색제5호"", ""식용색소황색제4호"", ""효소처리루틴"", ""안식향산나트륨"", ""스테비올배당체"", ""수크랄로스"", ""에리스리톨"", ""구연산삼나트륨"", ""DL-사과산"", ""구연산"", ""이소말토올리고당"", ""알룰로오스"", ""정제수"", ""향료"", ""향료"", ""향료"", ""향료""]"
20000360372356,탐스제로파인애플시럽,롯데칠성음료(주),음료베이스,2023-04-22,2025-04-23,zero,18,"[""정제수"", ""향료"", ""향료"", ""혼합제제"", ""식용색소황색제5호"", ""식용색소황색제4호"", ""효소처리루틴"", ""안식향산나트륨"", ""스테비올배당체"", ""수크랄로스"", ""에리스리톨"", ""구연산삼나트륨"", ""DL-사과산"", ""구연산"", ""이소말토올리고당"", ""알룰로오스"", ""향료"", ""향료""]"
202104422827,탐스제로파인애플향,롯데칠성음료(주),탄산음료,2022-10-18,2025-07-04,zero,18,"[""혼합제제"", ""식용색소황색제5호"", ""식용색소황색제4호"", ""효소처리루틴"", ""스테비올배당체"", ""수크랄로스"", ""에리스리톨"", ""구연산삼나트륨"", ""DL-사과산"", ""구연산(결정)"", ""이소말토올리고당"", ""알룰로오스"", ""향료"", ""향료"", ""향료"", ""향료"", ""이산화탄소"", ""정제수""]"
200400361151037,탐앤탐스 제로 티라미수,주식회사 케익모아,빵류,2026-05-12,2026-05-30,zero,23,"[""식품첨가물"", ""식품첨가물"", ""식품첨가물"", ""혼합제제"", ""혼합제제"", ""식품첨가물"", ""정제수"", ""당류가공품"", ""전란"", ""식물성크림"", ""난황"", ""밀가루"", ""식품첨가물"", ""치즈"", ""식물성크림"", ""채종유(유채유 또는 카놀라유)"", ""식품첨가물"", ""커피"", ""우유"", ""식품첨가물혼합제제"", ""식품첨가물"", ""코코아분말"", ""과.채가공품""]"
201005430661132,탐앤펭수 제로 사이다,오케이에프음료 주식회사,탄산음료,2023-03-08,2023-03-17,zero,7,"[""정제수"", ""이산화탄소"", ""에리스리톨"", ""향료"", ""구연산"", ""수크랄로스"", ""아세설팜칼륨""]"
19800415004455,탑씨 제로 그린애플향,(주)일화초정공장,탄산음료,2023-03-25,2024-01-12,zero,13,"[""알룰로오스"", ""구연산"", ""메타인산나트륨"", ""수크랄로스"", ""아세설팜칼륨"", ""식용색소황색제4호"", ""식용색소청색제1호"", ""천연향료"", ""향료"", ""향료"", ""향료"", ""이산화탄소"", ""정제수""]"
19800415004488,탑씨 제로 복숭아향,(주)일화초정공장,탄산음료,2024-06-19,2024-06-21,zero,10,"[""알룰로오스"", ""수크랄로스"", ""아세설팜칼륨"", ""구연산"", ""혼합제제"", ""천연향료"", ""향료"", ""향료"", ""이산화탄소"", ""정제수""]"
19800415004489,탑씨 제로 블루레몬향,(주)일화초정공장,탄산음료,2024-06-18,2024-06-19,zero,14,"[""구연산"", ""알룰로오스"", ""수크랄로스"", ""아세설팜칼륨"", ""혼합제제"", ""구연산삼나트륨"", ""메타인산나트륨"", ""식용색소청색제1호"", ""향료"", ""향료"", ""천연향료"", ""향료"", ""이산화탄소"", ""정제수""]"
19800415004454,탑씨 제로 샤인머스캣향,(주)일화초정공장,탄산음료,2023-03-25,2023-03-27,zero,10,"[""천연향료"", ""향료"", ""향료"", ""향료"", ""이산화탄소"", ""정제수"", ""알룰로오스"", ""수크랄로스"", ""아세설팜칼륨"", ""구연산""]"
19800415004472,탑씨 제로 수박향,(주)일화초정공장,탄산음료,2023-06-19,2023-08-13,zero,14,"[""알룰로오스"", ""구연산"", ""구연산삼나트륨"", ""난소화성말토덱스트린(고시형)"", ""혼합제제"", ""수크랄로스"", ""아세설팜칼륨"", ""식용색소적색제40호"", ""천연향료"", ""향료"", ""향료"", ""향료"", ""이산화탄소"", ""정제수""]"
19800415004437,탑씨 제로 오렌지향,(주)일화초정공장,탄산음료,2022-07-12,2023-07-04,zero,13,"[""혼합제제"", ""식용색소황색제5호"", ""구연산삼나트륨"", ""구연산"", ""알룰로오스"", ""아세설팜칼륨"", ""수크랄로스"", ""향료"", ""향료"", ""향료"", ""천연향료"", ""이산화탄소"", ""정제수""]"
201005430661602,탑씨 제로 파인애플향,오케이에프음료 주식회사,탄산음료,2025-10-03,2025-10-14,zero,14,"[""정제수"", ""이산화탄소"", ""구연산"", ""알룰로오스"", ""혼합제제"", ""메타인산나트륨"", ""수크랄로스"", ""아세설팜칼륨"", ""식용색소황색제4호"", ""향료"", ""향료"", ""향료"", ""향료"", ""천연향료""]"
19800415004439,탑씨 제로 파인애플향,(주)일화초정공장,탄산음료,2022-07-12,2023-06-27,zero,14,"[""메타인산나트륨"", ""수크랄로스"", ""아세설팜칼륨"", ""식용색소황색제4호"", ""천연향료"", ""향료"", ""향료"", ""향료"", ""향료"", ""이산화탄소"", ""정제수"", ""혼합제제"", ""구연산"", ""알룰로오스""]"
201005430661601,탑씨 제로 포도향,오케이에프음료 주식회사,탄산음료,2025-10-03,2025-10-14,zero,15,"[""정제수"", ""이산화탄소"", ""알룰로오스"", ""구연산"", ""L-주석산"", ""구연산삼나트륨"", ""수크랄로스"", ""아세설팜칼륨"", ""식용색소적색제40호"", ""식용색소청색제1호"", ""천연향료"", ""향료"", ""향료"", ""향료"", ""향료""]"
19800415004438,탑씨 제로 포도향,(주)일화초정공장,탄산음료,2022-07-12,2023-07-04,zero,15,"[""알룰로오스"", ""구연산"", ""L-주석산"", ""구연산삼나트륨"", ""수크랄로스"", ""아세설팜칼륨"", ""식용색소적색제40호"", ""식용색소청색제1호"", ""천연향료"", ""향료"", ""향료"", ""향료"", ""향료"", ""이산화탄소"", ""정제수""]"
2012007650615,태양의눈물-카페인제로블랙(Tears of the Sun-Caffeine Zero Black),NUKUI(누쿠이),커피,2014-05-20,2026-07-01,zero,4,"[""커피원두"", ""아리비카"", ""카페인"", ""정제수""]"
2012007650616,태양의눈물-카페인제로화이트(Tears of the Sun-Caffeine Zero White),NUKUI(누쿠이),커피,2014-05-20,2026-07-01,zero,5,"[""정제수"", ""커피원두"", ""아리비카"", ""카페인"", ""정제수""]"
2020056403554,탱크보이 배 제로,빙그레 경산공장,빙과,2025-03-14,2026-07-08,zero,14,"[""정제수"", ""비트레드"", ""치자황색소"", ""아세설팜칼륨"", ""알룰로오스"", ""에리스리톨"", ""향료"", ""식품첨가물혼합제제"", ""배농축액"", ""구연산"", ""정제소금"", ""향료"", ""수크랄로스"", ""향료""]"
201005430661693,테라 제로,오케이에프음료 주식회사,탄산음료,2026-02-26,2026-08-11,zero,12,"[""젖산"", ""기타 농산가공품"", ""기타가공품"", ""DL-알라닌"", ""정제수"", ""알룰로오스"", ""이산화탄소"", ""향료"", ""기타가공품"", ""곡류가공품"", ""향료"", ""기타가공품""]"
19920562023530,테라 제로,대경사과원예농협음료가공공장,탄산음료,2026-01-23,2026-03-12,zero,12,"[""기타가공품"", ""곡류가공품"", ""알룰로오스"", ""기타가공품"", ""DL-알라닌"", ""기타가공품"", ""젖산"", ""기타 농산가공품"", ""향료"", ""향료"", ""이산화탄소"", ""정제수""]"
1984059709220,테라 제로,하이트진로(주),탄산음료,2026-06-02,2026-06-03,zero,12,"[""정제수"", ""알룰로오스"", ""이산화탄소"", ""향료"", ""기타가공품"", ""곡류가공품"", ""향료"", ""기타가공품"", ""DL-알라닌"", ""기타가공품"", ""기타 농산가공품"", ""젖산""]"
19920624042971,테라 제로,(주)상일,탄산음료,2026-01-21,2026-04-24,zero,12,"[""젖산"", ""기타 농산가공품"", ""기타가공품"", ""향료"", ""맥아농축액"", ""기타가공품"", ""향료"", ""이산화탄소"", ""알룰로오스"", ""정제수"", ""DL-알라닌"", ""기타가공품""]"
2019041307987,테이크얼라이브 제로 망고,동원시스템즈(주) 횡성사업장,혼합음료,2021-08-05,2025-03-21,zero,16,"[""정제수"", ""기타가공품"", ""카로틴"", ""망고농축액"", ""알룰로오스"", ""수크랄로스"", ""아세설팜칼륨"", ""과.채가공품"", ""카르복시메틸셀룰로오스"", ""비타민C"", ""DL-사과산"", ""구연산삼나트륨"", ""향료"", ""향료"", ""향료"", ""향료""]"
2019041307986,테이크얼라이브 제로 스위티자몽,동원시스템즈(주) 횡성사업장,혼합음료,2021-08-05,2025-03-21,zero,15,"[""자몽농축액"", ""알룰로오스"", ""수크랄로스"", ""아세설팜칼륨"", ""과.채가공품"", ""카복시메틸셀룰로스나트륨"", ""비타민C"", ""구연산"", ""향료"", ""향료"", ""향료"", ""향료"", ""향료"", ""기타가공품"", ""정제수""]"
20030473071453,테이크얼라이브 제로톡 스위티자몽,건강한사람들 주식회사 2사업장,탄산음료,2023-05-02,2023-08-30,zero,26,"[""혼합제제"", ""염화칼륨"", ""염화마그네슘"", ""유청분말"", ""과.채가공품"", ""과.채가공품"", ""알룰로오스"", ""수크랄로스"", ""아세설팜칼륨"", ""두류가공품"", ""비타민C"", ""젖산칼슘"", ""정제수"", ""이산화탄소"", ""기타가공품"", ""홍화황색소"", ""기타가공품"", ""향료"", ""혼합제제"", ""향료"", ""향료"", ""향료"", ""향료"", ""구연산삼나트륨"", ""구연산"", ""식품첨가물혼합제제""]"
20080332594150,텐퍼센트 제로 망고 아이스티,(주)스위트컵,음료베이스,2025-09-11,2025-12-12,zero,15,"[""알룰로오스"", ""정제수"", ""에리스리톨"", ""구연산"", ""향료"", ""홍차추출분말"", ""향료"", ""구연산삼나트륨"", ""향료"", ""카라멜색소 Ⅲ"", ""과.채가공품"", ""수크랄로스"", ""아세설팜칼륨"", ""안식향산나트륨"", ""혼합제제""]"
20080332594149,텐퍼센트 제로 복숭아 아이스티,(주)스위트컵,음료베이스,2025-09-11,2025-09-12,zero,13,"[""향료"", ""구연산"", ""에리스리톨"", ""정제수"", ""알룰로오스"", ""홍차추출분말"", ""향료"", ""구연산삼나트륨"", ""카라멜색소 Ⅲ"", ""수크랄로스"", ""과.채가공품"", ""아세설팜칼륨"", ""안식향산나트륨""]"
20240672413133,텐퍼센트 제로 사과 아이스티 베이스,주식회사 서울팩토리,음료베이스,2025-09-15,2026-01-03,zero,13,"[""알룰로오스"", ""정제수"", ""사과착즙액"", ""청사과향"", ""사과향"", ""DL-사과산"", ""구연산"", ""구연산삼나트륨"", ""홍차추출분말"", ""수크랄로스"", ""아세설팜칼륨"", ""카라멜색소 Ⅲ"", ""안식향산나트륨""]"
201102571531700,텐퍼센트 제로슈가시럽,다솔푸드테크 주식회사,당류가공품,2026-07-30,2026-08-01,zero,10,"[""구연산"", ""에틸말톨"", ""아세설팜칼륨"", ""수크랄로스"", ""소브산칼륨"", ""잔탄검"", ""효소처리스테비아"", ""에리스리톨"", ""당류가공품"", ""정제수""]"
19800415004446,토닉워터 제로,(주)일화초정공장,탄산음료,2022-11-29,2023-07-19,zero,10,"[""알룰로오스"", ""구연산"", ""수크랄로스"", ""아세설팜칼륨"", ""구연산삼나트륨"", ""향료"", ""향료"", ""향료"", ""이산화탄소"", ""정제수""]"
20030473071454,토닉워터 제로,건강한사람들 주식회사 2사업장,탄산음료,2023-05-02,2023-07-04,zero,11,"[""정제수"", ""이산화탄소"", ""향료"", ""향료"", ""효소처리루틴"", ""효소처리스테비아"", ""아세설팜칼륨"", ""수크랄로스"", ""구연산삼나트륨"", ""구연산"", ""에리스리톨""]"
19800415004477,토닉워터 제로 홍차,(주)일화초정공장,탄산음료,2023-12-26,2023-12-30,zero,14,"[""정제수"", ""이산화탄소"", ""향료"", ""향료"", ""향료"", ""천연향료"", ""식용색소적색제40호"", ""혼합제제"", ""카라멜색소 Ⅳ"", ""구연산삼나트륨"", ""구연산"", ""알룰로오스"", ""아세설팜칼륨"", ""수크랄로스""]"
19980449002737,토레타! 제로,해태에이치티비주식회사,혼합음료,2024-05-09,2024-05-10,zero,8,"[""식품첨가물혼합제제"", ""과.채가공품"", ""음료베이스"", ""정제수"", ""향료제제"", ""식품첨가물혼합제제"", ""향료"", ""식품첨가물혼합제제""]"
20070443110786,토레타! 제로,(주)삼양패키징광혜원공장,혼합음료,2024-01-10,2025-07-17,zero,8,"[""향료제제"", ""향료"", ""향료"", ""혼합제제"", ""혼합제제"", ""혼합제제"", ""과.채가공품류"", ""정제수""]"
20190413079177,토레타! 제로,동원시스템즈(주) 횡성사업장,혼합음료,2024-02-01,2024-09-03,zero,8,"[""정제수"", ""농축과채즙(또는과채분)"", ""혼합제제"", ""혼합제제"", ""혼합제제"", ""향료"", ""향료"", ""향료제제""]"
20190424044234,토마토 토닉 제로,주식회사 한입,과.채음료,2025-03-20,2025-04-16,zero,7,"[""올리브유"", ""정제수"", ""레몬과즙"", ""서양자두주스"", ""적양배추"", ""자주양배추꽃봉오리"", ""토마토과육""]"
202405842005,톡쏘는쌀막걸리맛 제로0.00,(주)우리술,탄산음료,2026-07-07,2026-07-09,zero,10,"[""향료"", ""구연산"", ""수크랄로스"", ""정제수"", ""쌀"", ""기타과당"", ""밀"", ""국"", ""효모"", ""이산화탄소""]"
2015018182750,통력제로,신화제약(주),기타가공품,2022-07-11,2022-11-17,zero,14,"[""홍삼에센스"", ""구연산"", ""프락토올리고당"", ""만니톨"", ""D-소비톨액"", ""레몬농축과즙"", ""블루베리농축액"", ""프로바이오틱스(고시형)"", ""퉁퉁마디"", ""쇠뜨기잎"", ""건조치커리"", ""동출뿌리줄기"", ""박하잎"", ""정제수""]"
19950555004460,통팥앙금-제로,(주)태산,조림류,2024-01-19,2024-10-29,zero,3,"[""정제소금"", ""말티톨시럽"", ""팥""]"
19980364326965,투썸 제로슈가 프리미엄 골드 커피믹스,(주)가배온,커피,2023-02-21,2026-02-01,zero,5,"[""식물성크림"", ""에리스리톨"", ""커피"", ""효소처리스테비아"", ""아스파탐""]"
20220273857859,트루미 알파CD 애사비 제로핏,(주)네이처코퍼레이션,기타가공품,2025-07-15,2026-07-01,zero,6,"[""α-시클로덱스트린"", ""기타가공품"", ""효소식품"", ""이산화규소"", ""유산균"", ""올리고당""]"
201404432562130,특제로제크림소스,(주)가온푸드,소스,2023-12-01,2023-12-09,zero,11,"[""정제수"", ""소스"", ""식물성크림"", ""과.채가공품"", ""설탕"", ""복합조미식품"", ""양파"", ""가공유크림"", ""소스"", ""마늘"", ""L-글루탐산나트륨""]"
20190391313708,티스트롱 제로 복숭아 아이스티 파우더,(주)태향,고형차,2026-05-07,2026-05-08,zero,11,"[""과.채가공품"", ""수크랄로스"", ""효소처리스테비아"", ""산도조절제"", ""비타민C"", ""산도조절제"", ""이산화규소"", ""향료"", ""산도조절제"", ""고형차"", ""에리스리톨""]"
20190350569167,티아름 제로슈가  밀크티 베이스,주식회사 푸른나무,당류가공품,2024-03-11,2024-08-13,zero,10,"[""정제수"", ""홍차엽"", ""홍차엽"", ""알룰로오스"", ""정제소금"", ""홍차추출액"", ""수국잎침출액"", ""에리스리톨"", ""구아검"", ""소브산칼륨""]"
2019038480564,티아름 제로티 시럽 바닐라,드리올,액상차,2023-07-11,2026-02-01,zero,5,"[""수국추출분말"", ""바닐라빈"", ""알룰로오스"", ""에리스리톨"", ""구아검""]"
2019038480563,티아름 제로티 시럽 오리지널,드리올,액상차,2023-07-11,2026-02-01,zero,4,"[""수국추출분말"", ""알룰로오스"", ""에리스리톨"", ""구아검""]"
2019038480566,티아름 제로티 시럽 홍차실론,드리올,액상차,2023-07-11,2026-02-01,zero,3,"[""홍차농축물"", ""알룰로오스"", ""에리스리톨""]"
2019038480565,티아름 제로티 시럽 히비스커스,드리올,액상차,2023-07-11,2026-02-01,zero,4,"[""식물혼합추출액"", ""알룰로오스"", ""에리스리톨"", ""구연산""]"
20230609874520,티제로 Pro,(주)뉴트리션바이오,음료베이스,2026-04-15,2026-04-24,zero,24,"[""프로바이오틱스(고시형)"", ""기타 농산가공품"", ""과.채가공품"", ""기타가공품"", ""생선콜라겐"", ""기타가공품"", ""곡류가공품"", ""포도당"", ""혼합제제"", ""비타민C"", ""산화아연"", ""프로폴리스분말"", ""기타가공품"", ""이산화규소"", ""스테아린산마그네슘"", ""히드록시프로필메틸셀룰로오스(기능성원료인정제2014-12호)"", ""판토텐산칼슘"", ""혼합제제"", ""테아닌"", ""산화마그네슘"", ""과.채가공품"", ""히알루론산혼합제제"", ""엘라스틴가수분해물"", ""L-시스틴""]"
20230609874432,티제로 T-ZERO,(주)뉴트리션바이오,음료베이스,2025-12-16,2026-01-03,zero,24,"[""기타가공품"", ""과.채가공품"", ""기타 농산가공품"", ""프로바이오틱스(고시형)"", ""엘라스틴가수분해물"", ""히알루론산혼합제제"", ""과.채가공품"", ""산화마그네슘"", ""테아닌"", ""혼합제제"", ""판토텐산칼슘"", ""히드록시프로필메틸셀룰로오스(기능성원료인정제2014-12호)"", ""스테아린산마그네슘"", ""이산화규소"", ""기타가공품"", ""프로폴리스분말"", ""산화아연"", ""비타민C"", ""혼합제제"", ""곡류가공품"", ""기타가공품"", ""포도당"", ""생선콜라겐"", ""L-시스틴""]"
20190413079201,티즐 아이스티 제로 딸기,동원시스템즈(주) 횡성사업장,액상차,2024-07-10,2024-07-11,zero,14,"[""홍차추출액"", ""에리스리톨"", ""구연산"", ""향료"", ""과.채가공품"", ""향료"", ""DL-사과산"", ""아세설팜칼륨"", ""향료"", ""비타민C"", ""구연산삼나트륨"", ""수크랄로스"", ""스테비올배당체"", ""정제수""]"
20190413079200,티즐 아이스티 제로 복숭아,동원시스템즈(주) 횡성사업장,액상차,2024-07-10,2024-07-11,zero,14,"[""홍차추출분말"", ""스테비올배당체"", ""수크랄로스"", ""정제수"", ""홍차추출액"", ""에리스리톨"", ""구연산"", ""과.채가공품"", ""향료"", ""향료"", ""DL-사과산"", ""비타민C"", ""아세설팜칼륨"", ""구연산삼나트륨""]"
20070443110804,티즐 제로 블렌딩티 딸기루이보스,(주)삼양패키징광혜원공장,액상차,2024-03-14,2026-03-13,zero,14,"[""정제수"", ""식물혼합추출액"", ""에리스리톨"", ""구연산"", ""향료"", ""과.채가공품"", ""향료"", ""DL-사과산"", ""아세설팜칼륨"", ""향료"", ""비타민C"", ""구연산삼나트륨"", ""수크랄로스"", ""스테비올배당체""]"
20070443110678,티즐 제로 블렌딩티 라임민트티,(주)삼양패키징광혜원공장,액상차,2023-01-27,2026-03-13,zero,13,"[""식물혼합추출액"", ""에리스리톨"", ""구연산"", ""과.채가공품"", ""향료"", ""향료"", ""향료"", ""향료"", ""비타민C"", ""아세설팜칼륨"", ""구연산삼나트륨"", ""수크랄로스"", ""정제수""]"
200704431101073,티즐 제로 블렌딩티 오디블랙티,(주)삼양패키징광혜원공장,액상차,2026-01-26,2026-02-05,zero,12,"[""정제수"", ""수크랄로스"", ""스테비올배당체"", ""구연산삼나트륨"", ""향료"", ""구연산(결정)"", ""과.채가공품"", ""에리스리톨"", ""식물혼합추출액"", ""비타민C"", ""아세설팜칼륨"", ""향료""]"
200704431101072,티즐 제로 블렌딩티 오미자히비스커스,(주)삼양패키징광혜원공장,액상차,2026-01-26,2026-02-05,zero,13,"[""정제수"", ""수크랄로스"", ""스테비올배당체"", ""구연산삼나트륨"", ""비타민C"", ""아세설팜칼륨"", ""DL-사과산"", ""향료"", ""혼합제제"", ""구연산(결정)"", ""과.채가공품"", ""에리스리톨"", ""식물혼합추출액""]"
20070443110761,티즐 제로 블렌딩티 유자그린티,(주)삼양패키징광혜원공장,액상차,2023-09-12,2026-02-28,zero,14,"[""정제수"", ""식물혼합추출액"", ""에리스리톨"", ""과.채가공품"", ""구연산"", ""DL-사과산"", ""혼합제제"", ""향료"", ""향료"", ""아세설팜칼륨"", ""비타민C"", ""구연산삼나트륨"", ""스테비올배당체"", ""수크랄로스""]"
20070443110595,티즐 제로 블렌딩티 자몽블랙티,(주)삼양패키징광혜원공장,액상차,2022-03-03,2026-03-04,zero,13,"[""구연산삼나트륨"", ""비타민C"", ""혼합제제"", ""혼합제제"", ""정제수"", ""식물혼합추출액"", ""에리스리톨"", ""과.채가공품"", ""아세설팜칼륨"", ""수크랄로스"", ""구연산"", ""혼합제제"", ""혼합제제""]"
20070443110679,티즐 제로 블렌딩티 피치얼그레이,(주)삼양패키징광혜원공장,액상차,2023-01-27,2026-03-13,zero,12,"[""식물혼합추출액"", ""에리스리톨"", ""구연산"", ""과.채가공품"", ""향료"", ""향료"", ""비타민C"", ""아세설팜칼륨"", ""구연산삼나트륨"", ""고형차"", ""수크랄로스"", ""정제수""]"
20070443110760,티즐 제로 블렌딩티 피치우롱티,(주)삼양패키징광혜원공장,액상차,2023-09-12,2026-03-07,zero,13,"[""과.채가공품"", ""에리스리톨"", ""식물혼합추출액"", ""정제수"", ""향료"", ""구연산"", ""향료"", ""아세설팜칼륨"", ""비타민C"", ""고형차"", ""구연산삼나트륨"", ""스테비올배당체"", ""수크랄로스""]"
200704431101118,티즐 제로 블렌딩티 핑크구아바 우롱티,(주)삼양패키징광혜원공장,액상차,2026-04-03,2026-04-07,zero,13,"[""향료"", ""과.채가공품"", ""구연산(결정)"", ""아세설팜칼륨"", ""에리스리톨"", ""식물혼합추출액"", ""향료"", ""향료"", ""구연산삼나트륨"", ""비타민C"", ""스테비올배당체"", ""수크랄로스"", ""정제수""]"
19960458039692,티즐 제로 애플시나몬,웅진식품(주),액상차,2023-08-29,2024-01-26,zero,14,"[""식물혼합추출액"", ""정제수"", ""사과농축액"", ""구연산"", ""에리스리톨"", ""산화아연"", ""수크랄로스"", ""맥아추출물분말"", ""구연산삼나트륨"", ""스테비올배당체"", ""아세설팜칼륨"", ""비타민C"", ""향료"", ""향료""]"
20190575042359,티즐제로 레몬말차스파클링,튤립인터내셔널(주),탄산음료,2026-03-19,2026-03-24,zero,16,"[""구연산삼나트륨"", ""수크랄로스"", ""아세설팜칼륨"", ""비타민C"", ""기타가공품"", ""향료"", ""향료"", ""향료"", ""향료"", ""고형차"", ""고형차"", ""과.채가공품"", ""구연산"", ""에리스리톨"", ""이산화탄소"", ""정제수""]"
20190413079112,티트라 레몬그린티 제로,동원시스템즈(주) 횡성사업장,액상차,2022-02-25,2024-03-05,zero,12,"[""효소처리스테비아"", ""녹차추출액"", ""아세설팜칼륨"", ""수크랄로스"", ""에리스리톨"", ""레몬농축액"", ""구연산"", ""DL-사과산"", ""향료"", ""비타민C"", ""구연산삼나트륨"", ""정제수""]"
20190413079111,티트라 피치아쌈티 제로,동원시스템즈(주) 횡성사업장,액상차,2022-02-25,2024-03-05,zero,13,"[""구연산"", ""과.채가공품"", ""에리스리톨"", ""수크랄로스"", ""아세설팜칼륨"", ""효소처리스테비아"", ""정제수"", ""구연산삼나트륨"", ""비타민C"", ""향료"", ""향료"", ""DL-사과산"", ""홍차추출액""]"
20120275286104,티페디아제로실론홍차,주식회사 건강한채소,액상차,2024-04-24,2024-06-15,zero,8,"[""홍차추출액"", ""알룰로오스"", ""천연향료"", ""구연산"", ""합성향료"", ""효소처리스테비아"", ""구연산삼나트륨"", ""비타민C""]"
2016063409538,팅글닥터구미젤리 제로슈가,(주)에스디푸드,캔디류,2025-05-15,2025-05-20,zero,24,"[""폴리글리시톨시럽"", ""말티톨시럽"", ""치자적색소"", ""혼합제제"", ""구연산삼나트륨"", ""효소처리스테비아"", ""펙틴"", ""젤라틴"", ""난소화성말토덱스트린(고시형)"", ""구연산"", ""비타민C"", ""DL-사과산"", ""향료"", ""기타 식용유지가공품"", ""향료"", ""향료"", ""정제수"", ""과.채가공품"", ""과.채가공품"", ""과.채가공품"", ""혼합제제"", ""향료"", ""글리세린지방산에스테르"", ""산화아연""]"
2022023343233,파리 제로 하이볼베이스,주식회사 레비테이트,음료베이스,2024-10-25,2024-10-26,zero,20,"[""STEVIOSIDE 스테비오사이드"", ""수크랄로스"", ""천연향신료"", ""천연향신료"", ""천연향신료"", ""과채주스"", ""바나바추출물분말"", ""L-아르지닌"", ""DL-사과산"", ""타우린"", ""구연산"", ""안식향산나트륨"", ""정제수"", ""기타과당"", ""천연청포도향"", ""천연향료"", ""천연향료"", ""합성향료"", ""합성향료"", ""혼합제제""]"
200206230091064,파리의 이온비타제로 납작복숭아,퓨어플러스(주),혼합음료,2024-06-07,2024-06-10,zero,19,"[""향료"", ""글루콘산마그네슘"", ""향료"", ""기타소금"", ""혼합제제"", ""비타민E혼합제제"", ""비타민B12"", ""혼합제제"", ""비타민B6염산염"", ""판토텐산칼슘"", ""니코틴산아미드"", ""정제수"", ""글루콘산아연"", ""구연산삼나트륨"", ""구연산"", ""수크랄로스"", ""에리스리톨"", ""과.채가공품"", ""분말비타민A혼합제제""]"
200206230091065,파리의 이온비타제로 레몬,퓨어플러스(주),혼합음료,2024-06-07,2024-06-10,zero,20,"[""혼합제제"", ""비타민E혼합제제"", ""비타민B12"", ""혼합제제"", ""비타민B6염산염"", ""판토텐산칼슘"", ""니코틴산아미드"", ""분말비타민A혼합제제"", ""글루콘산아연"", ""구연산삼나트륨"", ""구연산"", ""수크랄로스"", ""에리스리톨"", ""과.채가공품"", ""기타소금"", ""향료"", ""정제수"", ""글루콘산마그네슘"", ""향료"", ""향료""]"
20110445029262,파워블루제로,주식회사 퓨럽2공장,혼합음료,2026-05-27,2026-05-29,zero,17,"[""에리스리톨"", ""구연산"", ""구연산삼나트륨"", ""타우린"", ""염화칼륨"", ""염화마그네슘"", ""정제소금"", ""젖산칼슘"", ""니코틴산아미드"", ""수크랄로스"", ""아세설팜칼륨"", ""혼합제제"", ""식용색소청색제1호"", ""향료"", ""향료"", ""향료"", ""정제수""]"
20070443110683,파워에이드 제로,(주)삼양패키징광혜원공장,혼합음료,2023-02-03,2025-06-12,zero,9,"[""혼합제제"", ""혼합제제"", ""정제수"", ""혼합제제"", ""혼합제제"", ""타르색소제제"", ""혼합제제"", ""혼합제제"", ""혼합제제""]"
19980449002708,파워에이드 제로,해태에이치티비주식회사,혼합음료,2023-02-07,2025-06-17,zero,9,"[""식품첨가물혼합제제"", ""타르색소제제"", ""식품첨가물혼합제제"", ""식품첨가물혼합제제"", ""식품첨가물혼합제제"", ""혼합제제"", ""식품첨가물혼합제제"", ""정제수"", ""식품첨가물혼합제제""]"
19800375002276,파워에이드 제로,코카콜라음료(주),혼합음료,2023-05-19,2025-07-15,zero,9,"[""정제수"", ""식품첨가물혼합제제"", ""타르색소제제"", ""식품첨가물혼합제제"", ""식품첨가물혼합제제"", ""식품첨가물혼합제제"", ""식품첨가물혼합제제"", ""식품첨가물혼합제제"", ""식품첨가물혼합제제""]"
20190413079151,파워에이드 제로,동원시스템즈(주) 횡성사업장,혼합음료,2023-01-31,2024-08-08,zero,10,"[""혼합제제"", ""혼합제제"", ""혼합제제"", ""혼합제제"", ""혼합제제"", ""혼합제제"", ""기타소금"", ""구연산삼나트륨"", ""혼합제제"", ""정제수""]"
19980449002745,파워에이드 제로 라임향,해태에이치티비주식회사,혼합음료,2025-05-08,2025-05-14,zero,10,"[""식품첨가물혼합제제"", ""정제수"", ""식품첨가물혼합제제"", ""식품첨가물혼합제제"", ""향료"", ""식품첨가물혼합제제"", ""타르색소제제"", ""식품첨가물혼합제제"", ""식품첨가물혼합제제"", ""식품첨가물혼합제제""]"
1980037500212,파워에이드 제로 라임향,코카콜라음료(주),혼합음료,2026-01-05,2026-01-13,zero,10,"[""향료"", ""식품첨가물혼합제제"", ""타르색소제제"", ""식품첨가물혼합제제"", ""식품첨가물혼합제제"", ""식품첨가물혼합제제"", ""식품첨가물혼합제제"", ""식품첨가물혼합제제"", ""정제수"", ""식품첨가물혼합제제""]"
20070443110948,파워에이드 제로 라임향,(주)삼양패키징광혜원공장,혼합음료,2025-02-24,2025-02-25,zero,10,"[""정제수"", ""혼합제제"", ""혼합제제"", ""혼합제제"", ""혼합제제"", ""혼합제제"", ""타르색소제제"", ""혼합제제"", ""향료"", ""혼합제제""]"
19910344021303,파워에이드 제로 마운틴 블라스트 원제 제1A부,한국코카콜라유한회사,혼합제제,2016-03-02,2016-07-06,zero,3,"[""구연산"", ""구연산칼륨"", ""제삼인산칼륨""]"
19910344021304,파워에이드 제로 마운틴 블라스트 원제 제1C부,한국코카콜라유한회사,혼합제제,2016-03-02,2016-07-06,zero,2,"[""염화칼슘"", ""염화마그네슘""]"
19910344021305,파워에이드 제로 마운틴 블라스트 원제 제1D부,한국코카콜라유한회사,타르색소제제,2016-03-02,2016-07-06,zero,2,"[""식용색소청색제1호알루미늄레이크"", ""기타소금""]"
19910344021306,파워에이드 제로 마운틴 블라스트 원제 제3부,한국코카콜라유한회사,혼합제제,2016-03-02,2016-07-06,zero,2,"[""아세설팜칼륨"", ""수크랄로스""]"
19800415004526,파인애플소다 제로,(주)일화초정공장,탄산음료,2026-07-01,2026-07-03,zero,13,"[""알룰로오스"", ""수크랄로스"", ""아세설팜칼륨"", ""구연산"", ""메타인산나트륨"", ""식용색소황색제4호"", ""혼합제제"", ""향료"", ""향료"", ""향료"", ""천연향료"", ""이산화탄소"", ""정제수""]"
20030473071543,파인애플향 제로,건강한사람들 주식회사 2사업장,탄산음료,2026-06-11,2026-06-12,zero,12,"[""혼합제제"", ""식용색소황색제4호"", ""수크랄로스"", ""아세설팜칼륨"", ""구연산삼나트륨"", ""DL-사과산"", ""구연산"", ""알룰로오스"", ""정제수"", ""이산화탄소"", ""향료"", ""향료""]"
20120512055483,팔도비빔면 제로슈거,(주)팔도,유탕면,2025-03-07,2026-07-01,zero,2,"[""유탕면"", ""소스""]"
2013031126520,팡이제로,금성이엔씨(주),혼합제제,2020-09-18,2023-10-05,zero,2,"[""과산화초산"", ""정제수""]"
20170449030469,패스트핏 제로,주식회사 코스팜,고형차,2023-07-03,2023-07-20,zero,18,"[""에리스리톨"", ""기타가공품"", ""과.채가공품"", ""혼합제제"", ""구연산(무수)"", ""효소처리스테비아"", ""기타가공품"", ""이산화규소"", ""비타민C"", ""DL-사과산"", ""녹차추출물분말(고시형)"", ""수크랄로스"", ""과.채가공품"", ""과.채가공품"", ""아미노산혼합제제"", ""타우린"", ""L-아르지닌"", ""흰강낭콩추출물""]"
20000360372374,퍼플소다제로,롯데칠성음료(주),탄산음료,2024-03-19,2024-03-20,zero,14,"[""알룰로오스"", ""구연산"", ""구연산삼나트륨"", ""수크랄로스"", ""아세설팜칼륨"", ""효소처리루틴"", ""식용색소청색제1호"", ""식용색소적색제40호"", ""향료"", ""향료"", ""향료"", ""향료"", ""이산화탄소"", ""정제수""]"
19930242053469,퍼플소다제로,롯데칠성음료(주),탄산음료,2024-03-17,2024-03-29,zero,14,"[""알룰로오스"", ""구연산(무수)"", ""구연산삼나트륨"", ""수크랄로스"", ""아세설팜칼륨"", ""효소처리루틴"", ""식용색소청색제1호"", ""식용색소적색제40호"", ""향료"", ""향료"", ""향료"", ""향료"", ""이산화탄소"", ""정제수""]"
2020038841970,펜타 제로,콜라빈커피 컴퍼니,커피,2021-05-17,2023-02-21,zero,3,"[""커피"", ""커피"", ""커피""]"
2020038841980,펜타 제로플러스,콜라빈커피 컴퍼니,커피,2022-05-05,2023-02-21,zero,3,"[""커피"", ""커피"", ""커피""]"
20220810041381,펩스데이 제로슈거 콜라,풀바디,탄산음료,2025-06-09,2025-10-14,zero,7,"[""천연향료(Cinnamon bark, Ceylon)"", ""카페인"", ""천연향료(Lemon)"", ""혼합제제"", ""혼합제제"", ""이산화탄소"", ""정제수""]"
19800415004493,펩스데이 제로슈거 콜라,(주)일화초정공장,탄산음료,2026-04-16,2026-04-22,zero,13,"[""카페인"", ""에리스리톨"", ""구연산"", ""비타민C"", ""수크랄로스"", ""아세설팜칼륨"", ""효소처리스테비아"", ""기타소금"", ""혼합제제"", ""천연향료"", ""천연향료"", ""이산화탄소"", ""정제수""]"
19930242053473,펩시제로슈거,롯데칠성음료(주),탄산음료,2024-08-22,2025-12-10,zero,9,"[""혼합제제"", ""혼합제제"", ""구연산삼나트륨"", ""구연산(무수)"", ""아스파탐"", ""아세설팜칼륨"", ""수크랄로스"", ""이산화탄소"", ""정제수""]"
19780614001453,펩시제로슈거,롯데칠성음료(주),탄산음료,2022-05-30,2024-09-26,zero,9,"[""혼합제제"", ""혼합제제"", ""구연산삼나트륨"", ""구연산(무수)"", ""아스파탐"", ""아세설팜칼륨"", ""수크랄로스"", ""이산화탄소"", ""정제수""]"
20000360372323,펩시제로슈거,롯데칠성음료(주),탄산음료,2021-06-03,2024-09-27,zero,9,"[""혼합제제"", ""혼합제제"", ""구연산삼나트륨"", ""구연산(무수)"", ""아스파탐"", ""아세설팜칼륨"", ""수크랄로스"", ""이산화탄소"", ""정제수""]"
19780368002631,펩시제로슈거,롯데칠성음료(주),탄산음료,2023-04-11,2024-09-20,zero,9,"[""정제수"", ""이산화탄소"", ""혼합제제"", ""혼합제제"", ""구연산삼나트륨"", ""아스파탐"", ""아세설팜칼륨"", ""수크랄로스"", ""구연산(무수)""]"
19780614001449,펩시제로슈거라임향,롯데칠성음료(주),탄산음료,2020-10-30,2026-04-30,zero,11,"[""혼합제제"", ""구연산삼나트륨"", ""구연산(무수)"", ""아스파탐"", ""아세설팜칼륨"", ""수크랄로스"", ""이산화탄소"", ""정제수"", ""혼합제제"", ""혼합제제"", ""혼합제제""]"
2021044228210,펩시제로슈거라임향,롯데칠성음료(주),탄산음료,2023-06-20,2025-02-23,zero,11,"[""혼합제제"", ""혼합제제"", ""혼합제제"", ""혼합제제"", ""구연산삼나트륨"", ""구연산(무수)"", ""아스파탐"", ""아세설팜칼륨"", ""수크랄로스"", ""이산화탄소"", ""정제수""]"
20000360372304,펩시제로슈거라임향,롯데칠성음료(주),탄산음료,2020-12-04,2026-07-02,zero,11,"[""혼합제제"", ""향료"", ""향료"", ""혼합제제"", ""구연산삼나트륨"", ""구연산(무수)"", ""아스파탐"", ""아세설팜칼륨"", ""수크랄로스"", ""이산화탄소"", ""정제수""]"
1984022101079,펩시제로슈거라임향,롯데칠성음료(주),탄산음료,2020-10-30,2026-07-01,zero,11,"[""수크랄로스"", ""혼합제제"", ""혼합제제"", ""혼합제제"", ""혼합제제"", ""구연산삼나트륨"", ""구연산(무수)"", ""아스파탐"", ""아세설팜칼륨"", ""이산화탄소"", ""정제수""]"
19930242053418,펩시제로슈거라임향,롯데칠성음료(주),탄산음료,2020-11-02,2026-02-13,zero,11,"[""혼합제제"", ""정제수"", ""이산화탄소"", ""수크랄로스"", ""아세설팜칼륨"", ""아스파탐"", ""구연산(무수)"", ""구연산삼나트륨"", ""혼합제제"", ""혼합제제"", ""혼합제제""]"
19780368002606,펩시제로슈거라임향,롯데칠성음료(주),탄산음료,2020-10-30,2026-07-24,zero,11,"[""정제수"", ""이산화탄소"", ""혼합제제"", ""혼합제제"", ""구연산삼나트륨"", ""구연산(무수)"", ""혼합제제"", ""혼합제제"", ""아스파탐"", ""아세설팜칼륨"", ""수크랄로스""]"
19780614001450,펩시제로슈거라임향시럽,롯데칠성음료(주),음료베이스,2020-10-30,2026-07-11,zero,12,"[""혼합제제"", ""혼합제제"", ""혼합제제"", ""수크랄로스"", ""아세설팜칼륨"", ""아스파탐"", ""구연산삼나트륨"", ""구연산(무수)"", ""혼합제제"", ""혼합제제"", ""정제수"", ""안식향산나트륨""]"
20000360372302,펩시제로슈거라임향시럽,롯데칠성음료(주),음료베이스,2020-11-09,2026-05-19,zero,12,"[""아스파탐"", ""구연산삼나트륨"", ""구연산(무수)"", ""혼합제제"", ""혼합제제"", ""혼합제제"", ""혼합제제"", ""혼합제제"", ""수크랄로스"", ""아세설팜칼륨"", ""정제수"", ""안식향산나트륨""]"
19930242053463,펩시제로슈거라임향제로카페인,롯데칠성음료(주),탄산음료,2023-12-06,2025-12-10,zero,11,"[""혼합제제"", ""혼합제제"", ""정제수"", ""이산화탄소"", ""수크랄로스"", ""아세설팜칼륨"", ""아스파탐"", ""구연산(무수)"", ""구연산삼나트륨"", ""혼합제제"", ""혼합제제""]"
20000360372366,펩시제로슈거라임향제로카페인,롯데칠성음료(주),탄산음료,2023-12-20,2024-07-19,zero,11,"[""정제수"", ""이산화탄소"", ""혼합제제"", ""혼합제제"", ""혼합제제"", ""혼합제제"", ""구연산삼나트륨"", ""구연산(무수)"", ""아스파탐"", ""아세설팜칼륨"", ""수크랄로스""]"
2021044228218,펩시제로슈거라임향제로카페인,롯데칠성음료(주),탄산음료,2023-12-20,2024-01-04,zero,11,"[""혼합제제"", ""혼합제제"", ""혼합제제"", ""혼합제제"", ""구연산삼나트륨"", ""구연산(무수)"", ""아스파탐"", ""아세설팜칼륨"", ""수크랄로스"", ""이산화탄소"", ""정제수""]"
19780368002647,펩시제로슈거라임향제로카페인,롯데칠성음료(주),탄산음료,2024-05-21,2026-06-15,zero,11,"[""정제수"", ""이산화탄소"", ""혼합제제"", ""혼합제제"", ""구연산삼나트륨"", ""구연산(무수)"", ""혼합제제"", ""혼합제제"", ""아스파탐"", ""아세설팜칼륨"", ""수크랄로스""]"
19780614001474,펩시제로슈거라임향제로카페인,롯데칠성음료(주),탄산음료,2024-06-03,2026-02-26,zero,11,"[""혼합제제"", ""혼합제제"", ""혼합제제"", ""구연산삼나트륨"", ""구연산(무수)"", ""아스파탐"", ""아세설팜칼륨"", ""수크랄로스"", ""이산화탄소"", ""정제수"", ""혼합제제""]"
1984022101083,펩시제로슈거망고향,롯데칠성음료(주),탄산음료,2023-04-28,2026-07-01,zero,10,"[""혼합제제"", ""혼합제제"", ""혼합제제"", ""구연산삼나트륨"", ""구연산(무수)"", ""아스파탐"", ""아세설팜칼륨"", ""수크랄로스"", ""이산화탄소"", ""정제수""]"
19930242053442,펩시제로슈거망고향,롯데칠성음료(주),탄산음료,2022-10-21,2025-12-10,zero,10,"[""구연산(무수)"", ""아스파탐"", ""아세설팜칼륨"", ""수크랄로스"", ""이산화탄소"", ""정제수"", ""혼합제제"", ""혼합제제"", ""혼합제제"", ""구연산삼나트륨""]"
20000360372342,펩시제로슈거망고향,롯데칠성음료(주),탄산음료,2022-10-21,2022-11-24,zero,10,"[""정제수"", ""수크랄로스"", ""아세설팜칼륨"", ""아스파탐"", ""구연산(무수)"", ""구연산삼나트륨"", ""혼합제제"", ""혼합제제"", ""이산화탄소"", ""혼합제제""]"
19930242053479,펩시제로슈거모히토향,롯데칠성음료(주),탄산음료,2025-02-05,2025-12-10,zero,10,"[""혼합제제"", ""정제수"", ""이산화탄소"", ""수크랄로스"", ""아세설팜칼륨"", ""아스파탐"", ""구연산(무수)"", ""구연산삼나트륨"", ""혼합제제"", ""향료""]"
19780614001480,펩시제로슈거모히토향,롯데칠성음료(주),탄산음료,2025-03-13,2026-02-26,zero,10,"[""정제수"", ""이산화탄소"", ""수크랄로스"", ""아세설팜칼륨"", ""아스파탐"", ""구연산(무수)"", ""구연산삼나트륨"", ""혼합제제"", ""향료"", ""혼합제제""]"
20000360372388,펩시제로슈거모히토향,롯데칠성음료(주),탄산음료,2025-02-18,2025-02-26,zero,10,"[""혼합제제"", ""향료"", ""혼합제제"", ""구연산삼나트륨"", ""구연산(무수)"", ""아스파탐"", ""아세설팜칼륨"", ""수크랄로스"", ""이산화탄소"", ""정제수""]"
19780368002652,펩시제로슈거모히토향,롯데칠성음료(주),탄산음료,2025-02-07,2025-02-13,zero,10,"[""이산화탄소"", ""정제수"", ""수크랄로스"", ""아세설팜칼륨"", ""아스파탐"", ""구연산(무수)"", ""혼합제제"", ""구연산삼나트륨"", ""향료"", ""혼합제제""]"
2021044228229,펩시제로슈거모히토향,롯데칠성음료(주),탄산음료,2025-02-03,2025-02-20,zero,10,"[""정제수"", ""이산화탄소"", ""수크랄로스"", ""아세설팜칼륨"", ""아스파탐"", ""구연산(무수)"", ""구연산삼나트륨"", ""혼합제제"", ""혼합제제"", ""혼합제제""]"
19930242053466,펩시제로슈거파인애플향,롯데칠성음료(주),탄산음료,2024-02-02,2025-12-10,zero,10,"[""아스파탐"", ""구연산(무수)"", ""구연산삼나트륨"", ""혼합제제"", ""향료"", ""혼합제제"", ""수크랄로스"", ""아세설팜칼륨"", ""정제수"", ""이산화탄소""]"
19780614001475,펩시제로슈거파인애플향,롯데칠성음료(주),탄산음료,2024-06-03,2026-02-26,zero,10,"[""혼합제제"", ""향료"", ""혼합제제"", ""구연산삼나트륨"", ""구연산(무수)"", ""아스파탐"", ""아세설팜칼륨"", ""수크랄로스"", ""이산화탄소"", ""정제수""]"
20000360372370,펩시제로슈거파인애플향,롯데칠성음료(주),탄산음료,2024-02-08,2024-02-14,zero,10,"[""혼합제제"", ""향료"", ""혼합제제"", ""구연산삼나트륨"", ""구연산(무수)"", ""아스파탐"", ""아세설팜칼륨"", ""수크랄로스"", ""이산화탄소"", ""정제수""]"
19780368002646,펩시제로슈거파인애플향,롯데칠성음료(주),탄산음료,2024-05-21,2024-05-30,zero,10,"[""정제수"", ""이산화탄소"", ""혼합제제"", ""향료"", ""혼합제제"", ""구연산삼나트륨"", ""아스파탐"", ""아세설팜칼륨"", ""수크랄로스"", ""구연산(무수)""]"
2021044228219,펩시제로슈거파인애플향,롯데칠성음료(주),탄산음료,2024-02-01,2024-02-06,zero,10,"[""정제수"", ""이산화탄소"", ""수크랄로스"", ""아세설팜칼륨"", ""아스파탐"", ""구연산(무수)"", ""구연산삼나트륨"", ""혼합제제"", ""향료"", ""혼합제제""]"
2021044228232,펩시제로슈거피치향,롯데칠성음료(주),탄산음료,2026-01-19,2026-01-22,zero,11,"[""정제수"", ""이산화탄소"", ""구연산(무수)"", ""수크랄로스"", ""아세설팜칼륨"", ""아스파탐"", ""구연산삼나트륨"", ""향료"", ""향료"", ""혼합제제"", ""혼합제제""]"
19780614001491,펩시제로슈거피치향,롯데칠성음료(주),탄산음료,2026-01-16,2026-02-26,zero,11,"[""정제수"", ""이산화탄소"", ""구연산(무수)"", ""수크랄로스"", ""아세설팜칼륨"", ""아스파탐"", ""구연산삼나트륨"", ""향료"", ""향료"", ""혼합제제"", ""혼합제제""]"
20000360372409,펩시제로슈거피치향,롯데칠성음료(주),탄산음료,2026-01-20,2026-02-26,zero,11,"[""향료"", ""향료"", ""혼합제제"", ""혼합제제"", ""아스파탐"", ""구연산삼나트륨"", ""정제수"", ""이산화탄소"", ""구연산(무수)"", ""수크랄로스"", ""아세설팜칼륨""]"
19780368002663,펩시제로슈거피치향,롯데칠성음료(주),탄산음료,2026-02-12,2026-02-26,zero,11,"[""정제수"", ""이산화탄소"", ""혼합제제"", ""구연산삼나트륨"", ""향료"", ""향료"", ""수크랄로스"", ""아세설팜칼륨"", ""아스파탐"", ""혼합제제"", ""구연산(무수)""]"
19930242053498,펩시제로슈거피치향,롯데칠성음료(주),탄산음료,2026-01-18,2026-01-22,zero,11,"[""정제수"", ""이산화탄소"", ""구연산(무수)"", ""수크랄로스"", ""아세설팜칼륨"", ""아스파탐"", ""구연산삼나트륨"", ""향료"", ""향료"", ""혼합제제"", ""혼합제제""]"
20000360372425,펩시프리바이오틱제로슈거요거트향,롯데칠성음료(주),탄산음료,2026-08-13,2026-08-20,zero,11,"[""수크랄로스"", ""아세설팜칼륨"", ""아스파탐"", ""구연산삼나트륨"", ""난소화성말토덱스트린(고시형)"", ""구연산(무수)"", ""향료"", ""혼합제제"", ""혼합제제"", ""정제수"", ""이산화탄소""]"
2021044228242,펩시프리바이오틱제로슈거요거트향,롯데칠성음료(주),탄산음료,2026-08-12,2026-08-14,zero,11,"[""아세설팜칼륨"", ""아스파탐"", ""구연산삼나트륨"", ""난소화성말토덱스트린(고시형)"", ""구연산(무수)"", ""향료"", ""혼합제제"", ""혼합제제"", ""정제수"", ""이산화탄소"", ""수크랄로스""]"
19980449002734,포도봉봉 제로,해태에이치티비주식회사,혼합음료,2024-05-09,2024-05-11,zero,16,"[""구연산삼나트륨"", ""구연산(결정)"", ""정제소금"", ""포도과립"", ""알룰로오스"", ""백포도농축액"", ""아세설팜칼륨"", ""수크랄로스"", ""염화마그네슘"", ""비타민C"", ""염화칼륨"", ""정제수"", ""포도향"", ""포도향"", ""청포도향"", ""스테비올배당체""]"
20030473071544,포도향 제로,건강한사람들 주식회사 2사업장,탄산음료,2026-06-11,2026-06-12,zero,12,"[""정제수"", ""이산화탄소"", ""향료"", ""향료"", ""식용색소청색제1호"", ""식용색소적색제40호"", ""수크랄로스"", ""아세설팜칼륨"", ""구연산삼나트륨"", ""DL-사과산"", ""구연산"", ""알룰로오스""]"
20100473135252,포케올데이 슈가 제로 메밀면,천일식품(주)홍성공장,숙면,2025-10-24,2025-10-25,zero,10,"[""변성전분"", ""정제수"", ""밀가루"", ""곡류가공품"", ""밀글루텐"", ""정제소금"", ""혼합제제"", ""구아검"", ""잔탄검"", ""알긴산프로필렌글리콜""]"
2022020732315,포케올데이 제로슈가 자일리톨캔디 페퍼민트향,주식회사 노마드크라운,캔디류,2024-11-11,2024-12-05,zero,4,"[""치자청색소"", ""천연향료(Menthol)"", ""페퍼민트향"", ""자일리톨""]"
2016063409544,포켓몬 애사비 젤리 믹스 제로,(주)에스디푸드,캔디류,2025-10-01,2025-10-02,zero,22,"[""홍화황색소"", ""정제수"", ""젖산칼슘"", ""과.채가공품"", ""과.채가공품"", ""과.채가공품"", ""글리세린지방산에스테르"", ""향료"", ""혼합제제"", ""혼합제제"", ""젤란검"", ""폴리글리시톨시럽"", ""말티톨시럽"", ""기타가공품"", ""젤라틴"", ""구연산삼나트륨"", ""향료"", ""향료"", ""펙틴"", ""구연산"", ""혼합제제"", ""기타 식용유지가공품""]"
20140445270442,포트캔 제로 복숭아아이스티베이스,푸드에이스,당류가공품,2024-10-31,2024-11-19,zero,13,"[""소브산칼륨"", ""스테비텐후레쉬"", ""수크랄로스"", ""규소수지"", ""아세설팜칼륨"", ""DL-사과산"", ""과.채가공품"", ""시트러스향"", ""카라멜색소분말"", ""구연산"", ""복숭아향"", ""홍차베이스"", ""당류가공품""]"
20140445270444,포트캔 제로 자몽아이스티베이스,푸드에이스,당류가공품,2024-11-11,2024-11-19,zero,13,"[""카라멜색소 Ⅲ"", ""스테비텐후레쉬"", ""수크랄로스"", ""규소수지"", ""아세설팜칼륨"", ""자몽과즙"", ""자몽향"", ""주정"", ""DL-사과산"", ""구연산삼나트륨"", ""홍차베이스"", ""당류가공품"", ""소브산칼륨""]"
199104450779973,폰타나 제로슈거 사우전아일랜드 드레싱,주식회사 동방푸드마스타,소스,2025-12-24,2026-01-23,zero,22,"[""이.디.티.에이.칼슘이나트륨"", ""천연향신료"", ""천연향신료"", ""파프리카추출색소"", ""파슬리플레이크"", ""기타가공품"", ""가공유크림"", ""정제소금"", ""효모식품"", ""향신료조제품"", ""천연향신료"", ""소스"", ""소스"", ""변성전분"", ""기타가공품"", ""당류가공품"", ""과.채가공품"", ""발효식초"", ""말티톨액"", ""정제수"", ""소스"", ""마요네즈""]"
199104450779974,폰타나 제로슈거 시저 드레싱,주식회사 동방푸드마스타,소스,2025-12-24,2026-01-23,zero,27,"[""정제수"", ""기타가공품"", ""당류가공품"", ""마요네즈"", ""이.디.티.에이.칼슘이나트륨"", ""수크랄로스"", ""기타가공품"", ""타마린드검"", ""치즈"", ""향료"", ""가공유크림"", ""효모식품"", ""구연산"", ""마늘플레이크"", ""천연향신료"", ""소스"", ""향신료조제품"", ""베이컨류"", ""소스"", ""변성전분"", ""정제소금"", ""가공치즈"", ""주정"", ""기타가공품"", ""발효식초"", ""소스"", ""가공치즈""]"
199104450779972,폰타나 제로슈거 오리엔탈 드레싱,주식회사 동방푸드마스타,소스,2025-12-24,2026-01-23,zero,28,"[""과채주스"", ""과.채가공품"", ""정제소금"", ""채종유(유채유 또는 카놀라유)"", ""당류가공품"", ""발효식초"", ""말티톨액"", ""양조간장"", ""정제수"", ""마늘플레이크"", ""소스"", ""소스"", ""기타 농산가공품"", ""소스"", ""기타가공품"", ""참기름"", ""변성전분"", ""카라멜색소 Ⅳ"", ""타마린드검"", ""향료제제"", ""잔탄검"", ""혼합제제"", ""수크랄로스"", ""이.디.티.에이.칼슘이나트륨"", ""바질분말"", ""오레가노분말"", ""타임분말"", ""천연향신료""]"
199104450779971,폰타나 제로슈거 참깨 드레싱,주식회사 동방푸드마스타,소스,2025-12-23,2025-12-25,zero,22,"[""이.디.티.에이.칼슘이나트륨"", ""천연향신료"", ""기타가공품"", ""올리브유"", ""땅콩 또는 견과류가공품"", ""효모식품"", ""소스"", ""변성전분"", ""참기름"", ""기타가공품"", ""땅콩페이스트"", ""소스"", ""참깨분말"", ""발효식초"", ""양조간장"", ""말티톨액"", ""마요네즈"", ""정제수"", ""검정깨볶음"", ""기타 농산가공품"", ""정제소금"", ""올리고당가공품""]"
2020056403552,폴라포 스포츠 제로,빙그레 경산공장,빙과,2025-03-04,2025-03-07,zero,14,"[""정제수"", ""아세설팜칼륨"", ""향료"", ""구연산삼나트륨"", ""수크랄로스"", ""향료"", ""스피룰리나색소"", ""비타민C"", ""향료"", ""혼합제제"", ""구연산"", ""혼합제제"", ""에리스리톨"", ""알룰로오스""]"
202104913494,폼제로-300F,주식회사 케미드,혼합제제,2021-08-20,2024-01-17,zero,5,"[""규소수지"", ""소르비탄지방산에스테르"", ""폴리소르베이트60"", ""카복시메틸셀룰로스나트륨"", ""정제수""]"
202104913492,폼제로-500F,주식회사 케미드,혼합제제,2021-08-20,2024-01-17,zero,5,"[""규소수지"", ""소르비탄지방산에스테르"", ""폴리소르베이트65"", ""카복시메틸셀룰로스나트륨"", ""정제수""]"
202104913491,폼제로-530F,주식회사 케미드,혼합제제,2021-08-20,2024-01-17,zero,5,"[""규소수지"", ""소르비탄지방산에스테르"", ""폴리소르베이트60"", ""카복시메틸셀룰로스나트륨"", ""정제수""]"
202104913493,폼제로-600F,주식회사 케미드,혼합제제,2021-08-20,2024-01-17,zero,5,"[""규소수지"", ""소르비탄지방산에스테르"", ""폴리소르베이트 60"", ""카복시메틸셀룰로스나트륨"", ""정제수""]"
20220369252248,퐈이어빈 제로 블렌드 커피 캡슐,주식회사 다뮤지끄,커피,2025-04-14,2026-02-01,zero,3,"[""볶은커피"", ""볶은커피"", ""볶은커피""]"
201003082571214,푸드차지 제로슈가 복숭아 아이스티,(주)아름터,음료베이스,2025-10-01,2025-10-15,zero,13,"[""안식향산나트륨"", ""수크랄로스"", ""아세설팜칼륨"", ""카라멜색소 Ⅳ"", ""과.채가공품"", ""비타민C"", ""고형차"", ""복숭아향"", ""구연산"", ""D-소비톨액"", ""에리스리톨"", ""D-말티톨"", ""정제수""]"
20030473071460,풀무원 브리지톡 레몬토닉 제로,건강한사람들 주식회사 2사업장,탄산음료,2023-05-25,2023-07-04,zero,9,"[""정제수"", ""이산화탄소"", ""향료"", ""향료"", ""효소처리스테비아"", ""비타민C"", ""구연산"", ""알룰로오스"", ""과.채가공품""]"
20030473071461,풀무원 브리지톡 진저에일 제로,건강한사람들 주식회사 2사업장,탄산음료,2023-05-25,2023-07-04,zero,10,"[""효소처리스테비아"", ""비타민C"", ""구연산"", ""알룰로오스"", ""당류가공품"", ""정제수"", ""이산화탄소"", ""향료"", ""향료"", ""향료""]"
20030473071448,풀무원 브리지톡 피치블랙티 제로,건강한사람들 주식회사 2사업장,탄산음료,2023-05-02,2024-01-11,zero,9,"[""홍차추출액"", ""과.채가공품"", ""알룰로오스"", ""구연산"", ""효소처리스테비아"", ""비타민C"", ""향료"", ""이산화탄소"", ""정제수""]"
20110445029216,퓨리타 레몬녹차 제로,주식회사 퓨럽2공장,혼합음료,2025-02-18,2025-02-21,zero,11,"[""정제수"", ""향료"", ""향료"", ""홍화황색소"", ""스테비올배당체"", ""수크랄로스"", ""L-아스코브산칼슘"", ""구연산"", ""에리스리톨"", ""녹차농축액"", ""과.채가공품류""]"
20110445029215,퓨리타 복숭아녹차 제로,주식회사 퓨럽2공장,혼합음료,2025-02-18,2025-02-21,zero,10,"[""정제수"", ""향료"", ""향료"", ""락색소"", ""스테비올배당체"", ""비타민C"", ""구연산"", ""에리스리톨"", ""녹차농축액"", ""과.채가공품류""]"
20110445029217,퓨리타 애플망고녹차 제로,주식회사 퓨럽2공장,혼합음료,2025-02-18,2025-02-19,zero,11,"[""정제수"", ""향료"", ""향료"", ""β-카로틴"", ""아세설팜칼륨"", ""수크랄로스"", ""L-아스코브산칼슘"", ""구연산"", ""에리스리톨"", ""녹차농축액"", ""과.채가공품류""]"
20110445029218,퓨리타 자두녹차 제로,주식회사 퓨럽2공장,혼합음료,2025-02-18,2025-02-20,zero,12,"[""향료"", ""정제수"", ""향료"", ""포도과피색소"", ""홍화황색소"", ""과.채가공품류"", ""녹차농축액"", ""에리스리톨"", ""구연산"", ""비타민C"", ""수크랄로스"", ""스테비올배당체""]"
19830360016203,프로틴 그래놀라 제로슈거,농심켈로그주식회사,곡류가공품,2025-04-02,2026-08-20,zero,18,"[""곡류가공품"", ""비타민혼합제제"", ""비타민무기질혼합제제"", ""효소처리스테비아"", ""제삼인산칼슘"", ""탄산칼슘"", ""두류가공품"", ""정제소금"", ""곡류가공품"", ""알룰로오스"", ""통밀가루"", ""말티톨액"", ""밀글루텐"", ""D-토코페롤 혼합제제"", ""쌀가루"", ""밀가루"", ""옥수수가루"", ""초콜릿가공품""]"
20200470347208,프로틴 그래놀라 제로슈거 컵,농업회사법인주식회사두리두리,곡류가공품,2025-09-04,2025-09-06,zero,3,"[""곡류가공품"", ""곡류가공품"", ""초콜릿가공품""]"
19950433026734,프로틴 콜라 제로슈가 탄산 (245ml) CAN,(주)금강비앤에프,탄산음료,2023-03-10,2023-03-14,zero,17,"[""카페인"", ""아세설팜칼륨"", ""수크랄로스"", ""인산"", ""구연산삼나트륨"", ""카라멜색소 Ⅱ"", ""에리스리톨"", ""이산화탄소"", ""유청단백분말"", ""효소처리스테비아"", ""혼합제제"", ""정제수"", ""천연향료(Lime)"", ""라임향"", ""식용색소청색제1호"", ""식용색소적색제40호"", ""식용색소황색제4호""]"
202506190702,프로팁 제로 블랙라거 스타일,아리랑브루어리주식회사,탄산음료,2025-09-01,2025-09-27,zero,8,"[""이산화탄소"", ""황산칼슘"", ""구연산"", ""비트루트분말"", ""호프펠렛"", ""유청단백분말"", ""맥아"", ""정제수""]"
202506190703,프로팁 제로 에일 스타일,아리랑브루어리주식회사,탄산음료,2025-09-01,2025-09-27,zero,8,"[""황산칼슘"", ""구연산"", ""비트루트분말"", ""호프펠렛"", ""유청단백분말"", ""맥아"", ""정제수"", ""이산화탄소""]"
20200363209180,프룻스타 제로  청포도베이스,(주)누리지에프에스,음료베이스,2023-10-26,2024-09-28,zero,17,"[""과.채가공품"", ""스피루리나청색소"", ""혼합제제"", ""아미드펙틴"", ""구연산삼나트륨"", ""수크랄로스"", ""혼합제제"", ""구연산(무수)"", ""청포도향"", ""포도농축액"", ""D-자일로오스"", ""에리스리톨"", ""포도과립"", ""프락토올리고당"", ""청포도농축액"", ""D-소비톨액"", ""정제수""]"
20200363209234,프룻스타 제로 납작복숭아베이스,(주)누리지에프에스,음료베이스,2025-03-05,2025-03-14,zero,18,"[""글리신"", ""정제소금"", ""구연산삼나트륨"", ""구연산(무수)"", ""D-소비톨액"", ""과.채가공품"", ""에리스리톨"", ""정제수"", ""알룰로오스"", ""적양배추색소"", ""아세설팜칼륨"", ""과.채가공품"", ""비타민C"", ""효소처리스테비아"", ""향료"", ""향료"", ""향료"", ""파프리카추출색소""]"
20200363209178,프룻스타 제로 레드자몽베이스,(주)누리지에프에스,음료베이스,2023-10-26,2025-05-16,zero,16,"[""과.채가공품"", ""알룰로오스"", ""정제소금"", ""D-소비톨액"", ""정제수"", ""에리스리톨"", ""자몽향"", ""구연산(무수)"", ""혼합제제"", ""글리신"", ""아미드펙틴"", ""구연산삼나트륨"", ""수크랄로스"", ""효소처리스테비아"", ""과.채가공품"", ""나린진""]"
20200363209179,프룻스타 제로 레몬베이스,(주)누리지에프에스,음료베이스,2023-10-26,2025-05-16,zero,18,"[""알룰로오스"", ""과.채가공품"", ""정제수"", ""에리스리톨"", ""D-소비톨액"", ""향료"", ""구연산(무수)"", ""향료"", ""향료"", ""구연산삼나트륨"", ""효소처리스테비아"", ""아세설팜칼륨"", ""치자황색소"", ""DL-사과산"", ""글리신"", ""정제소금"", ""향료"", ""과.채가공품""]"
20200363209251,프룻스타 제로 말차소스,(주)누리지에프에스,음료베이스,2025-07-10,2026-02-06,zero,17,"[""식용색소청색제1호"", ""식용색소황색제4호"", ""향료"", ""안식향산나트륨"", ""잔탄검"", ""정제소금"", ""자당지방산에스테르"", ""효소처리스테비아"", ""혼합제제"", ""향료제제"", ""녹차가루"", ""식물성크림"", ""가공유크림"", ""에리스리톨"", ""정제수"", ""D-소비톨액"", ""알룰로오스""]"
20030523072586,프리미엄 말차파우더 제로슈가,주식회사 티젠,고형차,2024-10-08,2026-07-01,zero,4,"[""수크랄로스"", ""녹차가루"", ""알룰로오스"", ""난소화성말토덱스트린(고시형)""]"
20210606928185,프리미엄 윤방부 박사의 더원 알부민 당제로,주식회사 마루바이오,혼합음료,2026-03-04,2026-03-20,zero,1,"[""혼합음료""]"
20070309132909,프리미엄 윤방부박사의 넘버원 알부민 당제로,(주)코리아화인에프티,혼합음료,2025-12-29,2026-01-01,zero,1,"[""혼합음료""]"
20060464021623,프리헷 제로 복숭아,주식회사 대상다이브스,당류가공품,2025-05-19,2025-05-21,zero,15,"[""구연산"", ""향료"", ""알룰로오스"", ""에리스리톨"", ""정제수"", ""복사나무열매농축액"", ""혼합제제"", ""아세설팜칼륨"", ""수크랄로스"", ""소브산칼륨"", ""잔탄검"", ""구연산삼나트륨"", ""DL-사과산"", ""홍차추출분말"", ""효소처리스테비아""]"
20070443110810,플랜트 콜라겐 부스터 제로,(주)삼양패키징광혜원공장,혼합음료,2024-02-22,2025-06-12,zero,16,"[""정제수"", ""에리스리톨"", ""향료"", ""기타가공품"", ""구연산"", ""과.채가공품"", ""향료"", ""향료"", ""정제소금"", ""구연산삼나트륨"", ""스테비올배당체"", ""글루콘산아연"", ""니코틴산아미드"", ""판토텐산칼슘"", ""비타민B6염산염"", ""기타가공품""]"
20170415082254,피그즈 제로 갈릭시즈닝,주식회사 목화,복합조미식품,2022-08-08,2022-08-11,zero,12,"[""천연향신료"", ""정제소금"", ""건마늘플레이크"", ""건양파분태"", ""마늘가루"", ""이산화규소"", ""건조바질"", ""바질분말"", ""천연향신료"", ""고춧가루"", ""후추분태"", ""건파슬리플레이크""]"
20170415082252,피그즈 제로 렌치시즈닝,주식회사 목화,복합조미식품,2022-08-08,2022-08-11,zero,9,"[""천연향신료"", ""탈지분유"", ""정제소금"", ""건양파분태"", ""양파분말"", ""이산화규소"", ""건파슬리플레이크"", ""후추분태"", ""식품첨가물혼합제제""]"
20170415082253,피그즈 제로 오리지널시즈닝,주식회사 목화,복합조미식품,2022-08-08,2022-08-11,zero,11,"[""천연향신료"", ""정제소금"", ""양파분말"", ""고춧가루"", ""천연향신료"", ""천연향신료"", ""이산화규소"", ""오레가노분말"", ""건조바질"", ""바질분말"", ""후추분태""]"
19970464172640,피로제로,(주)보고신약 논산공장,혼합음료,2024-11-12,2025-01-09,zero,18,"[""정제수"", ""체리향"", ""L-아스파라진"", ""L-아스파트산"", ""기타과당"", ""백설탕"", ""체리농축액"", ""아미노산혼합제제"", ""L-카르니틴"", ""L-글루타민"", ""L-아르지닌"", ""베타인"", ""구연산"", ""구연산삼나트륨"", ""비타민B1염산염"", ""비타민 B12 혼합제제분말"", ""잔탄검"", ""효소처리스테비아""]"
20010364551608,피스트제로 파인애플,(주)비오팜,고형차,2023-04-18,2026-02-01,zero,26,"[""자일리톨"", ""구연산"", ""과라나추출물분말"", ""탄산수소나트륨"", ""DL-사과산"", ""효소처리스테비아"", ""난소화성말토덱스트린(고시형)"", ""파인애플향분말"", ""강황추출물분말"", ""파인애플과즙분말"", ""타우린"", ""산화아연"", ""수크랄로스"", ""판토텐산칼슘"", ""아미노산혼합제제"", ""바나바잎추출물"", ""여주추출분말"", ""뚱딴지추출분말"", ""생강추출분말"", ""흑마늘추출물분말"", ""녹차농축"", ""비오틴 혼합분말"", ""비타민B12혼합제제분말"", ""비타민B6염산염"", ""비타민B1염산염"", ""비타민B2""]"
20010364551611,피스트제로 패션후르츠,(주)비오팜,고형차,2023-04-24,2026-02-01,zero,26,"[""자일리톨"", ""구연산"", ""과라나추출물분말"", ""레드비트주스분말"", ""탄산수소나트륨"", ""DL-사과산"", ""효소처리스테비아"", ""과.채가공품"", ""혼합제제"", ""타우린"", ""난소화성말토덱스트린(고시형)"", ""산화아연"", ""수크랄로스"", ""판토텐산칼슘"", ""아미노산혼합제제"", ""바나바잎추출물"", ""여주추출분말"", ""뚱딴지추출분말"", ""생강추출분말"", ""흑마늘추출물분말"", ""녹차농축"", ""비오틴 혼합분말"", ""비타민B12혼합제제분말"", ""비타민B6염산염"", ""비타민B1염산염"", ""비타민B2""]"
20010364551630,피스트제로 허니자몽,(주)비오팜,고형차,2023-06-15,2026-02-01,zero,28,"[""과라나추출물분말"", ""구연산"", ""자일리톨"", ""향료"", ""산화아연"", ""난소화성말토덱스트린(고시형)"", ""타우린"", ""벌꿀분말"", ""강황추출물분말"", ""자몽분말"", ""효소처리스테비아"", ""DL-사과산"", ""레드비트주스분말"", ""탄산수소나트륨"", ""녹차농축"", ""흑마늘추출물분말"", ""수크랄로스"", ""판토텐산칼슘"", ""아미노산혼합제제"", ""바나바잎추출물"", ""여주추출분말"", ""뚱딴지추출분말"", ""생강추출분말"", ""비타민B2"", ""비타민B1염산염"", ""비타민B6염산염"", ""비타민B12혼합제제분말"", ""비오틴 혼합분말""]"
20070443110917,피치 얼그레이 제로,(주)삼양패키징광혜원공장,액상차,2024-12-26,2025-01-04,zero,13,"[""정제수"", ""수크랄로스"", ""아세설팜칼륨"", ""비타민C"", ""구연산삼나트륨"", ""향료"", ""홍차추출분말"", ""과.채가공품"", ""향료"", ""향료"", ""구연산"", ""에리스리톨"", ""식물혼합추출액""]"
20000441043320,피크닉 사과 제로,매일유업(주)영동공장,혼합음료,2024-05-08,2025-09-23,zero,13,"[""정제수"", ""에리스리톨"", ""농축사과과즙"", ""사과페이스트"", ""구연산"", ""펙틴"", ""향료제제"", ""향료"", ""구연산삼나트륨"", ""향료"", ""수크랄로스"", ""아세설팜칼륨"", ""탈지분유분말""]"
20000441043321,피크닉 청포도 제로,매일유업(주)영동공장,혼합음료,2024-05-08,2025-09-23,zero,13,"[""구연산삼나트륨"", ""향료제제"", ""펙틴"", ""향료"", ""사과페이스트"", ""구연산"", ""청포도농축액"", ""에리스리톨"", ""정제수"", ""향료"", ""탈지분유분말"", ""아세설팜칼륨"", ""수크랄로스""]"
200704431101004,피크닉 칠 제로 레몬라임,(주)삼양패키징광혜원공장,탄산음료,2025-06-05,2025-07-12,zero,14,"[""정제수"", ""향료"", ""수크랄로스"", ""아세설팜칼륨"", ""향료"", ""과.채가공품"", ""과.채가공품"", ""향료"", ""구연산삼나트륨"", ""향료제제"", ""향료제제"", ""구연산"", ""이산화탄소"", ""에리스리톨""]"
200704431101005,피크닉 칠 제로 오렌지,(주)삼양패키징광혜원공장,탄산음료,2025-06-05,2025-06-25,zero,12,"[""에리스리톨"", ""이산화탄소"", ""구연산"", ""과.채가공품"", ""향료제제"", ""향료"", ""구연산삼나트륨"", ""향료"", ""향료"", ""아세설팜칼륨"", ""수크랄로스"", ""정제수""]"
200201685452,피터씨마켓 가시제로 가자미,(주)바다마을,기타 수산물가공품,2004-07-16,2021-05-07,zero,3,"[""가자미"", ""천일염"", ""녹차물""]"
2002016854577,피터씨마켓 가시제로 갈치,(주)바다마을,기타 수산물가공품,2021-08-17,2021-08-26,zero,3,"[""갈치"", ""천일염"", ""녹차물""]"
20050163147104,피터씨마켓 가시제로 고등어,(주)영피쉬,기타 수산물가공품,2017-08-30,2025-09-18,zero,3,"[""녹차물"", ""천일염"", ""고등어""]"
20050163147113,피터씨마켓 가시제로 민어조기,(주)영피쉬,기타 수산물가공품,2021-07-06,2025-09-18,zero,3,"[""민어"", ""천일염"", ""녹차물""]"
20050163147105,피터씨마켓 가시제로 삼치,(주)영피쉬,기타 수산물가공품,2017-08-30,2025-09-18,zero,3,"[""녹차물"", ""천일염"", ""삼치""]"
20120128248380,피터씨마켓 가시제로 삼치,파도소리(주),기타 수산물가공품,2023-11-27,2023-12-08,zero,2,"[""천일염"", ""삼치""]"
2002016854544,피터씨마켓 가시제로 임연수,(주)바다마을,기타 수산물가공품,2014-11-03,2021-05-07,zero,3,"[""임연수어"", ""천일염"", ""녹차물""]"
20030144209292,피터씨마켓 가시제로 한입동태살,주식회사 에스엔씨메이드,어육살,2021-06-23,2021-06-25,zero,1,"[""명태살""]"
2002016854570,피터씨마켓 국내산 가시제로 고등어,(주)바다마을,기타 수산물가공품,2024-12-05,2025-11-19,zero,3,"[""고등어"", ""녹차물"", ""천일염""]"
197902570011011,하나로굿 모카골드 제로슈가 커피믹스,남양유업주식회사 세종공장,커피,2025-04-28,2025-06-13,zero,3,"[""에리스리톨"", ""식물성크림"", ""인스턴트커피""]"
20020445102130,하나로굿 모카골드 제로슈가 커피믹스,(주)제이에스푸드,커피,2026-02-03,2026-02-04,zero,3,"[""식물성크림"", ""에리스리톨"", ""커피""]"
20080415099379,하루한포 구증구포 흑삼제로,주식회사 휴럼,인삼.홍삼음료,2025-11-12,2026-02-05,zero,4,"[""향료"", ""쌍화농축액"", ""흑삼농축액"", ""정제수""]"
20100543066988,하우스사이다 제로,오케이에프음료 주식회사,탄산음료,2021-12-15,2021-12-17,zero,9,"[""아세설팜칼륨"", ""천연향료"", ""구연산삼나트륨"", ""정제수"", ""이산화탄소"", ""구연산"", ""합성향료"", ""합성향료"", ""수크랄로스""]"
201005430661770,하이트제로 0.00 레몬&유자,오케이에프음료 주식회사,탄산음료,2026-06-11,2026-06-13,zero,21,"[""향료"", ""향료"", ""향료"", ""향료"", ""향료"", ""향료"", ""산도조절제"", ""산도조절제"", ""수크랄로스"", ""효소처리스테비아"", ""기타가공품"", ""기타가공품"", ""DL-알라닌"", ""기타 농산가공품"", ""기타가공품"", ""유자착즙액"", ""레몬농축액"", ""치커리식이섬유"", ""이산화탄소"", ""알룰로오스"", ""정제수""]"
20100543066967,하이트제로 0.00(hite ZERO 0.00),오케이에프음료 주식회사,탄산음료,2021-08-05,2026-05-21,zero,13,"[""젖산"", ""글리신"", ""두류가공품"", ""폴리덱스트로스"", ""기타 농산가공품"", ""기타가공품"", ""정제수"", ""향료"", ""향료"", ""이산화탄소"", ""기타가공품"", ""기타가공품"", ""향료""]"
19920562023440,하이트제로 0.00(hite ZERO 0.00),대경사과원예농협음료가공공장,탄산음료,2021-01-20,2024-08-07,zero,13,"[""기타가공품"", ""기타 농산가공품"", ""젖산"", ""두류가공품"", ""글리신"", ""폴리덱스트로스"", ""정제수"", ""이산화탄소"", ""향료"", ""향료"", ""향료"", ""기타가공품"", ""기타가공품""]"
19920624042904,하이트제로 0.00(hite ZERO 0.00),(주)상일,탄산음료,2022-12-07,2024-07-09,zero,13,"[""향료"", ""두류가공품"", ""향료"", ""기타가공품"", ""기타가공품"", ""정제수"", ""폴리덱스트로스"", ""이산화탄소"", ""향료"", ""기타가공품"", ""기타 농산가공품"", ""젖산"", ""글리신""]"
200100535802911,한결제로슈가돼지왕구이용비법소스,엠지푸드솔루션 주식회사,소스,2025-04-02,2025-05-03,zero,17,"[""수크랄로스"", ""잔탄검"", ""천연향신료"", ""정제소금"", ""카라멜색소 Ⅲ"", ""소스"", ""참기름"", ""생강"", ""L-글루탐산나트륨"", ""콩기름(대두유)"", ""마늘"", ""양파"", ""과.채가공품"", ""D-소비톨액"", ""당류가공품"", ""혼합간장"", ""정제수""]"
20210323312194,한결제로슈가소불고기비법소스,주식회사 송연에스피,소스,2024-08-07,2026-04-30,zero,21,"[""아세설팜칼륨"", ""정제수"", ""당류가공품"", ""한식간장"", ""에리스리톨"", ""L-글루탐산나트륨"", ""마늘"", ""양파"", ""과.채가공품"", ""변성전분"", ""복합조미식품"", ""카라멜색소 Ⅲ"", ""생강"", ""참기름"", ""정제소금"", ""폴리인산나트륨"", ""구연산"", ""과.채가공품"", ""잔탄검"", ""천연향신료"", ""비타민C""]"
20060364466302,한끼통살 제로마리네이드,(주)청정두리,기타가공품,2010-12-21,2026-02-01,zero,11,"[""정제소금"", ""탄산수소나트륨"", ""전분"", ""과.채가공품"", ""L-글루탐산나트륨"", ""식품첨가물혼합제제"", ""두류가공품"", ""천연향신료"", ""천연향신료"", ""기타가공품"", ""콩기름(대두유)""]"
201904421492710,한끼통살 제로슈가떡볶이소스,(주)동원홈푸드,소스,2025-05-14,2025-05-20,zero,16,"[""정제수"", ""당류가공품"", ""고춧가루"", ""양조간장"", ""변성전분"", ""곡류가공품"", ""정제소금"", ""L-글루탐산나트륨"", ""파프리카추출색소"", ""향료제제"", ""양파분말"", ""향신료조제품"", ""효모추출물"", ""새우분말"", ""멸치분말"", ""잔탄검""]"
2002046107315896,한끼통살 제로슈가떡볶이소스,(주)동원홈푸드,소스,2025-05-13,2025-05-16,zero,16,"[""멸치분말"", ""새우분말"", ""효모추출물"", ""향신료조제품"", ""정제수"", ""당류가공품"", ""고춧가루"", ""양조간장"", ""변성전분"", ""곡류가공품"", ""정제소금"", ""L-글루탐산나트륨"", ""파프리카추출색소"", ""향료제제"", ""양파분말"", ""잔탄검""]"
2013001901621,한라산 제로 Hallasan Zero,㈜한라산,소주,2023-06-08,2023-06-08,zero,6,"[""토마틴"", ""L-아스파라진"", ""효소처리스테비아"", ""보리증류식소주원액"", ""주정"", ""정제수""]"
201005430661134,할리스 복숭아 얼그레이 제로,오케이에프음료 주식회사,혼합음료,2023-03-17,2023-05-26,zero,10,"[""향료"", ""복숭아농축액"", ""에리스리톨"", ""정제수"", ""침출차"", ""향료"", ""구연산"", ""물엿"", ""수크랄로스"", ""비타민C""]"
20070443110876,할리스 복숭아 얼그레이 제로,(주)삼양패키징광혜원공장,액상차,2024-07-29,2025-06-05,zero,13,"[""정제수"", ""수크랄로스"", ""아세설팜칼륨"", ""비타민C"", ""구연산삼나트륨"", ""고형차"", ""과.채가공품"", ""향료"", ""향료"", ""향료"", ""구연산"", ""에리스리톨"", ""식물혼합추출액""]"
20070443110878,할리스 제주청귤 그린티 제로,(주)삼양패키징광혜원공장,혼합음료,2024-07-29,2025-05-27,zero,12,"[""정제수"", ""식용색소청색제1호"", ""식용색소황색제4호"", ""수크랄로스"", ""아세설팜칼륨"", ""구연산삼나트륨"", ""향료"", ""향료"", ""향료"", ""구연산"", ""에리스리톨"", ""식물혼합추출액""]"
19780368002627,핫식스제로,롯데칠성음료(주),탄산음료,2023-02-22,2023-03-03,zero,23,"[""향료제제"", ""수크랄로스"", ""혼합제제"", ""과라나추출물분말"", ""홍삼농축액"", ""혼합제제"", ""향료"", ""정제수"", ""알룰로오스"", ""에리스리톨"", ""이산화탄소"", ""구연산"", ""구연산삼나트륨"", ""타우린"", ""향료"", ""비타민C"", ""기타 농산가공품"", ""향료"", ""가시오갈피추출농축액"", ""이노시톨"", ""홍차추출분말"", ""아세설팜칼륨"", ""카페인""]"
19780614001457,핫식스제로,롯데칠성음료(주),탄산음료,2023-02-27,2023-02-28,zero,23,"[""오렌지향"", ""합성향료"", ""천연향료(Lemon)"", ""이산화탄소"", ""정제수"", ""기타가공품"", ""과라나추출물분말"", ""가시오갈피추출농축액"", ""홍삼농축액"", ""알룰로오스"", ""에리스리톨"", ""구연산(결정)"", ""구연산삼나트륨"", ""수크랄로스"", ""아세설팜칼륨"", ""타우린"", ""비타민C"", ""이노시톨"", ""식품첨가물"", ""혼합제제"", ""혼합제제"", ""홍차추출분말"", ""합성향료""]"
20000360372348,핫식스제로,롯데칠성음료(주),탄산음료,2023-02-28,2023-03-16,zero,23,"[""알룰로오스"", ""에리스리톨"", ""구연산"", ""구연산삼나트륨"", ""수크랄로스"", ""아세설팜칼륨"", ""타우린"", ""비타민C"", ""이노시톨"", ""카페인"", ""혼합제제"", ""혼합제제"", ""홍차추출분말"", ""혼합과일향"", ""오렌지향"", ""혼합과일향"", ""레몬향"", ""이산화탄소"", ""정제수"", ""홍삼농축액"", ""기타 농산가공품"", ""가시오갈피추출농축액"", ""과라나추출물분말""]"
19930242053447,핫식스제로,롯데칠성음료(주),탄산음료,2023-02-24,2025-01-09,zero,19,"[""정제수"", ""이산화탄소"", ""향료"", ""향료"", ""향료"", ""향료"", ""홍차추출분말"", ""혼합제제"", ""타우린"", ""카페인"", ""구연산삼나트륨"", ""구연산"", ""아세설팜칼륨"", ""수크랄로스"", ""에리스리톨"", ""알룰로오스"", ""홍삼농축액"", ""가시오갈피추출농축액"", ""기타 농산가공품""]"
20090360445404,핫초코 제로,(주)희망그린식품,기타 코코아가공품,2024-01-26,2024-01-27,zero,9,"[""식물성크림"", ""코코아분말"", ""식품첨가물"", ""난소화성말토덱스트린(고시형)"", ""식품첨가물혼합제제"", ""정제소금"", ""식품첨가물"", ""식품첨가물"", ""식품첨가물""]"
20110084489823,허니복숭아에이드 제로,(주)웰파인,혼합음료,2026-01-13,2026-01-14,zero,16,"[""DL-사과산"", ""정제수"", ""에리스리톨"", ""복사나무열매농축액"", ""복사나무열매농축액"", ""구연산"", ""향료"", ""혼합제제"", ""식용색소황색제5호"", ""식용색소적색제40호"", ""향료"", ""아세설팜칼륨"", ""사양벌꿀"", ""수크랄로스"", ""스테비올배당체"", ""정제소금""]"
20000449035992,허니복숭아에이드 제로,(주)쟈뎅,혼합음료,2026-01-13,2026-01-14,zero,16,"[""에리스리톨"", ""복사나무열매농축액"", ""복사나무열매농축액"", ""구연산"", ""향료"", ""혼합제제"", ""DL-사과산"", ""정제소금"", ""정제수"", ""식용색소황색제5호"", ""식용색소적색제40호"", ""향료"", ""아세설팜칼륨"", ""사양벌꿀"", ""수크랄로스"", ""스테비올배당체""]"
20070464094553,허니복숭아에이드 제로슈거,(유)삼각에프엠씨 웰빙랜드,혼합음료,2023-07-27,2026-08-08,zero,16,"[""사양벌꿀"", ""복사나무열매농축액"", ""복사나무열매농축액"", ""구연산"", ""향료"", ""혼합제제"", ""향료"", ""수크랄로스"", ""식용색소적색제40호"", ""식용색소황색제5호"", ""정제수"", ""DL-사과산"", ""정제소금"", ""스테비올배당체"", ""아세설팜칼륨"", ""에리스리톨""]"
20080395120818,헤이즐넛향 1L 스위트 아메리카노 제로슈가,(주)서울에프엔비 횡성지점,커피,2025-04-02,2026-06-30,zero,10,"[""커피추출액"", ""정제수"", ""에리스리톨"", ""향료"", ""향료"", ""향료"", ""탄산수소나트륨"", ""효소처리스테비아"", ""수크랄로스"", ""에스프레소커피추출액""]"
20210269526530,헤이찰리 동결건조 보리차 - 제로 카페인,에이비비알 주식회사,고형차,2026-08-04,2026-08-13,zero,2,"[""볶은보리"", ""볶은치커리뿌리""]"
2016002999517,헬로모닝 제로,대한다업(주)필동티카페연구소,커피,2018-01-26,2022-03-09,zero,1,"[""커피원두""]"
2016002999526,헬로모닝 제로,대한다업(주)필동티카페연구소,커피,2018-02-02,2018-02-06,zero,1,"[""커피원두""]"
2016002999513,헬로모닝 제로 과테말라,대한다업(주)필동티카페연구소,커피,2018-01-26,2018-01-30,zero,1,"[""커피원두""]"
2016002999518,헬로모닝 제로 라이트블랜드,대한다업(주)필동티카페연구소,커피,2018-01-26,2018-01-30,zero,2,"[""커피원두"", ""커피원두""]"
2016002999511,헬로모닝 제로 브라질,대한다업(주)필동티카페연구소,커피,2018-01-26,2018-01-30,zero,1,"[""볶은커피원두""]"
2016002999516,헬로모닝 제로 에티오피아,대한다업(주)필동티카페연구소,커피,2018-01-26,2018-01-30,zero,1,"[""커피원두""]"
2016002999515,헬로모닝 제로 인도네시아,대한다업(주)필동티카페연구소,커피,2018-01-26,2018-01-30,zero,1,"[""커피원두""]"
2016002999514,헬로모닝 제로 케냐,대한다업(주)필동티카페연구소,커피,2018-01-26,2018-01-30,zero,1,"[""커피원두""]"
2016002999512,헬로모닝 제로 콜롬비아,대한다업(주)필동티카페연구소,커피,2018-01-26,2018-01-30,zero,1,"[""커피원두""]"
2016002999525,헬로모닝 제로 클래식블랜드,대한다업(주)필동티카페연구소,커피,2018-01-31,2020-08-29,zero,2,"[""커피원두"", ""커피원두""]"
2020021295113,헬스웰 리포좀 비타민C 1000 플러스 글루타치온 제로슈가,제일건강,기타가공품,2024-02-09,2026-07-01,zero,7,"[""비타민C혼합제제"", ""에리스리톨"", ""구연산(무수)"", ""레몬향분말"", ""건조효모"", ""효소처리스테비아"", ""레몬과즙분말""]"
202002129518,헬스웰 슈퍼울트라 환원형 글루타치온 제로슈가,제일건강,기타가공품,2023-04-01,2026-07-01,zero,8,"[""레몬향분말"", ""구연산(무수)"", ""치커리뿌리추출물"", ""효모추출물"", ""에리스리톨"", ""레몬과즙분말"", ""효소처리스테비아"", ""비타민C""]"
19990555093446,현타제로,농업회사법인(주)이비채,혼합음료,2024-10-29,2024-10-31,zero,18,"[""기타가공품"", ""기타과당"", ""정제수"", ""비타민B2"", ""향료"", ""향료"", ""단백질(고시형)"", ""구연산삼나트륨"", ""수크랄로스"", ""혼합허브추출물"", ""밀크씨슬"", ""구연산"", ""고형차"", ""L-트립토판"", ""비타민C"", ""구기자농축액"", ""타우린"", ""L-티로신""]"
2014035594870,형제로스터리 커피 과테말라 키체 SHB,(주)제뉴인,커피,2023-12-14,2023-12-21,zero,1,"[""커피""]"
2014035594874,형제로스터리 커피 디카페인 과테말라,(주)제뉴인,커피,2023-12-18,2023-12-23,zero,1,"[""커피""]"
2014035594875,형제로스터리 커피 디카페인 브라질,(주)제뉴인,커피,2023-12-18,2023-12-23,zero,1,"[""커피""]"
2014035594876,형제로스터리 커피 디카페인 에티오피아,(주)제뉴인,커피,2023-12-18,2023-12-23,zero,1,"[""커피""]"
2014035594877,형제로스터리 커피 디카페인 콜롬비아,(주)제뉴인,커피,2023-12-18,2023-12-23,zero,1,"[""커피""]"
2014035594867,형제로스터리 커피 베트남 로부스타 G1,(주)제뉴인,커피,2023-11-13,2023-12-15,zero,1,"[""커피""]"
2014035594871,형제로스터리 커피 브라질 세하도,(주)제뉴인,커피,2023-12-13,2023-12-21,zero,1,"[""커피""]"
2014035594879,형제로스터리 커피 블렌드 라 프리마베라,(주)제뉴인,커피,2023-12-19,2024-01-05,zero,5,"[""커피"", ""커피"", ""커피"", ""커피"", ""커피""]"
2014035594880,형제로스터리 커피 블렌드 엘 베라노,(주)제뉴인,커피,2023-12-19,2024-01-05,zero,3,"[""커피"", ""커피"", ""커피""]"
2014035594878,형제로스터리 커피 블렌드 엘 오또뇨,(주)제뉴인,커피,2023-12-19,2023-12-23,zero,3,"[""커피"", ""커피"", ""커피""]"
2014035594881,형제로스터리 커피 블렌드 엘 인비에르노,(주)제뉴인,커피,2023-12-19,2024-01-05,zero,4,"[""커피"", ""커피"", ""커피"", ""커피""]"
2014035594872,형제로스터리 커피 에티오피아 예가체프 G2,(주)제뉴인,커피,2023-12-13,2023-12-21,zero,1,"[""커피""]"
2014035594873,형제로스터리 커피 에티오피아 예가체프 G4,(주)제뉴인,커피,2023-12-13,2026-04-18,zero,1,"[""커피""]"
2014035594869,형제로스터리 커피 케냐 AA,(주)제뉴인,커피,2023-12-14,2023-12-21,zero,1,"[""커피""]"
2014035594868,형제로스터리 커피 콜롬비아 수프리모,(주)제뉴인,커피,2023-12-14,2023-12-21,zero,1,"[""커피""]"
20080509087171,"호두,아몬드,율무차 제로슈거",주식회사 담터에프엔비,고형차,2023-10-13,2026-08-15,zero,14,"[""수크랄로스"", ""스테비올배당체"", ""향료"", ""율무분말"", ""호박씨앗"", ""아몬드"", ""정제소금"", ""호두"", ""귀리분말"", ""통밀가루"", ""식물성크림"", ""곡류가공품"", ""식물성크림"", ""에리스리톨""]"
20080360126173,호두아몬드율무차 제로,주식회사 송원식품,고형차,2024-07-10,2025-12-12,zero,13,"[""이산화규소"", ""호두"", ""아몬드"", ""기타가공품"", ""볶은현미분말"", ""볶은쌀가루"", ""볶음대두분말"", ""식물성크림"", ""에리스리톨"", ""볶은율무분말"", ""정제소금"", ""수크랄로스"", ""효소처리스테비아""]"
20170333328466,호랑이보감 제로수정과,자연농장,액상차,2025-06-25,2025-06-26,zero,10,"[""비타민C"", ""계피추출액"", ""생강착즙액"", ""알룰로오스"", ""계피농축액"", ""계피향"", ""효소처리스테비아"", ""정제소금"", ""나한과추출물분말"", ""구연산(무수)""]"
2021049812222,호랑이생강청 제로,홍삼이 생강날때,액상차,2024-09-02,2026-07-24,zero,3,"[""생강"", ""알룰로오스"", ""천일염""]"
19960449002899,혼합식용유-제로,롯데웰푸드주식회사천안공장,혼합식용유,2010-03-10,2016-07-06,zero,3,"[""팜올레인유"", ""대두기름"", ""d-α-토코페롤""]"
20170347016283,홈즈앤루팡 제로슈가 복숭아 아이스티,(주)베오베,고형차,2025-03-12,2025-03-14,zero,11,"[""과.채가공품"", ""제삼인산칼슘"", ""혼합제제"", ""수크랄로스"", ""D-말티톨"", ""에리스리톨"", ""고형차"", ""구연산(무수)"", ""향료"", ""DL-사과산"", ""비타민 C(고시형)""]"
202207803629,홍강청 ZERO(제로),고담촌,액상차,2026-01-19,2026-01-20,zero,3,"[""건생강추출물"", ""알룰로오스"", ""생강가루""]"
19970443044422,홍삼진 골드 제로,(주)다정,인삼.홍삼음료,2023-06-27,2025-06-11,zero,12,"[""향료제제"", ""혼합제제"", ""아세설팜칼륨"", ""수크랄로스"", ""구연산삼나트륨"", ""비타민C"", ""구연산"", ""맥아추출액"", ""홍삼농축액"", ""덱스트린"", ""알룰로오스"", ""정제수""]"
200402750561168,홍삼진액 제로,(주)휴온스엔,인삼.홍삼음료,2026-06-05,2026-06-09,zero,5,"[""정제수"", ""기타가공품"", ""홍삼농축액"", ""향료"", ""구연산(무수)""]"
2012047111228,화덕에 구운 가시제로 가자미구이,주식회사 푸드향,기타 수산물가공품,2023-11-02,2023-11-06,zero,1,"[""가자미살""]"
2012047111219,화덕에 구운 가시제로 고등어구이,주식회사 푸드향,기타 수산물가공품,2023-02-17,2023-04-01,zero,1,"[""기타 수산물가공품""]"
2012047111226,화덕에 구운 가시제로 삼치구이,주식회사 푸드향,기타 수산물가공품,2023-06-15,2023-06-16,zero,3,"[""삼치"", ""천일염"", ""녹차물""]"
2012047111238,화덕에 구운 완전순살 가시제로 고등어 구이,주식회사 푸드향,기타 수산물가공품,2025-06-27,2025-07-01,zero,2,"[""천일염"", ""고등어""]"
19920562023523,환타 제로 상큼 피치,대경사과원예농협음료가공공장,탄산음료,2025-04-10,2025-04-12,zero,8,"[""정제수"", ""이산화탄소"", ""향료"", ""향료"", ""타르색소제제"", ""메타인산나트륨"", ""식품첨가물혼합제제"", ""식품첨가물혼합제제""]"
201005430661480,환타 제로 상큼 피치,오케이에프음료 주식회사,탄산음료,2025-04-04,2025-04-08,zero,8,"[""향료"", ""향료"", ""타르색소제제"", ""메타인산나트륨"", ""혼합제제"", ""혼합제제"", ""정제수"", ""이산화탄소""]"
2023080519584,환타 제로 상큼 피치,동아에코팩 주식회사,탄산음료,2025-03-31,2025-04-03,zero,8,"[""정제수"", ""이산화탄소"", ""혼합제제"", ""향료"", ""혼합제제"", ""메타인산나트륨"", ""타르색소제제"", ""향료""]"
201005430661281,환타 제로 오렌지,오케이에프음료 주식회사,탄산음료,2024-01-03,2025-03-20,zero,7,"[""이산화탄소"", ""혼합제제"", ""향료"", ""향료"", ""타르색소제제"", ""혼합제제"", ""정제수""]"
2023080519581,환타 제로 오렌지,동아에코팩 주식회사,탄산음료,2025-02-17,2025-02-25,zero,7,"[""혼합제제"", ""혼합제제"", ""타르색소제제"", ""정제수"", ""이산화탄소"", ""향료"", ""향료""]"
19920562023493,환타 제로 오렌지,대경사과원예농협음료가공공장,탄산음료,2024-01-19,2025-04-23,zero,7,"[""이산화탄소"", ""향료"", ""향료"", ""타르색소제제"", ""식품첨가물혼합제제"", ""정제수"", ""식품첨가물혼합제제""]"
20190575042219,환타 제로 오렌지향,튤립인터내셔널(주),탄산음료,2023-12-13,2024-04-19,zero,6,"[""이산화탄소"", ""식품첨가물혼합제제"", ""향료"", ""타르색소제제"", ""식품첨가물혼합제제"", ""정제수""]"
20030473071469,환타 제로 파인애플,건강한사람들 주식회사 2사업장,탄산음료,2024-03-11,2025-05-22,zero,8,"[""정제수"", ""이산화탄소"", ""식품첨가물혼합제제"", ""향료"", ""향료"", ""구연산삼나트륨"", ""식품첨가물혼합제제"", ""식품첨가물혼합제제""]"
201005430661131,환타 제로 파인애플,오케이에프음료 주식회사,탄산음료,2023-03-22,2025-05-27,zero,8,"[""혼합제제"", ""혼합제제"", ""정제수"", ""이산화탄소"", ""혼합제제"", ""향료"", ""구연산삼나트륨"", ""향료""]"
20190575042194,환타 제로 파인애플,튤립인터내셔널(주),탄산음료,2023-04-17,2025-05-28,zero,8,"[""이산화탄소"", ""식품첨가물혼합제제"", ""향료"", ""향료"", ""구연산삼나트륨"", ""식품첨가물혼합제제"", ""식품첨가물혼합제제"", ""정제수""]"
19970614083166,환타 제로 파인애플,코카콜라음료주식회사,탄산음료,2024-10-16,2025-04-18,zero,8,"[""정제수"", ""식품첨가물혼합제제"", ""식품첨가물혼합제제"", ""구연산삼나트륨"", ""향료"", ""향료"", ""기타가공품"", ""이산화탄소""]"
19800375002273,환타 제로 파인애플,코카콜라음료(주),탄산음료,2023-04-10,2025-07-23,zero,8,"[""정제수"", ""식품첨가물혼합제제"", ""식품첨가물혼합제제"", ""구연산삼나트륨"", ""향료"", ""향료"", ""식품첨가물혼합제제"", ""이산화탄소""]"
19920562023478,환타 제로 파인애플,대경사과원예농협음료가공공장,탄산음료,2024-10-17,2025-04-23,zero,8,"[""이산화탄소"", ""기타가공품"", ""향료"", ""향료"", ""구연산삼나트륨"", ""식품첨가물혼합제제"", ""식품첨가물혼합제제"", ""정제수""]"
20020492106553,환타 제로 파인애플,주식회사 한국음료,탄산음료,2023-03-30,2025-04-22,zero,8,"[""식품첨가물혼합제제"", ""구연산삼나트륨"", ""기타가공품"", ""정제수"", ""식품첨가물혼합제제"", ""이산화탄소"", ""향료"", ""향료""]"
2023080519567,환타 제로 파인애플,동아에코팩 주식회사,탄산음료,2024-07-08,2025-03-06,zero,8,"[""향료"", ""구연산삼나트륨"", ""기타가공품"", ""혼합제제"", ""향료"", ""혼합제제"", ""이산화탄소"", ""정제수""]"
19980449002707,환타 제로 포도향,해태에이치티비주식회사,탄산음료,2022-11-03,2022-11-09,zero,8,"[""식품첨가물"", ""정제수"", ""식품첨가물"", ""메타인산나트륨"", ""식품첨가물혼합제제"", ""식품첨가물혼합제제"", ""식품첨가물혼합제제"", ""이산화탄소""]"
19970614083164,환타 제로 포도향,코카콜라음료주식회사,탄산음료,2022-10-25,2022-12-01,zero,8,"[""정제수"", ""타르색소제제"", ""메타인산나트륨"", ""식품첨가물혼합제제"", ""식품첨가물혼합제제"", ""향료"", ""식품첨가물혼합제제"", ""이산화탄소""]"
201005430661083,환타 제로 포도향,오케이에프음료 주식회사,탄산음료,2022-10-31,2022-12-01,zero,8,"[""이산화탄소"", ""식품첨가물혼합제제"", ""향료"", ""식품첨가물혼합제제"", ""식품첨가물혼합제제"", ""메타인산나트륨"", ""타르색소제제"", ""정제수""]"
19800375002271,환타 제로 포도향,코카콜라음료(주),탄산음료,2022-10-28,2022-10-29,zero,8,"[""정제수"", ""타르색소제제"", ""메타인산나트륨"", ""식품첨가물혼합제제"", ""식품첨가물혼합제제"", ""향료"", ""식품첨가물혼합제제"", ""이산화탄소""]"
2023080519566,환타 제로 포도향,동아에코팩 주식회사,탄산음료,2024-07-08,2024-09-11,zero,8,"[""향료"", ""혼합제제"", ""혼합제제"", ""메타인산나트륨"", ""타르색소제제"", ""혼합제제"", ""정제수"", ""이산화탄소""]"
19920562023470,환타 제로 포도향,대경사과원예농협음료가공공장,탄산음료,2022-11-01,2024-10-26,zero,8,"[""정제수"", ""타르색소제제"", ""메타인산나트륨"", ""식품첨가물혼합제제"", ""식품첨가물혼합제제"", ""합성향료"", ""식품첨가물혼합제제"", ""이산화탄소""]"
20190575042187,환타 제로 포도향,튤립인터내셔널(주),탄산음료,2022-10-27,2024-04-19,zero,8,"[""정제수"", ""타르색소제제"", ""메타인산나트륨"", ""식품첨가물혼합제제"", ""식품첨가물혼합제제"", ""향료"", ""식품첨가물혼합제제"", ""이산화탄소""]"
19910344021514,환타 제로 포도향 원제 제1A부,한국코카콜라유한회사,타르색소제제,2022-10-29,2022-11-01,zero,3,"[""식용색소적색제40호"", ""구연산"", ""식용색소청색제1호""]"
19910344021515,환타 제로 포도향 원제 제2B부,한국코카콜라유한회사,향료,2022-10-29,2022-11-01,zero,2,"[""향료"", ""향료""]"
20070309132932,활력 충전 마시는 알부민 당제로,(주)코리아화인에프티,혼합음료,2026-03-26,2026-04-16,zero,1,"[""혼합음료""]"
2015041508060,"황토가마에 구운 알러지제로 다시팩(새우,갑각류제외)",(주)동해식품,기타 수산물가공품,2025-10-27,2025-10-30,zero,5,"[""무"", ""건표고버섯"", ""다시마"", ""밴댕이"", ""멸치""]"
20080380239222,후디스 요거핏 제로,일동후디스(주),혼합음료,2026-04-09,2026-04-11,zero,17,"[""두류가공품"", ""발효유분말"", ""유청단백분말"", ""DL-사과산"", ""향료"", ""알룰로오스"", ""향료"", ""덱스트린"", ""정제수"", ""산화아연"", ""히알루론산"", ""아세설팜칼륨"", ""L. rhamnosus IDCC 3201 열처리배양건조물(RHT®)(제2018-12호)"", ""젤란검"", ""펙틴"", ""수크랄로스"", ""정제소금""]"
19960458039722,후레쉬 매실 제로슈가,웅진식품(주),혼합음료,2024-09-26,2025-03-01,zero,14,"[""구연산"", ""향료"", ""향료"", ""향료"", ""글리신"", ""카라멜색소 Ⅲ"", ""구연산삼나트륨"", ""아세설팜칼륨"", ""수크랄로스"", ""비타민C"", ""스테비올배당체"", ""정제수"", ""에리스리톨"", ""매실농축액""]"
19960571018684,후레쉬 매실 제로슈가,우일음료,혼합음료,2024-12-04,2025-03-01,zero,14,"[""정제수"", ""에리스리톨"", ""매실농축액"", ""구연산"", ""향료"", ""향료"", ""향료"", ""글리신"", ""식품첨가물"", ""구연산삼나트륨"", ""아세설팜칼륨"", ""수크랄로스"", ""스테비올배당체"", ""비타민C""]"
19960571018685,후레쉬 알로에 제로슈가,우일음료,혼합음료,2024-12-04,2025-03-01,zero,18,"[""정제수"", ""과.채가공품"", ""에리스리톨"", ""덱스트린"", ""구연산"", ""향료"", ""향료"", ""향료"", ""과.채가공품"", ""젖산칼슘"", ""탄산칼슘"", ""젤란검"", ""비타민C"", ""구연산삼나트륨"", ""식품첨가물"", ""아세설팜칼륨"", ""수크랄로스"", ""스테비올배당체""]"
19960458039723,후레쉬 알로에 제로슈가,웅진식품(주),혼합음료,2024-12-10,2025-03-01,zero,18,"[""스테비올배당체"", ""수크랄로스"", ""아세설팜칼륨"", ""혼합제제"", ""구연산삼나트륨"", ""비타민C"", ""젤란검"", ""탄산칼슘"", ""젖산칼슘"", ""알로에베라겔농축분말"", ""향료"", ""향료"", ""향료"", ""구연산"", ""덱스트린"", ""에리스리톨"", ""알로에베라겔즙"", ""정제수""]"
20210358313247,흑마늘훈제제로슈가용시즈닝,(주)비에이치플러스,복합조미식품,2026-07-28,2026-07-30,zero,16,"[""올레오레진 진저"", ""구아검"", ""효소처리스테비아"", ""탄산수소나트륨"", ""과.채가공품"", ""메타인산나트륨"", ""코치닐추출색소"", ""정제소금"", ""향미유"", ""에리토브산나트륨"", ""복합조미식품"", ""복합조미식품"", ""L-글루탐산나트륨"", ""폴리인산나트륨"", ""분리대두단백"", ""에리스리톨""]"
19970443044442,흑삼진액 제로,(주)다정,인삼.홍삼음료,2024-10-08,2024-10-12,zero,6,"[""정제수"", ""쌍화농축액"", ""흑삼농축액"", ""향료"", ""구연산(무수)"", ""혼합제제""]"
20080415099328,흑삼진액제로,주식회사 휴럼,인삼.홍삼음료,2023-11-28,2024-02-07,zero,4,"[""정제수"", ""흑삼농축액"", ""쌍화농축액"", ""향료""]"
20200452306377,힐링티 제로레몬에이드,(주)에스엠바이오,음료베이스,2025-05-14,2025-07-05,zero,13,"[""에리스리톨"", ""구연산(무수)"", ""탄산수소나트륨"", ""구연산삼나트륨"", ""레몬향"", ""레몬과즙분말"", ""DL-사과산"", ""비타민C"", ""수크랄로스"", ""효소처리스테비아"", ""치커리식이섬유"", ""혼합제제"", ""대두레시틴(고시형)""]"
19930439002639,(수)무설탕초코볼카카오70 36g,대영식품(주),초콜릿가공품,2019-02-13,2019-05-28,zero,4,"[""초콜릿"", ""D-말티톨"", ""아라비아검"", ""식품첨가물혼합제제""]"
2004045900528,100%통밀우리밀무설탕통밀식빵,살렘마을 협동조합,빵류,2023-06-14,2023-07-08,zero,6,"[""효모"", ""효모"", ""기타소금"", ""통밀"", ""밀글루텐"", ""올리브유""]"
2004045900546,100%호밀무설탕식빵,살렘마을 협동조합,빵류,2024-12-11,2025-01-08,zero,6,"[""호밀분말"", ""올리브유"", ""효모"", ""효모"", ""기타소금"", ""활성글루텐""]"
20210348794321,A.무설탕 복숭아 아이스티,주식회사 알티스트,고형차,2023-07-12,2023-07-18,zero,7,"[""에리스리톨"", ""구연산(무수)"", ""식품첨가물혼합제제"", ""홍차추출분말"", ""복숭아추출분말"", ""비타민C"", ""수크랄로스""]"
20210348794322,A.무설탕 샤인머스캣 아이스티,주식회사 알티스트,고형차,2023-07-12,2023-08-09,zero,8,"[""에리스리톨"", ""구연산(무수)"", ""식품첨가물혼합제제"", ""홍차추출분말"", ""과.채가공품"", ""혼합제제"", ""비타민C"", ""수크랄로스""]"
20010415034675,Homeplus Signature 무설탕 커피캔디,국제제과(주),캔디류,2020-09-08,2020-09-19,zero,9,"[""말티톨시럽"", ""가공버터"", ""가공유지"", ""커피"", ""에스프레소커피추출액"", ""혼합제제"", ""합성향료"", ""정제소금"", ""유화제""]"
20010415034677,Homeplus Signature 무설탕 허브캔디,국제제과(주),캔디류,2020-09-14,2020-09-23,zero,14,"[""유화제"", ""프로폴리스"", ""유화제"", ""파프리카추출색소"", ""혼합제제"", ""모과농축액"", ""가공유지"", ""도라지추출농축액"", ""라임농축액"", ""레드자몽농축액"", ""천연향료"", ""허브추출물"", ""산도조절제"", ""말티톨시럽""]"
20010415034676,Homeplus Signature 무설탕 홍삼캔디,국제제과(주),캔디류,2020-09-08,2020-09-19,zero,6,"[""말티톨시럽"", ""가공유지"", ""홍삼농축액"", ""혼합제제"", ""l-멘톨"", ""유화제""]"
20010415034678,Homeplus Signature무설탕 과일캔디,국제제과(주),캔디류,2020-09-14,2020-09-19,zero,13,"[""혼합제제"", ""파프리카추출색소"", ""말티톨시럽"", ""구연산"", ""비타민 C"", ""DL-사과산"", ""혼합제제"", ""가공유지"", ""합성향료"", ""혼합제제"", ""혼합제제"", ""과채가공품"", ""유화제""]"
2004027504754,It's 무설탕 애플캔디,(주)고궁,캔디류,2014-11-26,2021-12-16,zero,7,"[""말티톨시럽"", ""식물성유지"", ""비타민C"", ""자당지방산에스테르"", ""DL-사과산"", ""구연산"", ""천연향료""]"
2004027504755,Its 무설탕 레몬캔디,(주)고궁,캔디류,2014-11-26,2024-01-16,zero,9,"[""천연향료"", ""치자황색소"", ""향료"", ""구연산"", ""레시틴"", ""자일리톨"", ""DL-사과산"", ""비타민C"", ""말티톨시럽""]"
2004027504775,Its 무설탕 망고캔디,(주)고궁,캔디류,2017-04-18,2024-01-20,zero,10,"[""말티톨시럽"", ""구연산"", ""DL-사과산"", ""자일리톨"", ""비타민C"", ""향료"", ""치자황색소"", ""자당지방산에스테르"", ""레시틴"", ""천연향료""]"
20010415034681,KGS무설탕 홍삼캔디 로얄,국제제과(주),캔디류,2020-10-19,2020-10-20,zero,6,"[""말티톨시럽"", ""홍삼농축액"", ""합성향료"", ""가공유지"", ""흑삼분말"", ""유화제""]"
20180491044290,bodylike 무설탕 서리태 콩물두유 말차,주식회사 연두,가공두유,2023-10-16,2024-01-17,zero,4,"[""효소처리스테비아"", ""정제소금"", ""고형차"", ""원액두유""]"
19880622012105,갈아만든무설탕생강차,참들애바이오푸드 영농조합법인,액상차,2024-10-07,2024-10-09,zero,4,"[""계피"", ""대추"", ""생강"", ""정제수""]"
2013050623040,거문도해풍쑥인절미(냉동)-무설탕,거문도해풍쑥영농조합법인,떡류,2021-11-02,2026-07-01,zero,3,"[""천일염"", ""삶은쑥"", ""찹쌀""]"
2013050623041,거문도해풍쑥인절미-무설탕,거문도해풍쑥영농조합법인,떡류,2022-07-05,2026-07-01,zero,3,"[""삶은쑥"", ""찹쌀"", ""천일염""]"
2022020732331,거제 무설탕 자일리톨 캔디 복숭아향,주식회사 노마드크라운,캔디류,2025-10-27,2025-10-30,zero,4,"[""적양배추색소"", ""DL-사과산"", ""천연복숭아향"", ""자일리톨""]"
2022020732329,거제 무설탕 자일리톨 캔디 유자향,주식회사 노마드크라운,캔디류,2025-10-01,2025-11-02,zero,4,"[""자일리톨"", ""DL-사과산"", ""유자향"", ""치자황색소""]"
2022020732330,거제 무설탕 자일리톨 캔디 페퍼민트향,주식회사 노마드크라운,캔디류,2025-10-27,2025-10-30,zero,4,"[""천연향료(Menthol)"", ""페퍼민트향"", ""자일리톨"", ""치자청색소""]"
2019037130347,건강한무설탕바스크,코만스팩토리,빵류,2025-11-30,2025-12-06,zero,7,"[""천연향신료"", ""재제소금(재제조소금)"", ""과채주스"", ""기타가공품"", ""유크림"", ""계란"", ""치즈""]"
2013050110283,검은콩볶음(무설탕),곡식플러스 영농조합법인,과자,2021-03-15,2024-01-17,zero,1,"[""검정콩""]"
2004027504766,고궁무설탕녹차캔디,(주)고궁,캔디류,2016-06-20,2017-09-01,zero,9,"[""말티톨시럽"", ""기타가공품"", ""녹차향"", ""연유향"", ""연유"", ""레시틴"", ""구연산"", ""정제염"", ""그린색소""]"
1999014449961,고려 무설탕 홍삼캔디,백의민족식품,캔디류,2022-04-12,2022-04-13,zero,8,"[""말티톨시럽"", ""물엿"", ""홍삼농축액"", ""유화제"", ""포도당"", ""카라멜색소 Ⅲ"", ""l-멘톨"", ""홍삼향""]"
19970310098210,고려무설탕홍삼캔디,한양제과주식회사,캔디류,2016-06-03,2023-10-26,zero,7,"[""당귀농축액"", ""캬라멜색소"", ""홍삼농축액"", ""말티톨시럽"", ""물엿"", ""홍삼향"", ""l-멘톨""]"
20010415034540,고려홍삼 무설탕 캔디,국제제과(주),캔디류,2014-07-22,2021-07-16,zero,6,"[""말티톨시럽"", ""야자경화유"", ""홍삼농축액"", ""홍삼향"", ""유화제"", ""l-멘톨""]"
199204841281948,고운앙금55M(무설탕),(주) 대두식품,조림류,2024-10-14,2024-10-15,zero,5,"[""잔탄검"", ""정제소금"", ""에리스리톨"", ""두류가공품"", ""말티톨시럽""]"
2021046261110,구워먹는 무설탕 곤약 찰떡,농업회사법인(주)갓지은,떡류,2021-11-30,2021-12-01,zero,4,"[""현미찹쌀"", ""곤약분말"", ""천일염"", ""대두유액""]"
202104626112,구워먹는 무설탕 찰떡,농업회사법인(주)갓지은,떡류,2021-11-04,2021-11-05,zero,3,"[""대두유액"", ""천일염"", ""찹쌀""]"
202104626118,구워먹는 무설탕 현미찰떡,농업회사법인(주)갓지은,떡류,2021-11-30,2021-12-01,zero,3,"[""현미찹쌀"", ""천일염"", ""대두유액""]"
20120490150370,국산 무설탕 통팥고물,농업회사법인 콩사랑(유),두류가공품,2024-08-06,2024-08-09,zero,2,"[""팥"", ""천일염""]"
2022020732325,귤메달 무설탕 자일리톨 캔디 감귤향,주식회사 노마드크라운,캔디류,2025-07-18,2026-05-05,zero,4,"[""β-카로틴"", ""천연감귤향"", ""DL-사과산"", ""자일리톨""]"
2022020732352,귤메달 무설탕 자일리톨 캔디 레드자몽향,주식회사 노마드크라운,캔디류,2026-07-16,2026-08-13,zero,5,"[""천연레드자몽향"", ""레드칼라"", ""레드자몽향"", ""자일리톨"", ""DL-사과산""]"
2022020732338,귤메달 무설탕 자일리톨 캔디 청귤향,주식회사 노마드크라운,캔디류,2025-11-05,2026-05-05,zero,4,"[""β-카로틴"", ""향료"", ""DL-사과산"", ""자일리톨""]"
2004046704435,금삼 무설탕 홍삼정과 (GEUMSAM KOREAN RED GINSENG STICK),홍삼나라영농조합법인,당절임,2017-12-18,2017-12-21,zero,1,"[""인삼""]"
2020030025970,기간트4 무설탕 크런치 초콜릿,김보람초콜릿,초콜릿가공품,2025-05-08,2025-11-07,zero,2,"[""곡류가공품"", ""초콜릿""]"
202206651514,끌림언니 무설탕생강진액,끌림언니,액상차,2023-03-09,2023-03-16,zero,2,"[""배"", ""생강""]"
20240580259129,넛츠그린 무설탕 다크 초코볼 아몬드,(주)해명씨앤씨,초콜릿가공품,2025-11-07,2026-02-20,zero,3,"[""초콜릿"", ""코코아분말"", ""땅콩 또는 견과류가공품""]"
20240580259172,넛츠그린 무설탕 다크 초콜릿 100%,(주)해명씨앤씨,초콜릿,2026-08-07,2026-08-12,zero,3,"[""코코아버터"", ""코코아매스"", ""코코아분말""]"
20240580259141,넛츠그린 무설탕 다크 초콜릿 72%,(주)해명씨앤씨,초콜릿,2025-12-11,2026-08-14,zero,7,"[""코코아분말"", ""코코아버터"", ""레시틴"", ""효소처리스테비아"", ""바닐린"", ""알룰로오스"", ""코코아매스""]"
20240580259161,넛츠그린 무설탕 다크초콜릿 90%,(주)해명씨앤씨,초콜릿,2026-06-25,2026-08-14,zero,7,"[""코코아매스"", ""알룰로오스"", ""코코아분말"", ""코코아버터"", ""레시틴"", ""효소처리스테비아"", ""바닐린""]"
20190500071196,뉴당 무설탕 소프트 초코 믹스,래미에프앤비,기타 코코아가공품,2024-07-29,2024-08-06,zero,10,"[""알룰로오스"", ""식물성크림"", ""코코아분말"", ""탈지분유"", ""유청분말"", ""혼합제제"", ""정제소금"", ""카복시메틸셀룰로스나트륨"", ""구아검"", ""수크랄로스""]"
20190500071195,뉴당 무설탕 소프트믹스,래미에프앤비,당류가공품,2024-06-03,2024-08-06,zero,11,"[""알룰로오스"", ""식물성크림"", ""덱스트린"", ""혼합제제"", ""탈지분유"", ""유청분말"", ""정제소금"", ""카복시메틸셀룰로스나트륨"", ""구아검"", ""DL-사과산"", ""수크랄로스""]"
2009018806023,늘입 무설탕 발효생강청,신창식품,소스,2023-04-10,2023-04-13,zero,4,"[""생강"", ""찹쌀"", ""대추"", ""누룩""]"
199803643261064,다도글로벌 무설탕 복숭아블랙티 파우더,(주)가배온,고형차,2024-01-31,2026-02-01,zero,12,"[""수크랄로스"", ""과.채가공품"", ""에리스리톨"", ""구연산"", ""기타가공품"", ""비타민C"", ""홍차추출분말"", ""카라멜색소 Ⅳ"", ""향료"", ""혼합제제"", ""이산화규소"", ""효소처리스테비아""]"
199803643261065,다도글로벌 무설탕 허니향 자몽블랙티 파우더,(주)가배온,기타가공품,2024-01-25,2026-02-01,zero,15,"[""에리스리톨"", ""구연산"", ""향료"", ""이산화규소"", ""기타가공품"", ""혼합제제"", ""홍차추출분말"", ""기타가공품"", ""비트레드"", ""혼합제제"", ""DL-사과산"", ""효소처리스테비아"", ""수크랄로스"", ""카라멜색소 Ⅳ"", ""자몽추출분말""]"
20010415034492,다채움수 발효홍삼 무설탕캔디       (OEM),국제제과(주),캔디류,2011-08-18,2016-12-19,zero,8,"[""말티톨시럽"", ""홍삼당침액"", ""자일리톨"", ""발효홍삼농축액"", ""합성착향료"", ""허브추출물"", ""정제야자경화유"", ""슈가에스테르""]"
2012051802014,달지않은 무설탕 참샘석류즙 골드,참샘식품영농조합법인,액상차,2018-05-30,2026-07-01,zero,2,"[""석류숙성액"", ""정제수""]"
2024091100515,달콤하모 무설탕 옥수수,(주)나루아토,캔디류,2024-10-18,2024-10-23,zero,6,"[""포도당"", ""당류가공품"", ""옥수수"", ""자일리톨"", ""비타민C"", ""스테아린산마그네슘""]"
2024091100516,달콤하모 무설탕 자일리톨,(주)나루아토,캔디류,2024-10-18,2024-10-23,zero,4,"[""자일리톨"", ""포도당"", ""비타민C"", ""스테아린산마그네슘""]"
20130345125427,댄싱컵 무설탕 다크체리 아이스티 파우더,주식회사 컵풀,음료베이스,2025-12-16,2025-12-31,zero,12,"[""아사이베리향15D31122"", ""홍차추출분말"", ""구연산(무수)"", ""에리스리톨"", ""체리농축분말"", ""비트레드"", ""수크랄로스"", ""아세설팜칼륨"", ""구연산삼나트륨"", ""비타민C"", ""DL-사과산"", ""체리향분말""]"
2013049007732,더하루 무설탕 국산 연근칩,자이연팜,기타가공품,2023-09-19,2024-01-17,zero,3,"[""천일염"", ""현미유"", ""연근""]"
2022020732314,돌의 정령 무설탕 자일리톨 캔디 페퍼민트향,주식회사 노마드크라운,캔디류,2024-10-02,2024-10-11,zero,4,"[""치자청색소"", ""천연향료(Menthol)"", ""페퍼민트향"", ""자일리톨""]"
20190391313602,디저트39 무설탕 뱅쇼향베이스,(주)태향,음료베이스,2024-07-24,2025-11-29,zero,16,"[""정제수"", ""에리스리톨"", ""과.채가공품"", ""향료제제"", ""향료"", ""산도조절제"", ""산도조절제"", ""효소처리스테비아"", ""향료"", ""잔탄검"", ""안식향산나트륨"", ""수크랄로스"", ""카복시메틸셀룰로스나트륨"", ""아세설팜칼륨"", ""식용색소적색제40호"", ""식용색소청색제1호""]"
20210348794283,르쎄떼 무설탕 다크체리 아이스티 파우더,주식회사 알티스트,당류가공품,2023-06-15,2024-07-25,zero,8,"[""혼합제제"", ""구연산(무수)"", ""에리스리톨"", ""과.채가공품"", ""홍차추출분말"", ""수크랄로스"", ""비타민C"", ""식품첨가물혼합제제""]"
19880208008119,마이쪄 무설탕믹스(냉동),태승식품,곡류가공품,2019-12-03,2026-07-01,zero,2,"[""가공소금"", ""멥쌀가루""]"
2025029154265,막지 글루텐프리 무설탕 초코 휘낭시에,(주)스윗앤스위츠 인천공장,빵류,2026-06-16,2026-07-01,zero,7,"[""난백액"", ""버터"", ""코코아분말"", ""기타가공품"", ""곡류가공품"", ""아몬드분말"", ""벌꿀""]"
20160634095230,맛있는 무설탕 콜라겐구미,(주)에스디푸드,캔디류,2022-05-30,2022-05-31,zero,16,"[""말티톨시럽"", ""D-소비톨액"", ""펙틴"", ""구연산삼나트륨"", ""글리세린지방산에스테르"", ""젤라틴"", ""식품첨가물"", ""혼합제제"", ""혼합제제"", ""DL-사과산"", ""식품첨가물"", ""천연향료"", ""식품첨가물"", ""기타 식용유지가공품"", ""혼합제제"", ""정제수""]"
2021061208617,멥쌀가루(습식무설탕),농업회사법인 공룡두루가 주식회사,곡류가공품,2022-02-11,2022-02-17,zero,2,"[""멥쌀"", ""천일염""]"
202308119574,무설탕 간장베이스 양념 민물장어,미리로컬푸드,기타 수산물가공품,2025-09-19,2025-09-20,zero,2,"[""소스"", ""장어""]"
20100372386574,무설탕 고려홍삼제리,(주) 청우식품,캔디류,2026-01-15,2026-01-22,zero,9,"[""D-말티톨"", ""말티톨액"", ""한천"", ""전분가공품"", ""홍삼농축액"", ""전분가공품"", ""혼합제제"", ""혼합제제"", ""카라멜색소 Ⅲ""]"
2024079822822,무설탕 과육 듬뿍 샤인잼,물덴식품,잼,2024-11-22,2026-07-01,zero,4,"[""레몬즙"", ""펙틴"", ""알룰로오스"", ""포도과육""]"
20150188404152,무설탕 그래놀라,주식회사 마음푸드,곡류가공품,2026-03-11,2026-03-15,zero,19,"[""두류가공품"", ""에리스리톨"", ""현미"", ""귀리플레이크"", ""당류가공품"", ""압착귀리"", ""귀리크리스피"", ""분리대두단백분말"", ""호박씨앗"", ""해바라기씨앗"", ""호두분태"", ""난소화성말토덱스트린분말(고시형)"", ""경성가공치즈"", ""검은깨미분말"", ""검은콩"", ""검은깨"", ""비타민C"", ""천일염"", ""나한과추출물분말""]"
20120490150272,무설탕 녹두고물,농업회사법인 콩사랑(유),두류가공품,2020-09-15,2024-01-17,zero,2,"[""깐녹두"", ""천일염""]"
20120490150346,무설탕 녹두모시송편,농업회사법인 콩사랑(유),떡류,2024-02-20,2024-02-22,zero,5,"[""모시풀잎"", ""녹두"", ""현미멥쌀"", ""참기름"", ""천일염""]"
202102020993,무설탕 녹차 단백질초콜릿,더브라우니,초콜릿가공품,2022-01-18,2022-01-20,zero,46,"[""자색고구마"", ""시금치"", ""호박"", ""브로콜리"", ""생선콜라겐"", ""비타민C"", ""녹차가루"", ""천일염"", ""자일리톨(기능성원료인정제2004-2호)"", ""천연녹차향"", ""벌꿀"", ""일반증류주"", ""아보카도오일"", ""올리브유"", ""단백질(고시형)"", ""단백질(고시형)"", ""대두단백(고시형)"", ""삼씨앗"", ""치아씨앗"", ""바질씨앗"", ""아마씨앗"", ""호박씨앗"", ""해바라기씨앗"", ""Cranberry heath열매"", ""블루베리"", ""망고"", ""골든베리열매"", ""대추야자열매"", ""여주"", ""비트레드"", ""울금덩이뿌리"", ""캐슈견과"", ""호두"", ""아몬드"", ""피스타치오견과"", ""마카다미아"", ""피칸견과"", ""카카오분태"", ""카카오분말"", ""코코아버터"", ""카카오매스"", ""청포도"", ""건포도"", ""무화과"", ""브라질넛견과"", ""개암""]"
202102020991,무설탕 다크 단백질초콜릿,더브라우니,초콜릿가공품,2021-09-16,2022-05-28,zero,47,"[""대두단백(고시형)"", ""치아씨앗"", ""바질씨앗"", ""삼씨앗"", ""아마씨앗"", ""호박씨앗"", ""해바라기씨앗"", ""Cranberry heath열매"", ""블루베리"", ""망고"", ""골든베리열매"", ""대추야자열매"", ""청포도"", ""건포도"", ""무화과"", ""개암"", ""브라질넛견과"", ""캐슈견과"", ""호두"", ""아몬드"", ""피스타치오견과"", ""마카다미아"", ""피칸견과"", ""카카오분말"", ""카카오분태"", ""코코아버터"", ""카카오매스"", ""질경이씨앗껍질"", ""여주"", ""울금덩이뿌리분말"", ""비트레드"", ""자색고구마"", ""시금치"", ""호박"", ""브로콜리"", ""생선콜라겐"", ""비타민C"", ""천일염"", ""효소처리스테비아"", ""자일리톨(기능성원료인정제2004-2호)"", ""천연향료(Vanilla)"", ""벌꿀"", ""일반증류주"", ""아보카도오일"", ""올리브유"", ""단백질(고시형)"", ""단백질(고시형)""]"
1996051902576,무설탕 달콤 말차,영농조합법인 보성제다,고형차,2021-10-27,2026-07-01,zero,3,"[""차나무잎"", ""에리스리톨"", ""효소처리스테비아""]"
202102020995,무설탕 딸기 단백질초콜릿,더브라우니,초콜릿가공품,2022-01-18,2022-01-20,zero,46,"[""여주"", ""울금덩이뿌리"", ""비트레드"", ""자색고구마"", ""시금치"", ""호박"", ""브로콜리"", ""생선콜라겐"", ""비타민C"", ""딸기"", ""천일염"", ""자일리톨(기능성원료인정제2004-2호)"", ""천연딸기향"", ""벌꿀"", ""일반증류주"", ""아보카도오일"", ""올리브유"", ""단백질(고시형)"", ""단백질(고시형)"", ""대두단백(고시형)"", ""삼씨앗"", ""치아씨앗"", ""바질씨앗"", ""아마씨앗"", ""대추야자열매"", ""청포도"", ""건포도"", ""무화과"", ""개암"", ""브라질넛견과"", ""캐슈견과"", ""호두"", ""아몬드"", ""피스타치오견과"", ""마카다미아"", ""피칸견과"", ""카카오분태"", ""카카오분말"", ""코코아버터"", ""카카오매스"", ""호박씨앗"", ""해바라기씨앗"", ""Cranberry heath열매"", ""골든베리열매"", ""망고"", ""블루베리""]"
2006052311440,무설탕 딸기바름,주식회사 태평농원,기타엿,2020-05-07,2026-07-01,zero,2,"[""쌀조청"", ""딸기""]"
20090288538137,무설탕 땅콩쿠키,(주)문식품,빵류,2023-10-13,2023-10-17,zero,7,"[""밀가루"", ""땅콩 또는 견과류가공품"", ""정제소금"", ""땅콩버터"", ""마가린"", ""계란"", ""효소처리스테비아""]"
20210348794113,무설탕 레몬아이스티,주식회사 알티스트,고형차,2021-04-29,2023-03-10,zero,8,"[""홍차추출분말"", ""구연산(무수)"", ""에리스리톨"", ""수크랄로스"", ""비타민C"", ""혼합제제"", ""혼합제제"", ""레몬과즙분말""]"
2004027504758,무설탕 레몬캔디,(주)고궁,캔디류,2015-08-13,2023-12-20,zero,9,"[""향료"", ""구연산"", ""말티톨시럽"", ""DL-사과산"", ""향료"", ""레시틴"", ""비타민C"", ""치자황색소"", ""자일리톨""]"
2022010365418,무설탕 마이올리브 쌀베이글,주식회사 다미브레드,빵류,2022-09-24,2022-09-27,zero,10,"[""발효종"", ""빵효모"", ""맥아분말"", ""기타소금"", ""올리브유"", ""에리스리톨"", ""블랙올리브"", ""가공치즈"", ""정제수"", ""강력쌀가루""]"
202102020996,무설탕 망고 단백질초콜릿,더브라우니,초콜릿가공품,2022-01-18,2022-01-20,zero,45,"[""카카오분말"", ""카카오분태"", ""피칸견과"", ""마카다미아"", ""피스타치오견과"", ""아몬드"", ""호두"", ""캐슈견과"", ""브라질넛견과"", ""골든베리열매"", ""무화과"", ""건포도"", ""청포도"", ""대추야자열매"", ""골든베리열매"", ""망고"", ""블루베리"", ""Cranberry heath열매"", ""해바라기씨앗"", ""호박씨앗"", ""아마씨앗"", ""바질씨앗"", ""치아씨앗"", ""삼씨앗"", ""대두단백(고시형)"", ""단백질(고시형)"", ""단백질(고시형)"", ""올리브유"", ""아보카도오일"", ""일반증류주"", ""벌꿀"", ""천연망고향"", ""자일리톨(기능성원료인정제2004-2호)"", ""천일염"", ""비타민C"", ""생선콜라겐"", ""브로콜리"", ""호박"", ""시금치"", ""자색고구마"", ""비트레드"", ""울금덩이뿌리"", ""여주"", ""카카오매스"", ""코코아버터""]"
202202615388,무설탕 무비트 피클,제이앤제이푸드,절임식품,2023-02-21,2023-02-22,zero,7,"[""무"", ""깐양파"", ""비트레드"", ""정제수"", ""식초"", ""에리스리톨"", ""천연향신료""]"
202102020992,무설탕 무화과 단백질초콜릿,더브라우니,초콜릿가공품,2022-01-18,2022-01-20,zero,45,"[""해바라기씨앗"", ""Cranberry heath열매"", ""블루베리"", ""망고"", ""골든베리열매"", ""대추야자열매"", ""청포도"", ""건포도"", ""무화과"", ""개암"", ""브라질넛견과"", ""캐슈견과"", ""호두"", ""아몬드"", ""피스타치오견과"", ""마카다미아"", ""피칸견과"", ""카카오분태"", ""카카오분말"", ""코코아버터"", ""카카오매스"", ""대두단백(고시형)"", ""삼씨앗"", ""치아씨앗"", ""호박씨앗"", ""아마씨앗"", ""바질씨앗"", ""여주"", ""울금덩이뿌리"", ""비트레드"", ""자색고구마"", ""시금치"", ""호박"", ""브로콜리"", ""생선콜라겐"", ""비타민C"", ""천일염"", ""자일리톨(기능성원료인정제2004-2호)"", ""천연향료(Vanilla)"", ""벌꿀"", ""일반증류주"", ""아보카도오일"", ""올리브유"", ""단백질(고시형)"", ""단백질(고시형)""]"
202102020994,무설탕 민트 단백질초콜릿,더브라우니,초콜릿가공품,2022-01-18,2022-01-20,zero,46,"[""코코아버터"", ""카카오매스"", ""단백질(고시형)"", ""단백질(고시형)"", ""대두단백(고시형)"", ""삼씨앗"", ""치아씨앗"", ""바질씨앗"", ""아마씨앗"", ""호박씨앗"", ""해바라기씨앗"", ""Cranberry heath열매"", ""블루베리"", ""망고"", ""골든베리열매"", ""대추야자열매"", ""청포도"", ""건포도"", ""무화과"", ""개암"", ""브라질넛견과"", ""캐슈견과"", ""호두"", ""아몬드"", ""피스타치오견과"", ""마카다미아"", ""피칸견과"", ""카카오분태"", ""카카오분말"", ""천일염"", ""자일리톨(기능성원료인정제2004-2호)"", ""벌꿀"", ""올리브유"", ""아보카도오일"", ""일반증류주"", ""여주"", ""울금덩이뿌리"", ""비트레드"", ""자색고구마"", ""시금치"", ""호박"", ""브로콜리"", ""생선콜라겐"", ""비타민C"", ""박하분말"", ""박하유""]"
2019037130346,무설탕 바스크치즈케이크,코만스팩토리,빵류,2025-04-28,2025-05-02,zero,6,"[""치즈"", ""계란"", ""유크림"", ""기타가공품"", ""과채주스"", ""천연향신료""]"
201205411943,무설탕 발효 유자청,농업회사법인(주)카리,액상차,2018-08-21,2018-08-24,zero,2,"[""유자"", ""올리고당""]"
202102020997,무설탕 베리 단백질초콜릿,더브라우니,초콜릿가공품,2022-01-18,2022-05-11,zero,45,"[""바질씨앗"", ""치아씨앗"", ""삼씨앗"", ""대두단백(고시형)"", ""단백질(고시형)"", ""단백질(고시형)"", ""올리브유"", ""아보카도오일"", ""일반증류주"", ""천연블루베리향"", ""자일리톨(기능성원료인정제2004-2호)"", ""천일염"", ""벌꿀"", ""비타민C"", ""생선콜라겐"", ""브로콜리"", ""호박"", ""시금치"", ""자색고구마"", ""비트레드"", ""울금덩이뿌리"", ""여주"", ""아마씨앗"", ""호박씨앗"", ""해바라기씨앗"", ""카카오매스"", ""코코아버터"", ""카카오분말"", ""카카오분태"", ""피칸견과"", ""마카다미아"", ""피스타치오견과"", ""아몬드"", ""호두"", ""캐슈견과"", ""브라질넛견과"", ""개암"", ""무화과"", ""건포도"", ""청포도"", ""대추야자열매"", ""골든베리열매"", ""망고"", ""블루베리"", ""Cranberry heath열매""]"
201706220567,무설탕 베리베리(very berry) 수제 딸기쨈,다혜농원,잼,2023-05-22,2023-05-27,zero,5,"[""딸기"", ""맥아"", ""찰현미"", ""레몬"", ""레드비트뿌리분말""]"
202406271146,무설탕 보리수 식초,농업회사법인 주식회사 비네노바,발효식초,2024-12-23,2024-12-24,zero,2,"[""긴보리수열매"", ""효모""]"
20210348794112,무설탕 복숭아아이스티,주식회사 알티스트,고형차,2021-04-29,2023-03-10,zero,7,"[""수크랄로스"", ""비타민C"", ""과.채가공품"", ""홍차추출분말"", ""식품첨가물혼합제제"", ""구연산(무수)"", ""에리스리톨""]"
20170433005422,무설탕 복숭아아이스티,주식회사 산지,기타가공품,2024-05-16,2025-01-07,zero,8,"[""혼합제제"", ""고형차"", ""에리스리톨"", ""구연산"", ""DL-사과산"", ""비타민C"", ""과.채가공품"", ""수크랄로스""]"
20110304511355,무설탕 복숭아파우더,셀플러스,음료베이스,2023-03-30,2023-04-04,zero,8,"[""비타민C"", ""복숭아과즙분말"", ""구연산"", ""복숭아향"", ""홍차추출분말"", ""에리스리톨"", ""혼합제제"", ""아세설팜칼륨""]"
20210348794328,무설탕 블랙체리 아이스티,주식회사 알티스트,고형차,2023-09-07,2024-07-25,zero,7,"[""에리스리톨"", ""수크랄로스"", ""비타민C"", ""과.채가공품"", ""홍차추출분말"", ""혼합제제"", ""구연산(무수)""]"
2022010365420,무설탕 블루베리 쌀베이글,주식회사 다미브레드,빵류,2022-09-24,2022-09-27,zero,9,"[""강력쌀가루"", ""맥아분말"", ""기타소금"", ""올리브유"", ""정제수"", ""블루베리"", ""에리스리톨"", ""발효종"", ""빵효모""]"
20210348794329,무설탕 샤인머스캣아이스티,주식회사 알티스트,고형차,2023-09-07,2023-09-08,zero,8,"[""수크랄로스"", ""비타민C"", ""혼합제제"", ""과.채가공품"", ""홍차추출분말"", ""혼합제제"", ""구연산(무수)"", ""에리스리톨""]"
19880622012207,무설탕 순수 매실액,참들애바이오푸드 영농조합법인,액상차,2019-05-31,2025-09-16,zero,1,"[""매실""]"
20120490150434,무설탕 순수 쑥버무리,농업회사법인 콩사랑(유),떡류,2026-03-12,2026-03-17,zero,4,"[""천일염"", ""군고구마분말"", ""참쑥잎"", ""현미멥쌀""]"
19950355316252,무설탕 스테비아 츄 캔디,한울식품,캔디류,2022-07-29,2023-10-11,zero,9,"[""아스파탐"", ""식품첨가물혼합제제"", ""비타민C"", ""DL-사과산"", ""효소처리스테비아"", ""에리스리톨"", ""자일리톨"", ""향료"", ""말티톨시럽""]"
2022010365419,무설탕 시나몬레이즌 쌀베이글,주식회사 다미브레드,빵류,2022-09-24,2022-09-27,zero,11,"[""코코아분말"", ""계피가루"", ""발효종"", ""빵효모"", ""맥아분말"", ""기타소금"", ""올리브유"", ""에리스리톨"", ""건포도"", ""정제수"", ""강력쌀가루""]"
20120490150430,무설탕 싸리재 현미 쑥버무리,농업회사법인 콩사랑(유),떡류,2026-02-04,2026-02-06,zero,5,"[""현미멥쌀"", ""참쑥잎"", ""깐밤"", ""군고구마분말"", ""천일염""]"
2004027504747,무설탕 알로에캔디,(주)고궁,캔디류,2013-03-25,2025-11-17,zero,8,"[""말티톨액"", ""자일리톨"", ""기타가공품"", ""향료"", ""비타민C"", ""향료"", ""알로에겔분말농축(고시형)"", ""레시틴""]"
20170275127345,무설탕 알룰로스시럽-N,주식회사 엔아이에프,당류가공품,2024-08-05,2024-08-10,zero,4,"[""정제수"", ""효소처리스테비아"", ""당류가공품"", ""향료""]"
2004027504749,무설탕 애플 캔디,(주)고궁,캔디류,2013-05-15,2017-01-20,zero,10,"[""사과향"", ""요구르트향"", ""구연산"", ""DL-사과산"", ""농축사과과즙"", ""자당지방산에스테르"", ""비타민 C"", ""식물성유지1"", ""환원맥아당"", ""밀크향""]"
20210348794114,무설탕 애플아이스티,주식회사 알티스트,고형차,2021-04-29,2023-03-10,zero,7,"[""에리스리톨"", ""식품첨가물혼합제제"", ""구연산(무수)"", ""홍차추출분말"", ""과.채가공품"", ""비타민C"", ""수크랄로스""]"
2022010365421,무설탕 어니언 쌀베이글,주식회사 다미브레드,빵류,2022-09-24,2022-09-27,zero,10,"[""발효종"", ""빵효모"", ""맥아분말"", ""기타소금"", ""양파플레이크"", ""올리브유"", ""양파분말"", ""에리스리톨"", ""정제수"", ""강력쌀가루""]"
2022010365432,무설탕 어니언 쌀식빵 냉동,주식회사 다미브레드,빵류,2022-09-24,2022-09-27,zero,11,"[""강력쌀가루"", ""정제수"", ""양파분태"", ""아보카도열매"", ""계란"", ""에리스리톨"", ""분유류"", ""빵효모"", ""양파분말"", ""기타소금"", ""맥아""]"
2023072474620,무설탕 여수멸치 견과바,여수야미,곡류가공품,2025-04-30,2026-07-01,zero,12,"[""귀리"", ""해바라기씨앗"", ""호박씨앗"", ""땅콩"", ""아몬드"", ""캐슈견과"", ""멸치"", ""프락토올리고당"", ""버터"", ""현미"", ""삼씨앗"", ""검정깨(흑임자)""]"
2020037464511,무설탕 오건 토마토즙,마음지음영농조합법인,과.채주스,2023-06-15,2026-04-01,zero,1,"[""토마토열매""]"
2005050107525,무설탕 오디잼,내츄럴팜 영농조합법인,잼,2021-09-30,2024-01-17,zero,4,"[""뽕나무열매"", ""에리스리톨"", ""효소처리스테비아분말"", ""펙틴""]"
202208002955,무설탕 오미자,문경에프앤비,액상차,2025-05-27,2025-07-26,zero,1,"[""오미자추출액""]"
2011049800313,무설탕 요-하이,(주)메트로비앤에프,음료베이스,2016-04-07,2024-01-17,zero,10,"[""정제수"", ""발효유"", ""DL-사과산"", ""구연산"", ""정제야자경화유"", ""유화제"", ""크림향"", ""밀크향"", ""요구르트향"", ""구연산삼나트륨""]"
19950355316280,무설탕 자일리톨 (피치향),한울식품,캔디류,2023-08-07,2023-09-06,zero,3,"[""식품첨가물혼합제제"", ""천연향료"", ""자일리톨""]"
19950355316279,무설탕 자일리톨 100%(오리지널),한울식품,캔디류,2023-08-07,2023-08-22,zero,1,"[""자일리톨""]"
2021046261249,무설탕 저당 알룰로스 천연식초 딸기잼,해람토발효,잼,2026-05-11,2026-05-18,zero,4,"[""발효식초"", ""나한과추출물분말"", ""알룰로오스"", ""딸기""]"
200402945661228,무설탕 제주쑥 녹두 인절미,(주)영의정,떡류,2026-07-24,2026-07-25,zero,6,"[""찹쌀"", ""냉동쑥"", ""두류가공품"", ""알룰로오스"", ""재제소금(재제조소금)"", ""밀가루""]"
200402945661231,무설탕 제주쑥 현미 밥알떡,(주)영의정,떡류,2026-07-24,2026-07-25,zero,7,"[""정제수"", ""조림류"", ""현미찹쌀"", ""냉동쑥"", ""쑥가루"", ""재제소금(재제조소금)"", ""콩기름(대두유)""]"
19870370033165,무설탕 진생베리S캔디,고려식품,캔디류,2020-06-03,2020-06-05,zero,7,"[""유화제"", ""카라멜색소"", ""l-멘톨"", ""인삼향"", ""인삼열매추출농축액"", ""이소말토올리고당"", ""물엿""]"
2016049430211,무설탕 진하게 짜낸 생강 착즙 원액,농업회사법인 봉동생강마을주식회사,천연향신료,2022-03-28,2025-02-15,zero,1,"[""생강""]"
20160372001595,무설탕 짜장소스,(주)미다원,소스,2024-07-22,2025-05-23,zero,13,"[""전분가공품"", ""혼합장"", ""복합조미식품"", ""L-글루탐산나트륨"", ""식품첨가물혼합제제"", ""혼합간장"", ""정제수"", ""양배추"", ""생강"", ""감자"", ""양파"", ""돼지고기"", ""콩기름(대두유)""]"
2020052107114,무설탕 찰보리 쑥부쟁이 머핀,구례지리산식품가공협동조합,빵류,2021-07-28,2026-07-01,zero,13,"[""계피"", ""천일염"", ""아몬드슬라이스"", ""양파"", ""당근"", ""쑥부쟁이잎"", ""포도씨유혼합유지"", ""벌꿀"", ""우유"", ""유정란"", ""늘보리"", ""찰보리"", ""탄산수소나트륨""]"
2004027504759,무설탕 청포도캔디,(주)고궁,캔디류,2015-08-13,2023-12-27,zero,10,"[""말티톨시럽"", ""향료"", ""구연산"", ""자일리톨"", ""비타민C"", ""DL-사과산"", ""혼합제제"", ""천연청포도향"", ""레시틴"", ""향료""]"
19920306114322,무설탕 초코시럽,주식회사 동남,당류가공품,2024-05-24,2024-06-19,zero,13,"[""말티톨시럽"", ""정제수"", ""코코아분말"", ""분리유단백분말"", ""알룰로오스"", ""코코아분말"", ""전분가공품"", ""로커스트콩검"", ""식품첨가물혼합제제"", ""정제소금"", ""향료"", ""향료"", ""수크랄로스""]"
199604490021854,무설탕 초콜릿,롯데웰푸드주식회사천안공장,준초콜릿,2023-04-04,2023-04-05,zero,8,"[""혼합제제"", ""레시틴"", ""코코아버터"", ""소르비탄지방산에스테르"", ""두류가공품"", ""코코아분말"", ""가공유지"", ""D-말티톨""]"
19930439002647,무설탕 초콜릿으로 만든 다크 70% 초코볼,대영식품(주),초콜릿가공품,2019-04-03,2023-05-12,zero,4,"[""초콜릿"", ""식품첨가물혼합제제"", ""아라비아검"", ""D-말티톨""]"
19930439002650,무설탕 초콜릿으로 만든 아몬드초코볼,대영식품(주),초콜릿가공품,2019-04-17,2023-08-18,zero,4,"[""초콜릿가공품"", ""식품첨가물혼합제제"", ""아라비아검"", ""D-말티톨""]"
197304430031386,무설탕 초콜릿칩,(주)삼광식품,초콜릿,2022-04-18,2025-07-12,zero,8,"[""코코아매스"", ""D-말티톨"", ""코코아버터"", ""코코아분말"", ""레시틴"", ""바닐라향"", ""아몬드분말"", ""볶음땅콩분태""]"
202102020998,무설탕 치즈케익,더브라우니,빵류,2022-03-17,2022-07-20,zero,47,"[""브로콜리"", ""호박"", ""시금치"", ""자색고구마"", ""레드비트뿌리"", ""울금덩이뿌리"", ""여주"", ""당근"", ""케일분말"", ""명일엽"", ""꾸지뽕나무잎"", ""표고버섯"", ""적양배추"", ""무화과"", ""대추야자열매"", ""건포도"", ""청포도"", ""레몬"", ""배"", ""사과"", ""올리브유"", ""아보카도오일"", ""코코넛꽃액즙"", ""계란"", ""천일염"", ""자연치즈"", ""버터"", ""카카오매스"", ""카카오분말"", ""카카오분태"", ""에리스리톨"", ""효소처리스테비아"", ""피칸견과"", ""피스타치오견과"", ""마카다미아견과"", ""아몬드"", ""호두"", ""캐슈견과"", ""브라질넛견과"", ""개암"", ""삼씨앗"", ""해바라기씨앗"", ""호박씨앗"", ""아마씨앗"", ""치아씨앗"", ""바질씨앗"", ""질경이씨앗껍질""]"
197304430031789,무설탕 칙촉 청크,(주)삼광식품,초콜릿,2025-09-15,2025-09-17,zero,8,"[""볶음땅콩분태"", ""아몬드분말"", ""바닐라향"", ""레시틴"", ""코코아분말"", ""가공유지"", ""D-말티톨"", ""코코아매스""]"
197304430031790,무설탕 칙촉칩,(주)삼광식품,초콜릿,2025-09-15,2025-09-17,zero,8,"[""볶음땅콩분태"", ""아몬드분말"", ""바닐라향"", ""레시틴"", ""코코아분말"", ""가공유지"", ""D-말티톨"", ""코코아매스""]"
2023072474619,무설탕 카카오 견과바,여수야미,곡류가공품,2025-04-30,2026-07-01,zero,13,"[""현미"", ""삼씨앗"", ""크랜베리 추출물(기능성원료인정제2011-39호)"", ""검정깨(흑임자)"", ""귀리"", ""해바라기씨앗"", ""호박씨앗"", ""땅콩"", ""아몬드"", ""구운캐슈"", ""카카오분말"", ""프락토올리고당"", ""버터""]"
2004027504710,무설탕 커피,(주)고궁,캔디류,2004-06-29,2023-11-22,zero,6,"[""향료"", ""커피"", ""말티톨시럽"", ""버터"", ""향료"", ""혼합제제""]"
20050355361117,무설탕 코코아 현미칩,(주)푸디스,과자,2021-12-21,2026-02-25,zero,4,"[""천일염"", ""스테비아추출물"", ""코코아분말"", ""현미""]"
200003201886,무설탕 콩가루,고전식품,두류가공품,2007-04-06,2020-08-26,zero,1,"[""대두""]"
2024091100520,무설탕 쿨스 마일드,(주)나루아토,캔디류,2024-10-22,2024-10-23,zero,4,"[""이소말트"", ""물엿"", ""기타가공품"", ""l-멘톨""]"
2024091100519,무설탕 쿨스 스트롱,(주)나루아토,캔디류,2024-10-22,2024-10-23,zero,4,"[""l-멘톨"", ""이소말트"", ""물엿"", ""기타가공품""]"
2023072474617,무설탕 크린베리 견과바,여수야미,곡류가공품,2025-04-30,2026-07-01,zero,12,"[""현미"", ""검정깨볶은가루"", ""귀리"", ""해바라기씨앗"", ""호박씨앗"", ""땅콩 또는 견과류가공품"", ""아몬드견과"", ""캐슈견과"", ""프락토올리고당"", ""버터"", ""삼씨앗"", ""크랜베리 추출물(Cran-Max)(기능성원료인정제2010-39호)""]"
200402945661227,무설탕 통팥 가득 찰시루떡,(주)영의정,떡류,2026-07-24,2026-07-25,zero,5,"[""알룰로오스"", ""정제수"", ""재제소금(재제조소금)"", ""두류가공품"", ""찹쌀""]"
19920306114348,무설탕 통팥앙금,주식회사 동남,조림류,2025-07-25,2025-07-26,zero,3,"[""정제소금"", ""말티톨시럽"", ""삶은팥""]"
20120490150383,무설탕 통팥현미설기,농업회사법인 콩사랑(유),떡류,2024-10-09,2024-10-12,zero,4,"[""현미멥쌀"", ""현미찹쌀"", ""팥"", ""천일염""]"
2020036316664,무설탕 파주장단콩 콩국물,(주)한마당,즉석조리식품,2024-03-22,2024-03-26,zero,3,"[""정제소금"", ""백태"", ""정제수""]"
20120490150364,무설탕 팥앙금,농업회사법인 콩사랑(유),두류가공품,2024-04-29,2024-05-01,zero,3,"[""팥"", ""군고구마분말"", ""천일염""]"
19940484239248,무설탕 포도맛젤리,서주푸드 주식회사,캔디류,2024-04-18,2024-04-19,zero,23,"[""말티톨시럽"", ""정제수"", ""D-말티톨"", ""D-소비톨액"", ""젤란검"", ""기타가공품"", ""산도조절제"", ""산도조절제"", ""향료"", ""향료"", ""혼합제제"", ""구연산삼나트륨"", ""젖산칼슘"", ""기타 식용유지가공품"", ""효소처리스테비아"", ""아세설팜칼륨"", ""유화제"", ""과.채가공품"", ""잔탄검"", ""로커스트콩검"", ""사일리움씨드검"", ""펙틴"", ""과.채가공품""]"
199604490021821,무설탕 프로틴 초코,롯데웰푸드주식회사천안공장,준초콜릿,2022-11-03,2022-11-09,zero,10,"[""가공유지"", ""D-말티톨"", ""코코아분말"", ""유당"", ""두류가공품"", ""유청분말"", ""코코아버터"", ""소르비탄지방산에스테르"", ""레시틴"", ""혼합제제""]"
2022010365417,무설탕 플레인 쌀베이글,주식회사 다미브레드,빵류,2022-09-24,2022-09-27,zero,8,"[""정제수"", ""강력쌀가루"", ""발효종"", ""빵효모"", ""맥아분말"", ""기타소금"", ""올리브유"", ""에리스리톨""]"
2022010365434,무설탕 플레인 쌀식빵 냉동,주식회사 다미브레드,빵류,2022-09-24,2022-09-27,zero,9,"[""맥아분말"", ""빵효모"", ""기타소금"", ""분유류"", ""에리스리톨"", ""계란"", ""아보카도열매"", ""정제수"", ""강력쌀가루""]"
202102020999,무설탕 피칸파이,더브라우니,빵류,2022-05-27,2022-07-20,zero,46,"[""건포도"", ""청포도"", ""통밀가루"", ""밀가루"", ""호밀"", ""피칸견과"", ""피스타치오견과"", ""마카다미아"", ""아몬드"", ""호두"", ""캐슈견과"", ""브라질넛견과"", ""개암"", ""삼씨앗"", ""해바라기씨앗"", ""호박씨앗"", ""아마씨앗"", ""바질씨앗"", ""치아씨앗"", ""질경이껍질"", ""브로콜리"", ""호박"", ""자색고구마"", ""시금치"", ""레드비트뿌리"", ""울금덩이뿌리"", ""여주"", ""당근"", ""케일분말"", ""명일엽"", ""꾸지뽕나무잎"", ""표고버섯"", ""적양배추"", ""쌀조청"", ""사과"", ""배"", ""버터"", ""계란"", ""천일염"", ""코코넛꽃액즙"", ""올리브유"", ""아보카도오일"", ""효소처리스테비아"", ""파인애플열매"", ""대추야자열매"", ""무화과""]"
20120490150429,무설탕 현미 쑥버무리,농업회사법인 콩사랑(유),떡류,2026-02-04,2026-02-06,zero,5,"[""현미멥쌀"", ""참쑥잎"", ""깐밤"", ""군고구마분말"", ""천일염""]"
20120490150440,무설탕 현미 완두설기,농업회사법인 콩사랑(유),떡류,2026-06-05,2026-06-06,zero,3,"[""천일염"", ""완두"", ""현미""]"
20180450135555,무설탕 현미모닝빵,미잠미과,빵류,2018-10-25,2020-02-21,zero,7,"[""현미가루"", ""활성글루텐"", ""정제수"", ""현미유"", ""정제소금"", ""에리스리톨"", ""인스턴트이스트""]"
201804501351934,무설탕 현미모닝빵 냉동,미잠미과,빵류,2021-11-19,2021-12-04,zero,7,"[""현미가루"", ""현미유"", ""에리스리톨"", ""활성글루텐"", ""인스턴트이스트"", ""정제수"", ""정제소금""]"
20120490150407,무설탕 현미밤설기,농업회사법인 콩사랑(유),떡류,2025-10-28,2025-10-30,zero,3,"[""천일염"", ""현미멥쌀"", ""깐밤""]"
201804501351930,무설탕 현미식빵 냉동,미잠미과,빵류,2021-11-19,2021-12-04,zero,7,"[""현미가루"", ""활성글루텐"", ""정제수"", ""현미유"", ""정제소금"", ""에리스리톨"", ""인스턴트이스트""]"
1998030442374,무설탕 현미찰떡,사랑방식품,떡류,2022-05-23,2022-06-11,zero,4,"[""천일염"", ""글리세린지방산에스테르"", ""중력분"", ""현미찹쌀""]"
2014044311238,무설탕 홍삼캔디,(주)천년애푸드,캔디류,2017-01-06,2017-09-01,zero,6,"[""l-멘톨"", ""카라멜색소"", ""홍삼향"", ""홍삼농축액"", ""물엿"", ""D-말티톨""]"
20010415034493,무설탕 홍삼캔디     (OEM),국제제과(주),캔디류,2011-08-18,2016-12-19,zero,7,"[""말티톨시럽"", ""홍삼농축액"", ""홍삼추출액"", ""합성착향료"", ""홍삼분말"", ""자일리톨"", ""정제야자경화유""]"
2023072474618,무설탕 흑임자 견과바,여수야미,곡류가공품,2025-04-30,2026-07-01,zero,7,"[""검정깨(흑임자)"", ""현미"", ""귀리"", ""땅콩"", ""호박씨앗"", ""프락토올리고당"", ""버터""]"
1998030442375,무설탕 흑임자찰떡,사랑방식품,떡류,2022-05-23,2022-05-24,zero,5,"[""찹쌀"", ""검정깨(흑임자)"", ""천일염"", ""중력분"", ""글리세린지방산에스테르""]"
2024071601050,무설탕간식베이커리믹스,주식회사 SL푸드원 생태산업단지 3공장,곡류가공품,2025-10-23,2025-10-30,zero,13,"[""마가린"", ""식품첨가물"", ""혼합제제"", ""박력분"", ""중력분"", ""식품첨가물"", ""유청"", ""곡류가공품"", ""정제소금"", ""식품첨가물"", ""효소처리스테비아"", ""향료"", ""식품첨가물""]"
2004027504757,무설탕고려홍삼캔디,(주)고궁,캔디류,2015-04-14,2016-07-06,zero,8,"[""말티톨시럽"", ""자일리톨"", ""레시틴"", ""허브향"", ""페퍼민트향"", ""멘톨향"", ""인삼향"", ""홍삼농축액""]"
20010415034647,무설탕과일맛캔디,국제제과(주),캔디류,2019-12-10,2025-04-10,zero,13,"[""말티톨시럽"", ""가공유지"", ""향료"", ""혼합제제"", ""구연산"", ""비타민C"", ""DL-사과산"", ""혼합제제"", ""혼합제제"", ""향료"", ""유화제"", ""혼합제제"", ""천연향료""]"
2018026251069,무설탕그래놀라볼,신비푸드,곡류가공품,2022-08-04,2024-02-28,zero,6,"[""현미가루"", ""옥수수가루"", ""통밀가루"", ""호밀분말"", ""귀리분말"", ""탄산수소나트륨""]"
202407753591,무설탕금오도방풍장아찌,방풍푸드(유),절임식품,2024-09-24,2026-07-01,zero,11,"[""사과"", ""배"", ""정제수"", ""양조간장"", ""매실원액"", ""갯방풍연한잎자루"", ""마늘"", ""황태"", ""양파"", ""멸치"", ""고추""]"
197304430031710,무설탕다크초코시럽,(주)삼광식품,준초콜릿,2025-03-17,2025-03-18,zero,11,"[""D-말티톨"", ""당류가공품"", ""코코아분말"", ""정제수"", ""코코아분말"", ""코코아매스"", ""펙틴"", ""향료제제"", ""글리세린지방산에스테르"", ""카복시메틸셀룰로스나트륨"", ""바닐린""]"
197304430031706,무설탕다크코팅-SJ,(주)삼광식품,준초콜릿,2025-03-08,2025-03-11,zero,10,"[""효소처리스테비아"", ""폴리글리세린축합리시놀레인산에스테르"", ""향료"", ""레시틴"", ""코코아버터"", ""코코아분말"", ""코코아매스"", ""채종유(유채유 또는 카놀라유)"", ""야자유"", ""에리스리톨""]"
20050257069512,무설탕리얼다크초콜릿,(주)신우테크,초콜릿,2019-04-22,2024-03-18,zero,7,"[""코코아매스"", ""D-말티톨"", ""코코아버터"", ""코코아분말"", ""레시틴"", ""혼합제제"", ""바닐린""]"
20010415034649,무설탕밀크커피캔디,국제제과(주),캔디류,2019-12-10,2023-04-12,zero,8,"[""가공버터"", ""가공유지"", ""커피"", ""에스프레소커피추출액"", ""향료"", ""정제소금"", ""유화제"", ""말티톨시럽""]"
2023050278318,무설탕바닐라향라떼,일루션인터네셔널,커피,2024-07-03,2025-05-03,zero,3,"[""커피추출액"", ""우유"", ""당류가공품""]"
2019037130352,무설탕바스크 초코치즈케이크,코만스팩토리,빵류,2026-03-11,2026-03-13,zero,8,"[""치즈"", ""계란"", ""유크림"", ""기타가공품"", ""코코아분말"", ""과채주스"", ""재제소금(재제조소금)"", ""천연향신료""]"
2019037130349,무설탕바스크초코,코만스팩토리,빵류,2025-12-12,2025-12-14,zero,8,"[""계란"", ""치즈"", ""유크림"", ""기타가공품"", ""기타코코아가공품"", ""과채주스"", ""태움용융소금"", ""천연향신료""]"
19950555004494,무설탕백앙금,(주)태산,조림류,2024-10-18,2024-10-22,zero,4,"[""잔탄검"", ""정제소금"", ""D-말티톨"", ""흰강낭콩""]"
20150263511154,무설탕백앙금 쑥곤약떡,연미향,떡류,2025-07-22,2025-07-26,zero,7,"[""멥쌀"", ""강낭콩앙금"", ""냉동쑥"", ""쑥가루"", ""곤약분말"", ""천일염"", ""혼합제제""]"
201905220241,무설탕뻥튀기 영양팡,농업회사법인 영양팜(주),곡류가공품,2019-04-05,2026-07-01,zero,9,"[""천일염"", ""옥수수"", ""검정콩"", ""수수"", ""율무쌀"", ""밀"", ""보리"", ""현미"", ""쌀""]"
201905220243,무설탕뻥튀기 영양팡 50g,농업회사법인 영양팜(주),곡류가공품,2024-09-02,2026-07-01,zero,9,"[""밀"", ""보리"", ""현미"", ""쌀"", ""율무쌀"", ""수수"", ""검정콩"", ""옥수수"", ""천일염""]"
201905220244,무설탕뻥튀기 영양팡 60g,농업회사법인 영양팜(주),곡류가공품,2024-09-02,2026-07-01,zero,9,"[""천일염"", ""옥수수"", ""검정콩"", ""수수"", ""율무쌀"", ""쌀"", ""현미"", ""보리"", ""밀""]"
201905220242,무설탕뻥튀기 현미영양팡,농업회사법인 영양팜(주),곡류가공품,2020-06-08,2026-07-01,zero,7,"[""천일염"", ""검정콩"", ""수수"", ""율무쌀"", ""밀"", ""보리"", ""현미""]"
201905220245,무설탕뻥튀기 현미영양팡 60g,농업회사법인 영양팜(주),곡류가공품,2024-09-02,2026-07-01,zero,7,"[""천일염"", ""검정콩"", ""수수"", ""율무쌀"", ""밀"", ""보리"", ""현미""]"
201605581088,무설탕산수유즙,해피메이킹,액상차,2019-03-22,2019-03-26,zero,1,"[""산수유추출액""]"
19880622012170,무설탕순수매실액 매실만,참들애바이오푸드 영농조합법인,액상차,2026-06-03,2026-06-05,zero,1,"[""매실""]"
2023050278323,무설탕스위트아메리카노,일루션인터네셔널,커피,2025-01-24,2025-05-03,zero,3,"[""정제수"", ""커피추출액"", ""음료베이스""]"
20130443061104,무설탕스윗그린앤그린,(주)에그앤씨드 진천공장,캔디류,2026-01-06,2026-05-14,zero,5,"[""쌀조청"", ""녹차가루"", ""벌꿀"", ""녹차농축액"", ""고로쇠농축액""]"
2014015001018,무설탕앙금(냉동),농업회사법인 (주)백로앙금,조림류,2025-09-19,2025-09-20,zero,3,"[""팥"", ""알룰로오스"", ""정제소금""]"
197304430031107,무설탕엔로빙초코-YF,(주)삼광식품,초콜릿,2020-03-20,2020-04-13,zero,9,"[""폴리글리세린지방산에스테르"", ""초코렛향"", ""레시틴"", ""유당"", ""코코아매스"", ""코코아분말"", ""말티톨시럽"", ""코코아버터"", ""바닐린""]"
201605581089,무설탕오미자즙,해피메이킹,액상차,2019-03-22,2019-03-26,zero,1,"[""오미자추출액""]"
202308119575,무설탕장어구이 소스,미리로컬푸드,소스,2025-09-19,2025-09-30,zero,21,"[""알룰로오스"", ""사과"", ""배"", ""양파"", ""대파"", ""정제수"", ""마늘"", ""무"", ""청주"", ""소스"", ""물엿"", ""홍고추"", ""대추"", ""황기"", ""참당귀"", ""천궁뿌리줄기"", ""생강"", ""청고추"", ""다시마"", ""감초"", ""양조간장""]"
19950555004524,무설탕적앙금,(주)태산,조림류,2025-06-20,2025-09-04,zero,4,"[""팥"", ""D-말티톨"", ""정제소금"", ""잔탄검""]"
20140521009170,무설탕진미채,(주)현대푸드,조미건어포,2026-04-16,2026-07-01,zero,7,"[""아세설팜칼륨"", ""빙초산"", ""액상차"", ""재제소금(재제조소금)"", ""5-리보뉴클레오티드이나트륨"", ""D-소비톨"", ""오징어""]"
2022074101638,무설탕진미채,바른홀푸드(주),조미건어포,2026-04-20,2026-07-01,zero,7,"[""아세설팜칼륨"", ""빙초산"", ""액상차"", ""재제소금(재제조소금)"", ""5-리보뉴클레오티드이나트륨"", ""D-소비톨"", ""오징어""]"
20140521009167,무설탕진미채,(주)현대푸드,조미건어포,2026-01-29,2026-07-01,zero,6,"[""아세설팜칼륨"", ""액상차"", ""재제소금(재제조소금)"", ""5-리보뉴클레오티드이나트륨"", ""D-소비톨"", ""오징어""]"
2022074101634,무설탕진미채,바른홀푸드(주),조미건어포,2026-01-29,2026-07-01,zero,6,"[""오징어"", ""D-소비톨"", ""5-리보뉴클레오티드이나트륨"", ""재제소금(재제조소금)"", ""액상차"", ""아세설팜칼륨""]"
20050257069515,무설탕초콜릿아몬드,(주)신우테크,초콜릿가공품,2019-04-23,2019-04-25,zero,2,"[""초콜릿"", ""아몬드""]"
20050257069514,무설탕초콜릿커피,(주)신우테크,초콜릿가공품,2019-04-23,2019-04-25,zero,2,"[""초콜릿"", ""커피""]"
20050257069513,무설탕초콜릿헤이즐넛,(주)신우테크,초콜릿가공품,2019-04-22,2019-04-24,zero,2,"[""초콜릿"", ""개암나무열매""]"
20050257069690,무설탕카카오(이온믹스넛츠용),(주)신우테크,초콜릿,2021-09-17,2024-03-28,zero,8,"[""코코아매스"", ""D-말티톨"", ""코코아분말"", ""코코아버터"", ""레시틴"", ""폴리글리세린축합리시놀레인산에스테르"", ""향료제제"", ""향료""]"
20050257069399,무설탕카카오볼,(주)신우테크,초콜릿,2016-09-01,2020-12-01,zero,8,"[""D-말티톨"", ""코코아매스"", ""코코아버터"", ""코코아분말"", ""가공유지"", ""레시틴"", ""초코향"", ""바닐라향""]"
20050257069507,무설탕카카오볼C,(주)신우테크,초콜릿,2019-01-24,2020-04-21,zero,8,"[""합성향료"", ""합성향료"", ""글리세린지방산에스테르"", ""레시틴"", ""코코아버터"", ""코코아분말"", ""D-말티톨"", ""코코아매스""]"
20050257069588,무설탕카카오볼S,(주)신우테크,초콜릿,2020-04-17,2023-04-01,zero,8,"[""향료"", ""향료제제"", ""폴리글리세린축합리시놀레인산에스테르"", ""레시틴"", ""코코아버터"", ""코코아분말"", ""D-말티톨"", ""코코아매스""]"
20180504061420,무설탕콤부차분말,주식회사 웰런비앤에프 고창공장,기타가공품,2025-04-22,2025-05-03,zero,3,"[""정제수"", ""덱스트린"", ""기타발효음료""]"
2018026251094,무설탕크런치볼,신비푸드,곡류가공품,2025-04-24,2025-05-01,zero,6,"[""쌀가루"", ""통밀가루"", ""호밀분말"", ""귀리분말"", ""귀리식이섬유"", ""정제소금""]"
19950555004495,무설탕통팥앙금,(주)태산,조림류,2024-10-18,2024-10-22,zero,3,"[""팥"", ""D-말티톨"", ""정제소금""]"
20170370612200,무설탕통팥앙금,(주)동아식품,조림류,2025-08-22,2025-08-28,zero,4,"[""변성전분"", ""정제소금"", ""말티톨액"", ""삶은팥""]"
19950555004559,무설탕통팥앙금-HC,(주)태산,조림류,2026-08-06,2026-08-08,zero,4,"[""정제소금"", ""정제수"", ""D-말티톨"", ""팥""]"
19950555004551,무설탕통팥앙금-K,(주)태산,조림류,2026-04-24,2026-04-28,zero,3,"[""팥"", ""D-말티톨"", ""정제소금""]"
20120490150271,무설탕통팥현미찰떡,농업회사법인 콩사랑(유),떡류,2020-08-12,2024-01-17,zero,3,"[""천일염"", ""팥"", ""현미찹쌀""]"
20180067024156,무설탕팥앙금그때그단팥빵,글로벌베이커스,빵류,2025-02-13,2025-07-12,zero,11,"[""강력분"", ""설탕"", ""스테비아잎"", ""정제수"", ""마가린"", ""계란"", ""식물성크림"", ""혼합제제"", ""효모"", ""정제소금"", ""팥""]"
2022062633774,무설탕팥앙금그때그단팥빵,버터팩토리,빵류,2025-02-28,2025-03-08,zero,11,"[""강력분"", ""정제수"", ""마가린"", ""계란"", ""설탕"", ""팥"", ""스테비아잎"", ""식물성크림"", ""혼합제제"", ""효모"", ""정제소금""]"
20150263511145,무설탕팥앙금현미곤약떡,연미향,떡류,2025-04-07,2025-04-08,zero,5,"[""곤약분말"", ""통팥앙금"", ""현미"", ""혼합제제"", ""천일염""]"
20010415034645,무설탕프레쉬허브캔디,국제제과(주),캔디류,2019-12-10,2019-12-12,zero,15,"[""말티톨시럽"", ""산도조절제"", ""허브추출물"", ""천연향료"", ""벌꿀"", ""자몽농축액"", ""라임농축액"", ""도라지농축액"", ""가공유지"", ""모과농축액"", ""혼합제제"", ""파프리카추출색소"", ""유화제"", ""프로폴리스"", ""유화제""]"
2023050278322,무설탕헤이즐넛향라떼,일루션인터네셔널,커피,2024-12-04,2025-05-03,zero,3,"[""우유"", ""당류가공품"", ""커피추출액""]"
2023050278316,무설탕헤이즐넛향아메리카노,일루션인터네셔널,커피,2024-07-03,2025-05-03,zero,3,"[""커피추출액"", ""정제수"", ""당류가공품""]"
20110308348355,무설탕현미제주해풍콩쑥개떡,진우푸드,떡류,2026-06-11,2026-06-17,zero,7,"[""현미찹쌀"", ""팥앙금"", ""물엿"", ""콩가루"", ""냉동쑥"", ""식품첨가물혼합제제분말"", ""정제소금""]"
20110308348342,무설탕현미찹쌀떡,진우푸드,떡류,2025-11-12,2025-11-18,zero,6,"[""정제소금"", ""식품첨가물혼합제제"", ""찰옥수수전분"", ""물엿"", ""팥앙금"", ""찰현미""]"
20110308348341,무설탕현미콩쑥개떡,진우푸드,떡류,2025-10-31,2025-11-04,zero,8,"[""정제소금"", ""현미찹쌀"", ""팥앙금"", ""물엿"", ""콩가루"", ""쑥가루"", ""냉동쑥"", ""식품첨가물혼합제제분말""]"
19950555004487,무설탕호두통팥앙금,(주)태산,조림류,2024-09-25,2024-09-27,zero,4,"[""정제소금"", ""호두분태"", ""D-말티톨"", ""팥""]"
19870370033119,무설탕홍삼캔디,고려식품,캔디류,2009-05-06,2024-01-20,zero,7,"[""물엿"", ""이소말토올리고당"", ""홍삼농축액"", ""인삼향"", ""카라멜색소"", ""유화제"", ""l-멘톨""]"
20010415034648,무설탕홍삼캔디,국제제과(주),캔디류,2019-12-10,2019-12-12,zero,6,"[""말티톨시럽"", ""가공유지"", ""홍삼농축액"", ""합성향료"", ""유화제"", ""합성향료""]"
19870370033155,무설탕홍삼캔디,고려식품,캔디류,2017-11-29,2024-01-20,zero,7,"[""물엿"", ""이소말토올리고당"", ""홍삼농축액"", ""인삼향"", ""카라멜색소"", ""유화제"", ""l-멘톨""]"
20080360395100,무설탕홍삼캔디,쌀로만제과,캔디류,2017-06-19,2017-06-22,zero,6,"[""물엿"", ""말티톨시럽"", ""홍삼농축액"", ""홍삼향"", ""카라멜색소"", ""l-멘톨""]"
20150263511162,무설탕흑임자 흑미곤약떡,연미향,떡류,2025-12-02,2025-12-04,zero,7,"[""혼합제제"", ""천일염"", ""곤약분말"", ""기타가공품"", ""강낭콩앙금"", ""흑미"", ""멥쌀""]"
20080360395155,무설탕흑홍삼캔디,쌀로만제과,캔디류,2023-06-07,2023-06-15,zero,6,"[""l-멘톨"", ""카라멜색소"", ""홍삼향"", ""홍삼농축액"", ""D-말티톨"", ""물엿""]"
20160396071122,무염 무설탕 땅콩버터,영월군농산물가공협동조합,땅콩버터,2023-03-06,2023-06-10,zero,1,"[""땅콩""]"
20210348794369,바나프레소 무설탕 레몬 아이스티,주식회사 알티스트,당류가공품,2024-07-03,2024-07-05,zero,8,"[""과.채가공품"", ""혼합제제"", ""혼합제제"", ""고형차"", ""식품첨가물"", ""에리스리톨"", ""비타민C"", ""수크랄로스""]"
20210348794370,바나프레소 무설탕 체리 아이스티,주식회사 알티스트,당류가공품,2024-07-03,2024-07-05,zero,7,"[""고형차"", ""혼합제제"", ""식품첨가물"", ""에리스리톨"", ""수크랄로스"", ""비타민C"", ""과.채가공품""]"
2019015950153,바닐라 무설탕시럽,(주)피쉐프코리아,당류가공품,2022-11-28,2022-12-28,zero,9,"[""잔탄검"", ""커피"", ""정제소금"", ""혼합분유"", ""식품첨가물"", ""식품첨가물혼합제제"", ""식품첨가물"", ""당류가공품"", ""정제수""]"
199204841282057,백앙금(무설탕),(주) 대두식품,조림류,2025-07-28,2025-07-29,zero,2,"[""말티톨액"", ""두류가공품""]"
199204841282147,백옥앙금55M(무설탕),(주) 대두식품,조림류,2025-12-30,2026-01-07,zero,3,"[""정제소금"", ""말티톨액"", ""두류가공품""]"
20050355361167,버프스낵 무설탕 새싹보리칩,(주)푸디스,과자,2026-01-07,2026-01-08,zero,3,"[""현미"", ""보리순분말"", ""천일염""]"
20050355361158,버프스낵 무설탕 현미칩,(주)푸디스,과자,2025-11-03,2025-11-04,zero,2,"[""천일염"", ""현미""]"
201301662903,보리떡용가루(무설탕),보리채움,곡류가공품,2025-04-09,2025-04-12,zero,4,"[""베이킹파우더"", ""탄산수소나트륨"", ""늘보리"", ""통밀""]"
2013050110216,보리뻥튀기(무설탕),곡식플러스 영농조합법인,과자,2015-06-15,2024-01-17,zero,1,"[""보리""]"
2021049831812,봉동온리당무설탕생강진액,봉동생강농원,액상차,2022-04-28,2024-01-17,zero,2,"[""정제수"", ""생강""]"
2022020732310,부산 무설탕 자일리톨 캔디 레몬향,주식회사 노마드크라운,캔디류,2024-07-12,2024-10-11,zero,4,"[""치자황색소"", ""천연향료(Lemon)"", ""DL-사과산"", ""자일리톨""]"
202202073238,부산 무설탕 자일리톨 캔디 복숭아향,주식회사 노마드크라운,캔디류,2024-07-12,2024-10-11,zero,4,"[""적양배추색소"", ""DL-사과산"", ""천연복숭아향"", ""자일리톨""]"
202202073239,부산 무설탕 자일리톨 캔디 페퍼민트향,주식회사 노마드크라운,캔디류,2024-07-12,2024-10-11,zero,4,"[""치자청색소"", ""천연향료(Menthol)"", ""페퍼민트향"", ""자일리톨""]"
202005290374,빨강양파 무설탕 잼,해오름 농업회사법인 유한회사,잼,2021-02-22,2026-07-01,zero,4,"[""양파껍질추출물"", ""양파"", ""물엿"", ""젤라틴""]"
19960571018197,사루띠 무설탕 알로에,우일음료,혼합음료,2007-05-08,2016-07-06,zero,13,"[""알로에즙액함유절편"", ""벌꿀"", ""액상과당"", ""말토덱스트린"", ""젤란검"", ""젖산칼슘"", ""구연산"", ""비타민 C"", ""구연산삼나트륨"", ""글리신"", ""SY-GREEN"", ""청포도향"", ""정제수""]"
2009018806020,산마을 무설탕 발효생강청,신창식품,소스,2023-03-14,2023-03-16,zero,4,"[""누룩"", ""대추"", ""찹쌀"", ""생강""]"
20170484590358,서주 마음쏘옥 무설탕젤리,서주푸드(주)2공장,캔디류,2025-07-01,2025-07-02,zero,28,"[""유화제"", ""레몬농축액"", ""향료"", ""자몽농축액"", ""과.채가공품"", ""산도조절제"", ""향료"", ""효소처리스테비아"", ""기타 식용유지가공품"", ""향료"", ""산도조절제"", ""테아닌"", ""산도조절제"", ""펙틴"", ""D-말티톨"", ""정제수"", ""젤라틴"", ""말티톨시럽"", ""기타가공품"", ""비타민B6염산염"", ""혼합제제"", ""향료"", ""한천"", ""베리류색소"", ""라임주스농축액"", ""향료"", ""향료"", ""혼합제제""]"
2013050110292,수수뻥튀기(무설탕),곡식플러스 영농조합법인,과자,2022-10-06,2024-01-17,zero,1,"[""수수""]"
2015062201014,순수무설탕생강100,농업회사법인(주)하늘다리,액상차,2024-09-19,2024-12-27,zero,1,"[""생강""]"
20170484590166,슈가로로 무설탕 비타민 구미 복숭아,서주푸드(주)2공장,캔디류,2022-07-12,2024-01-17,zero,20,"[""말티톨시럽"", ""정제수"", ""젤라틴"", ""D-말티톨"", ""난소화성말토덱스트린(고시형)"", ""비타민C"", ""산도조절제"", ""펙틴"", ""펙틴"", ""향료"", ""향료"", ""향료"", ""향료"", ""구연산삼나트륨"", ""기타식용유지"", ""복숭아농축액"", ""유화제"", ""효소처리스테비아"", ""베리류색소"", ""한천""]"
20170484590298,슈가로로 무설탕 비타민 구미 포도,서주푸드(주)2공장,캔디류,2022-11-03,2024-01-17,zero,18,"[""향료"", ""향료"", ""향료"", ""구연산삼나트륨"", ""산도조절제"", ""비타민C"", ""난소화성말토덱스트린(고시형)"", ""젤라틴"", ""정제수"", ""말티톨시럽"", ""펙틴"", ""펙틴"", ""한천"", ""혼합제제"", ""효소처리스테비아"", ""유화제"", ""포도농축액"", ""기타식용유지""]"
2020034882628,스위트영 무설탕 뻥튀기,농업회사법인 화인푸드(주),과자,2025-06-20,2026-04-25,zero,5,"[""수크랄로스"", ""알룰로오스"", ""천일염"", ""효소처리스테비아"", ""영양밀쌀""]"
20130380065208,스윗무설탕베이비팝,스윗드림,기타엿,2025-06-02,2026-01-01,zero,6,"[""자일리톨"", ""천연색소"", ""천연향료"", ""구연산"", ""말티톨시럽"", ""이소말트""]"
20110484438114,스키니피그 무설탕 젤리,서주푸드(주)3공장,캔디류,2025-06-07,2025-06-10,zero,20,"[""파인애플농축액"", ""키위농축액"", ""자몽농축액"", ""혼합제제"", ""향료"", ""유화제"", ""혼합제제"", ""베리류색소"", ""펙틴"", ""향료"", ""기타 식용유지가공품"", ""향료"", ""효소처리스테비아"", ""산도조절제"", ""향료"", ""산도조절제"", ""정제수"", ""젤라틴"", ""난소화성말토덱스트린(고시형)"", ""알룰로오스""]"
2022020732313,슬라임 무설탕 자일리톨 캔디 샤인머스켓향,주식회사 노마드크라운,캔디류,2024-10-02,2024-10-11,zero,4,"[""치자색소 혼합제제"", ""DL-사과산"", ""청포도향"", ""자일리톨""]"
201803991043,쌀 담아 더 건강한 무설탕 딸기잼,봄앤푸드,잼,2019-04-16,2023-06-10,zero,3,"[""딸기"", ""쌀조청"", ""올리고당""]"
201803991044,쌀담아 더 건강한 무설탕 블루베리잼,봄앤푸드,잼,2019-04-16,2023-06-10,zero,3,"[""블루베리"", ""쌀조청"", ""올리고당""]"
20110362143502,"쌀로, 무설탕과일스프레드",농업회사법인 김포농식품(주),기타엿,2023-07-12,2024-08-29,zero,7,"[""쌀조청"", ""사과퓌레"", ""배퓌레"", ""냉동딸기"", ""냉동블루베리"", ""프락토올리고당"", ""과채주스""]"
20110362143117,쌀로만든 무설탕 아로니아 스프레드,농업회사법인 김포농식품(주),기타엿,2015-07-03,2017-08-20,zero,5,"[""아로니아"", ""프락토올리고당"", ""쌀조청"", ""잔탄검"", ""발효식초""]"
2013050110215,쌀뻥튀기(무설탕),곡식플러스 영농조합법인,과자,2015-06-15,2024-01-17,zero,1,"[""쌀""]"
2022020732324,썬빔 무설탕 자일리톨 캔디 오리지널,주식회사 노마드크라운,캔디류,2025-06-25,2026-02-28,zero,1,"[""자일리톨""]"
20100501065161,쑥반죽(무설탕),동진농장영농조합법인,기타 농산가공품,2026-01-18,2026-01-28,zero,4,"[""정제수"", ""천일염"", ""쑥잎"", ""멥쌀""]"
20140356241129,아이삼무설탕홍삼캔디,달곰씨앤에프,캔디류,2018-12-06,2024-03-23,zero,5,"[""l-멘톨"", ""혼합제제"", ""홍삼농축액"", ""이소말트"", ""말티톨시럽""]"
200306143071332,아카페라 아이스 무설탕 아메리카노,(주)젠푸드,커피,2021-12-02,2021-12-03,zero,6,"[""정제수"", ""커피"", ""커피"", ""탄산수소나트륨"", ""L-아스코브산나트륨"", ""식품첨가물혼합제제""]"
2015035583158,알곡그대로눌러내린 무설탕통밀식빵,씨지에스푸드(CGS FOOD),빵류,2025-01-09,2025-01-16,zero,6,"[""통밀"", ""밀가루"", ""정제수"", ""콩기름(대두유)"", ""인스턴트이스트"", ""천일염""]"
201405190539,야무진 무설탕 키위 잼,도담농장,잼,2015-11-17,2026-07-01,zero,2,"[""키위열매"", ""올리고당""]"
2013050110289,약콩볶음(무설탕),곡식플러스 영농조합법인,과자,2022-07-20,2024-01-17,zero,1,"[""약콩""]"
1988062201239,엄마의선택 100% 무설탕매실액,참들애바이오푸드 영농조합법인,액상차,2025-07-16,2025-09-16,zero,1,"[""매실""]"
2012051802012,여성에게 참 좋은 무설탕 참샘석류원액 프리미엄,참샘식품영농조합법인,액상차,2015-01-14,2026-07-01,zero,1,"[""석류숙성액""]"
2022020732311,예티 무설탕 자일리톨 캔디 콜라향,주식회사 노마드크라운,캔디류,2024-09-30,2024-10-11,zero,4,"[""카카오색소"", ""DL-사과산"", ""콜라향"", ""자일리톨""]"
2020038425836,오마초 무설탕다크,주식회사 정안,초콜릿가공품,2022-05-11,2026-02-01,zero,2,"[""혼합음료"", ""초콜릿""]"
2013050110220,옥수수뻥튀기(무설탕),곡식플러스 영농조합법인,과자,2015-06-15,2024-01-17,zero,1,"[""옥수수""]"
19880208008163,우리집비법 국내산 멥쌀가루 무설탕,태승식품,곡류가공품,2021-07-26,2026-07-01,zero,2,"[""멥쌀가루"", ""가공소금""]"
19890445014663,유기농아메리카노무설탕,태웅식품(주),커피,2014-06-09,2016-07-06,zero,1,"[""유기농에스프레소추출액""]"
2013050110275,율무뻥튀기(무설탕),곡식플러스 영농조합법인,과자,2019-02-15,2024-01-17,zero,1,"[""율무""]"
20120500036131,이제부터 하루 한 포 무설탕 도라지차,태후자연식품,액상차,2025-03-25,2025-03-27,zero,2,"[""도라지뿌리농축액"", ""도라지뿌리추출액""]"
20120500036130,이제부터 하루 한 포 무설탕 생강차,태후자연식품,액상차,2024-09-13,2024-09-20,zero,2,"[""생강추출액"", ""생강농축액""]"
20040360467369,일품 무설탕 맛김치,농업회사법인 (유) 일품김치,김치,2024-09-12,2024-09-14,zero,14,"[""재제소금(재제조소금)"", ""소스류"", ""잔탄검"", ""효소처리스테비아"", ""절임배추잎"", ""고춧가루"", ""정제수"", ""알파미분"", ""대파"", ""마늘"", ""생강"", ""액젓"", ""염장새우"", ""양파""]"
2016055822036,자연미소 무설탕 오미자즙,이젠하우스,액상차,2020-04-10,2022-03-27,zero,1,"[""오미자추출액""]"
19870370033157,조삼원 무설탕홍삼캔디,고려식품,캔디류,2018-07-04,2018-07-10,zero,7,"[""l-멘톨"", ""카라멜색소"", ""인삼향"", ""홍삼농축액"", ""이소말토올리고당"", ""물엿"", ""유화제""]"
2022020732312,주황버섯 무설탕 자일리톨 캔디 레몬향,주식회사 노마드크라운,캔디류,2024-09-30,2024-10-11,zero,4,"[""치자황색소"", ""천연향료(Lemon)"", ""DL-사과산"", ""자일리톨""]"
20170257231155,참좋은 무설탕 고구마식혜,세종시싱싱로컬푸드가공영농조합법인,액상차,2026-08-05,2026-08-07,zero,5,"[""정제수"", ""쌀"", ""고구마"", ""엿기름"", ""정제소금""]"
2010052707644,천년마을 무설탕 모시 알송편,천년마을송편,떡류,2026-01-09,2026-07-01,zero,7,"[""쌀"", ""모시풀잎"", ""동부"", ""효소처리스테비아"", ""볶음땅콩분태"", ""천일염"", ""밀가루""]"
20010415034573,케이지에스 무설탕 홍삼캔디,국제제과(주),캔디류,2017-05-01,2017-05-05,zero,5,"[""이소말토올리고당"", ""맥아엑기스"", ""카라멜색소"", ""홍삼농축액"", ""합성향료""]"
20090440068353,키토랩 무설탕 얼려먹는 샤베트,(주)건영제과,혼합음료,2020-10-19,2020-10-22,zero,16,"[""효소처리스테비아"", ""치자청색소"", ""레드칼라"", ""홍화황색소"", ""사과농축액"", ""복숭아향"", ""청포도향"", ""소다향"", ""딸기향"", ""DL-사과산"", ""카라기난혼합제제"", ""에리스리톨"", ""정제수"", ""복숭아농축과즙"", ""청포도농축과즙"", ""딸기농축과즙""]"
201503558319,통밀무설탕식빵,씨지에스푸드(CGS FOOD),빵류,2015-11-18,2022-11-01,zero,6,"[""천일염"", ""인스턴트이스트"", ""콩기름(대두유)"", ""정제수"", ""밀가루"", ""통밀""]"
2025037370615,통밀백서 무설탕 무소금 통밀빵,주식회사 와이앤제이코퍼레이션,빵류,2025-09-02,2025-09-03,zero,4,"[""효모"", ""혼합올리브유"", ""정제수"", ""통밀가루""]"
199204841281505,통팥앙금48M(무설탕),(주) 대두식품,조림류,2023-09-05,2024-01-17,zero,3,"[""두류가공품"", ""말티톨시럽"", ""정제소금""]"
199204841282059,통팥앙금57H(무설탕),(주) 대두식품,조림류,2025-07-28,2025-08-01,zero,3,"[""두류가공품"", ""말티톨액"", ""정제소금""]"
199204841282014,통팥앙금57M(무설탕),(주) 대두식품,조림류,2024-07-09,2024-07-10,zero,3,"[""두류가공품"", ""말티톨시럽"", ""정제소금""]"
20180532056139,툴러 무설탕 자일리톨 캔디 감귤맛,올바름,캔디류,2026-03-24,2026-07-01,zero,4,"[""자일리톨"", ""비타민C"", ""천연향료"", ""치자황색소""]"
20180532056141,툴러 무설탕 자일리톨 캔디 요구르트맛,올바름,캔디류,2026-03-24,2026-07-01,zero,5,"[""홍국색소"", ""치자황색소"", ""유산균배양건조물"", ""요구르트향"", ""자일리톨""]"
20180532056140,툴러 무설탕 자일리톨 캔디 핑크소금맛,올바름,캔디류,2026-03-24,2026-07-01,zero,3,"[""홍국색소"", ""재제소금(재제조소금)"", ""자일리톨""]"
199204841282058,팥앙금(무설탕),(주) 대두식품,조림류,2025-07-28,2025-07-29,zero,2,"[""두류가공품"", ""폴리글리시톨액""]"
19930439002774,풀플레이트마켓 무설탕 다크72% 초코볼,대영식품(주),초콜릿가공품,2023-02-27,2025-02-20,zero,5,"[""식품첨가물혼합제제"", ""아라비아검"", ""초콜릿"", ""정제수"", ""D-말티톨""]"
2004027504792,풀플레이트마켓 무설탕 레몬 캔디,(주)고궁,캔디류,2023-03-09,2023-03-20,zero,9,"[""말티톨시럽"", ""천연향료"", ""구연산"", ""DL-사과산"", ""자일리톨"", ""비타민C"", ""치자황색소"", ""자당지방산에스테르"", ""향료""]"
2011054899639,풍미가득 무설탕보리떡,짝꿍푸드인사동떡집,떡류,2024-05-13,2024-11-05,zero,6,"[""효모"", ""정제소금"", ""멥쌀"", ""보리"", ""호두"", ""아몬드""]"
202503745421,프레이즈무설탕밤잼,제이디푸드,잼,2025-09-14,2025-09-17,zero,3,"[""깐밤"", ""정제수"", ""알룰로오스""]"
2022020732350,프로넛 무설탕 자일리톨 구강유산균 캔디 바나나향,주식회사 노마드크라운,캔디류,2026-07-16,2026-08-06,zero,4,"[""자일리톨"", ""천연바나나향"", ""치자황색소"", ""유산균혼합분말""]"
2022020732351,프로넛 무설탕 자일리톨 구강유산균 캔디 블루베리향,주식회사 노마드크라운,캔디류,2026-07-16,2026-08-06,zero,5,"[""자일리톨"", ""천연블루베리향"", ""DL-사과산"", ""치자청색소"", ""적양배추색소""]"
2022020732349,프로넛 무설탕 자일리톨 구강유산균 캔디 오리지널,주식회사 노마드크라운,캔디류,2026-07-16,2026-08-06,zero,2,"[""자일리톨"", ""유산균혼합분말""]"
202202073232,프로넛 무설탕 자일리톨 캔디 레몬향,주식회사 노마드크라운,캔디류,2024-06-14,2024-10-11,zero,4,"[""자일리톨"", ""DL-사과산"", ""천연향료(Lemon)"", ""치자황색소""]"
2022020732320,프로넛 무설탕 자일리톨 캔디 리치향,주식회사 노마드크라운,캔디류,2025-02-10,2025-02-12,zero,3,"[""레드칼라"", ""합성착향료&#40;리치향&#41;"", ""자일리톨""]"
202202073233,프로넛 무설탕 자일리톨 캔디 복숭아향,주식회사 노마드크라운,캔디류,2024-06-14,2024-10-11,zero,4,"[""자일리톨"", ""천연복숭아향"", ""DL-사과산"", ""적양배추색소""]"
202202073234,프로넛 무설탕 자일리톨 캔디 샤인머스켓향,주식회사 노마드크라운,캔디류,2024-06-14,2024-10-11,zero,4,"[""치자색소 혼합제제"", ""DL-사과산"", ""청포도향"", ""자일리톨""]"
2022020732319,프로넛 무설탕 자일리톨 캔디 소다향,주식회사 노마드크라운,캔디류,2025-02-10,2025-02-12,zero,3,"[""자일리톨"", ""합성착향료(소다향)"", ""치자청색소""]"
2022020732323,프로넛 무설탕 자일리톨 캔디 애플망고향,주식회사 노마드크라운,캔디류,2025-02-10,2025-02-12,zero,4,"[""자일리톨"", ""치자황색소"", ""애플망고향"", ""적양배추색소""]"
202202073231,프로넛 무설탕 자일리톨 캔디 오리지널,주식회사 노마드크라운,캔디류,2024-06-14,2024-10-11,zero,1,"[""자일리톨""]"
2022020732321,프로넛 무설탕 자일리톨 캔디 체리향,주식회사 노마드크라운,캔디류,2025-02-10,2025-02-12,zero,4,"[""자일리톨"", ""DL-사과산"", ""체리향"", ""적양배추색소""]"
202202073236,프로넛 무설탕 자일리톨 캔디 콜라향,주식회사 노마드크라운,캔디류,2024-06-14,2024-10-11,zero,4,"[""자일리톨"", ""콜라향"", ""DL-사과산"", ""카카오색소""]"
2022020732322,프로넛 무설탕 자일리톨 캔디 파인애플향,주식회사 노마드크라운,캔디류,2025-02-10,2026-01-21,zero,4,"[""자일리톨"", ""DL-사과산"", ""천연파인애플향"", ""적양배추색소""]"
202202073235,프로넛 무설탕 자일리톨 캔디 페퍼민트향,주식회사 노마드크라운,캔디류,2024-06-14,2024-10-11,zero,4,"[""자일리톨"", ""페퍼민트향"", ""천연향료(Menthol)"", ""치자청색소""]"
2022020732339,프로넛 무설탕 자일리톨 프로폴리스 캔디,주식회사 노마드크라운,캔디류,2025-12-11,2025-12-17,zero,7,"[""모과추출농축액"", ""자일리톨"", ""감초농축액"", ""도라지뿌리농축액"", ""프로폴리스분말"", ""페퍼민트향"", ""꿀향""]"
20080320042161,프로넛 무설탕 젤리 레몬향,팜드림(주),캔디류,2026-07-01,2026-07-03,zero,8,"[""향료"", ""구연산"", ""비타민C"", ""기타가공품"", ""홍화황색소"", ""혼합제제"", ""정제수"", ""자일리톨""]"
20080320042160,프로넛 무설탕 젤리 사과향,팜드림(주),캔디류,2026-07-01,2026-07-03,zero,8,"[""향료"", ""구연산"", ""비타민C"", ""기타가공품"", ""홍화황색소"", ""혼합제제"", ""정제수"", ""자일리톨""]"
20080320042162,프로넛 무설탕 젤리 샤인머스켓향,팜드림(주),캔디류,2026-07-01,2026-07-03,zero,8,"[""향료"", ""구연산"", ""비타민C"", ""기타가공품"", ""타르색소제제"", ""혼합제제"", ""정제수"", ""자일리톨""]"
2017033229228,프리미엄 무설탕 레몬착즙청,레몬하우스,액상차,2024-07-25,2024-07-26,zero,2,"[""알룰로오스"", ""레몬""]"
2017033229230,프리미엄무설탕 레몬모히또,레몬하우스,액상차,2024-07-25,2024-07-26,zero,3,"[""레몬"", ""애플민트잎"", ""알룰로오스""]"
2017033229234,프리미엄무설탕 블루베리착즙청,레몬하우스,액상차,2024-07-25,2024-07-27,zero,3,"[""블루베리"", ""레몬"", ""알룰로오스""]"
2017033229237,프리미엄무설탕 생강레몬착즙청,레몬하우스,액상차,2024-07-25,2024-07-27,zero,3,"[""레몬"", ""생강"", ""알룰로오스""]"
2017033229235,프리미엄무설탕 석류착즙청,레몬하우스,액상차,2024-07-25,2024-07-27,zero,3,"[""석류"", ""레몬"", ""알룰로오스""]"
2017033229236,프리미엄무설탕 자몽오미자착즙청,레몬하우스,액상차,2024-07-25,2024-07-27,zero,3,"[""자몽"", ""오미자열매"", ""알룰로오스""]"
2017033229233,프리미엄무설탕 패션후르츠착즙청,레몬하우스,액상차,2024-07-25,2024-07-27,zero,2,"[""패션후르츠향베이스"", ""알룰로오스""]"
2017033229229,프리미엄무설탕 히비스커스레몬착즙청,레몬하우스,액상차,2024-07-25,2024-07-26,zero,3,"[""레몬"", ""알룰로오스"", ""히비스커스""]"
202202073237,핑크빈 무설탕 자일리톨 캔디 복숭아향,주식회사 노마드크라운,캔디류,2024-06-20,2024-10-11,zero,4,"[""적양배추색소"", ""DL-사과산"", ""천연복숭아향"", ""자일리톨""]"
2019042403423,하나 무설탕 통팥앙금,가로수푸드,조림류,2026-06-08,2026-06-09,zero,5,"[""탄산수소나트륨"", ""폴리인산나트륨"", ""정제소금"", ""팥"", ""말티톨시럽""]"
201105133788,하조 무설탕 딸기잼,영농조합법인 월매원,기타잼,2018-07-19,2026-07-01,zero,3,"[""보리"", ""쌀"", ""딸기""]"
2011051337810,하조무설탕 매실잼,영농조합법인 월매원,기타잼,2019-06-12,2026-07-01,zero,2,"[""매실과육"", ""쌀조청""]"
202004751215,한담 모시개떡(무설탕),한담떡,떡류,2020-09-08,2020-09-10,zero,1,"[""떡류""]"
202004751218,한담 생모시개떡(무설탕),한담떡,떡류,2020-09-08,2020-09-10,zero,1,"[""떡류""]"
20010415034322,한삼인홍삼무설탕캔디,국제제과(주),캔디류,2008-01-23,2016-12-19,zero,7,"[""자일리톨"", ""마니톨시럽"", ""합성착향료"", ""유화제"", ""홍삼농축액"", ""식물성유지"", ""D-소르비톨""]"
2021046261257,해람토 무설탕 사과레몬식초,해람토발효,발효식초,2023-06-14,2023-06-23,zero,3,"[""사과"", ""효모"", ""레몬""]"
201600845745,행복 무설탕 좋은팥앙금,행복캠퍼스원,조림류,2025-05-29,2026-07-01,zero,7,"[""정제수"", ""구연산(무수)"", ""알긴산나트륨"", ""정제소금"", ""말티톨시럽"", ""D-말티톨"", ""팥""]"
20010415034775,허브큐 무설탕 레몬캔디 with 스테비아,국제제과(주),캔디류,2025-02-03,2025-02-04,zero,13,"[""홍화황색소"", ""허브추출물"", ""향료"", ""식물성유지"", ""효소처리스테비아"", ""기타가공품"", ""허브향"", ""레몬향"", ""레몬농축액"", ""혼합제제"", ""구연산"", ""말티톨시럽"", ""이소말트""]"
20150263511141,현미무설탕앙금가래떡,연미향,떡류,2025-02-06,2025-02-11,zero,5,"[""통팥앙금"", ""현미"", ""천일염"", ""혼합제제"", ""콩기름(대두유)""]"
20150263511159,현미무설탕앙금떡,연미향,떡류,2025-10-17,2025-10-28,zero,5,"[""통팥앙금"", ""현미"", ""천일염"", ""β-아밀라아제"", ""콩기름(대두유)""]"
2013050110290,현미뻥튀기(무설탕),곡식플러스 영농조합법인,과자,2022-08-08,2024-01-17,zero,1,"[""현미""]"
19870370033154,홍삼&복분자무설탕캔디,고려식품,캔디류,2017-11-21,2017-11-24,zero,8,"[""이소말토올리고당"", ""물엿"", ""홍삼농축액"", ""복분자농축액"", ""합성착향료"", ""산도조절제"", ""합성착색료"", ""합성착색료""]"
201405240702,황금씨앗 무설탕 무화과잼 비타D,황금씨앗,잼,2014-10-06,2026-07-01,zero,4,"[""무화과"", ""프락토올리고당"", ""표고버섯가루"", ""구연산""]"
20010415034541,흑삼무설탕캔디,국제제과(주),캔디류,2014-07-22,2026-07-14,zero,6,"[""l-멘톨"", ""유화제"", ""향료"", ""흑삼농축액"", ""식물성유지"", ""말티톨시럽""]"
19930461022326,BLACK BEAN 검은콩 무가당,연세대학교 연세유업,가공두유,2024-10-10,2024-10-11,zero,6,"[""두유액"", ""천일염"", ""두류가공품"", ""두류가공품"", ""탄산칼슘혼합제제"", ""정제수""]"
20180345012100,COVER무가당베이스,커버라이스(cover rice),소스,2021-12-09,2021-12-18,zero,4,"[""잔탄검"", ""효소처리스테비아"", ""식품첨가물"", ""정제수""]"
2021047000215,IQF무가당딸기다이스(12),농업회사법인 써니빌(주) 제2공장,과.채가공품,2022-11-14,2022-11-17,zero,1,"[""냉동딸기""]"
2021047000214,IQF무가당딸기다이스(6.4),농업회사법인 써니빌(주) 제2공장,과.채가공품,2022-11-14,2022-11-17,zero,1,"[""냉동딸기""]"
20180491044288,bodylike 무가당 서리태 콩물두유 플레인,주식회사 연두,가공두유,2023-10-04,2024-01-17,zero,2,"[""정제소금"", ""원액두유""]"
20180491044446,whole peanut 무가당 peanut butter,주식회사 연두,땅콩버터,2025-06-20,2025-08-10,zero,1,"[""땅콩버터""]"
19930461022401,갈아만든 진한 국산콩 두유 무가당,연세대학교 연세유업,가공두유,2026-02-06,2026-02-10,zero,5,"[""혼합제제"", ""곡류가공품"", ""천일염"", ""원액두유"", ""정제수""]"
201406111883,갈아먹는 무가당파인애플식초,감익는마을 천연식초,발효식초,2017-12-30,2018-04-05,zero,2,"[""감식초"", ""파인애플열매""]"
2011032036341,강냉이(무가당),부농푸드,과자,2013-11-14,2021-11-30,zero,2,"[""탄산수소나트륨"", ""옥수수""]"
20180491044419,건강한 무가당 루피니빈 두유,주식회사 연두,가공두유,2025-03-11,2025-09-12,zero,4,"[""원액두유"", ""정제수"", ""기타 수산물가공품"", ""정제소금""]"
19980308080480,고소한 99.9 무가당 두유,한미사이언스(주),가공두유,2025-04-30,2025-05-02,zero,2,"[""천일염"", ""원액두유""]"
20180491044207,고칼슘 무가당 블랙9곡 두유,주식회사 연두,가공두유,2021-10-20,2024-01-17,zero,5,"[""원액두유"", ""곡류가공품"", ""탄산칼슘"", ""정제소금"", ""정제수""]"
19980308080415,고칼슘 무가당 블랙9곡 두유,한미사이언스(주),가공두유,2022-09-26,2022-10-01,zero,5,"[""곡류가공품"", ""정제소금"", ""탄산칼슘"", ""정제수"", ""원액두유""]"
19980308080521,고칼슘&비타민D두유 무가당 원액 99.5%,한미사이언스(주),가공두유,2025-12-12,2025-12-27,zero,4,"[""효모식품"", ""정제소금"", ""탄산칼슘"", ""원액두유""]"
20070464034265,곡물도감 무가당 더 진한 맷돌 콩물두유,농업회사법인 논산딸기랜드(주),가공두유,2026-04-29,2026-06-05,zero,2,"[""천일염"", ""원액두유""]"
19900227031154,골든키위 무가당 퓨레,(주)남양냉동식품,과.채가공품,2012-08-08,2026-07-01,zero,1,"[""골든키위""]"
20180491044490,국산 밀새싹 서리태 무가당 두유,주식회사 연두,가공두유,2026-05-28,2026-06-02,zero,3,"[""천일염"", ""밀싹분말"", ""원액두유""]"
20180491044105,국산무가당햇약콩두유,주식회사 연두,가공두유,2020-04-11,2024-01-17,zero,9,"[""원액두유"", ""미강유(현미유)"", ""곡류가공품"", ""해조칼슘"", ""땅콩 또는 견과류가공품"", ""땅콩 또는 견과류가공품"", ""천일염"", ""기타가공품"", ""정제수""]"
2012020838830,껍질까지 담은 무가당 팥앙금,다믈식품,소스,2025-12-01,2026-07-01,zero,2,"[""정제수"", ""팥""]"
20140496065340,넛띵 무가당 땅콩버터 100% 스무스,농업회사법인 데이웰(주),땅콩버터,2025-03-07,2025-04-19,zero,1,"[""볶음땅콩""]"
20140496065339,넛띵 무가당 땅콩버터 100% 크런치,농업회사법인 데이웰(주),땅콩버터,2025-03-07,2025-05-02,zero,1,"[""볶음땅콩""]"
20200269504106,넛츠그린 무가당 땅콩버터 스무스,(주)대흥,땅콩 또는 견과류가공품,2021-10-28,2026-01-28,zero,1,"[""구운땅콩""]"
202503733772,넛츠그린 무가당 땅콩버터 스무스,(주)대흥 수원지점,땅콩 또는 견과류가공품,2025-04-07,2026-05-13,zero,1,"[""구운땅콩""]"
2023064343254,넛츠그린 무가당 땅콩버터 스무스,(주)더기븐,땅콩 또는 견과류가공품,2026-02-02,2026-02-04,zero,1,"[""구운땅콩""]"
202503733771,넛츠그린 무가당 땅콩버터 스틱,(주)대흥 수원지점,땅콩 또는 견과류가공품,2025-03-14,2026-06-09,zero,1,"[""구운땅콩""]"
20200269504165,넛츠그린 무가당 땅콩버터 크런치,(주)대흥,땅콩 또는 견과류가공품,2024-12-19,2026-01-28,zero,1,"[""구운땅콩""]"
202503733773,넛츠그린 무가당 땅콩버터 크런치,(주)대흥 수원지점,땅콩 또는 견과류가공품,2025-04-07,2026-05-13,zero,1,"[""구운땅콩""]"
20200269504105,넛츠그린 무가당 아몬드버터 스무스,(주)대흥,땅콩 또는 견과류가공품,2021-10-28,2026-01-28,zero,1,"[""구운아몬드""]"
202503733774,넛츠그린 무가당 아몬드버터 스무스,(주)대흥 수원지점,땅콩 또는 견과류가공품,2025-04-07,2026-05-13,zero,1,"[""구운아몬드""]"
2023064343255,넛츠그린 무가당 아몬드버터 스무스,(주)더기븐,땅콩 또는 견과류가공품,2026-02-02,2026-02-04,zero,1,"[""구운아몬드""]"
2023064343274,넛츠그린 무가당 아몬드버터 크런치,(주)더기븐,땅콩 또는 견과류가공품,2026-08-07,2026-08-15,zero,2,"[""아몬드"", ""아몬드분태""]"
20120091180185,담꽃무가당통팥죽,담꽃 팩토리,즉석조리식품,2021-07-21,2025-12-05,zero,3,"[""천일염"", ""팥"", ""정제수""]"
19980308080516,담백한 무가당 고단백 두유,한미사이언스(주),가공두유,2025-11-27,2026-03-31,zero,11,"[""젤란검"", ""향료"", ""향료"", ""정제소금"", ""레시틴"", ""기타 농산가공품"", ""탄산칼슘"", ""두류가공품"", ""두류가공품"", ""정제수"", ""원액두유""]"
20080509087154,담터 핫초코 팽도리의 무가당 오리지널,주식회사 담터에프엔비,기타 코코아가공품,2022-10-04,2026-07-01,zero,9,"[""코코아분말"", ""코코아분말"", ""가공유크림"", ""유청분말"", ""에리스리톨"", ""탈지분유"", ""아세설팜칼륨"", ""향료"", ""이산화규소""]"
2008048129092,더커피 에스프레소 무가당,코비스,커피,2019-08-27,2024-01-17,zero,2,"[""볶은커피"", ""정제수""]"
202308240205,딸기 (무가당 BQF),농업회사법인 주식회사 네이처팜 제2공장,과.채가공품,2023-04-11,2023-04-13,zero,1,"[""딸기""]"
20190476035154,딸기(무가당 BQF),(주)우양 청양2공장(뉴뜨레),과.채가공품,2021-04-12,2021-04-13,zero,1,"[""딸기""]"
2012046411922,딸기(무가당BQF),농업회사법인 하늘땅(주),과.채가공품,2021-04-02,2021-04-05,zero,1,"[""딸기""]"
2021047000213,딸기(무가당BQF),농업회사법인 써니빌(주) 제2공장,과.채가공품,2022-05-21,2022-05-24,zero,1,"[""딸기""]"
20020183282662,딸기(무가당BQF),(주)푸드웰,과.채가공품,2016-04-15,2018-05-25,zero,1,"[""딸기""]"
19900227031193,딸기(무가당BQF),(주)남양냉동식품,과.채가공품,2015-04-09,2026-07-01,zero,1,"[""딸기""]"
20020183282661,딸기(무가당PO),(주)푸드웰,과.채가공품,2016-04-15,2018-05-25,zero,1,"[""딸기""]"
19900227031161,딸기(무가당PO),(주)남양냉동식품,과.채가공품,2013-04-30,2026-07-01,zero,1,"[""딸기""]"
202104700028,딸기(무가당다이스),농업회사법인 써니빌(주) 제2공장,과.채가공품,2021-04-09,2021-04-10,zero,1,"[""딸기""]"
20020183282762,딸기(무가당다이스),(주)푸드웰,과.채가공품,2017-03-30,2018-05-25,zero,1,"[""딸기""]"
19900227031192,딸기(무가당다이스),(주)남양냉동식품,과.채가공품,2015-04-09,2026-07-01,zero,1,"[""딸기""]"
2000046404392,딸기(무가당다이스),농업회사법인써니빌주식회사,과.채가공품,2015-04-15,2016-07-06,zero,1,"[""딸기""]"
2021047000233,딸기(무가당퓨레),농업회사법인 써니빌(주) 제2공장,과.채가공품,2024-03-28,2024-04-06,zero,1,"[""딸기""]"
2021047000235,"딸기(무가당퓨레) - 논산, 설향",농업회사법인 써니빌(주) 제2공장,과.채가공품,2024-04-16,2024-04-23,zero,1,"[""딸기""]"
19860560012688,딸기[무가당PO],(주)도들샘,과.채가공품,2017-03-03,2019-10-30,zero,1,"[""딸기""]"
19860560012689,딸기[무가당다이스],(주)도들샘,과.채가공품,2017-03-03,2019-10-30,zero,1,"[""딸기""]"
200402750477,레네세 홍삼캔디수 무가당,(주)고궁,캔디류,2023-10-31,2026-07-29,zero,7,"[""향료"", ""향료"", ""레시틴"", ""향료"", ""자일리톨"", ""홍삼농축액"", ""말티톨시럽""]"
2013050000127,마레헤 오트밀 보리빵(무가당),화산영농조합법인,빵류,2023-12-14,2024-01-17,zero,8,"[""스펠트밀가루"", ""검정콩"", ""압착귀리"", ""보리가루"", ""베이킹파우더"", ""천일염"", ""탁주"", ""정제수""]"
20210349465125,마레헤서리태콩찰떡(무가당백미),은하식품,떡류,2023-06-26,2023-07-04,zero,3,"[""찹쌀"", ""검정콩"", ""정제소금""]"
20210349465126,마레헤서리태콩찰떡(무가당현미),은하식품,떡류,2023-06-26,2023-07-04,zero,3,"[""정제소금"", ""검정콩"", ""현미찹쌀""]"
20210349465101,마레헤쑥버무리(무가당백미),은하식품,떡류,2023-03-21,2023-03-22,zero,3,"[""쌀"", ""쑥잎"", ""정제소금""]"
20210349465100,마레헤쑥버무리(무가당현미),은하식품,떡류,2023-03-21,2023-03-22,zero,3,"[""현미"", ""쑥잎"", ""정제소금""]"
20210349465123,마레헤쑥설기(무가당백미),은하식품,떡류,2023-06-14,2023-06-15,zero,3,"[""정제소금"", ""냉동쑥"", ""쌀""]"
20210349465124,마레헤쑥설기(무가당현미),은하식품,떡류,2023-06-14,2023-06-15,zero,3,"[""정제소금"", ""냉동쑥"", ""현미""]"
20020614263172,마시는 두부 국산 백태 무가당,(주)동화식품,두류가공품,2026-02-24,2026-03-05,zero,3,"[""대두원액"", ""두부"", ""식염""]"
20020614263171,마시는 두부 서리태 무가당,(주)동화식품,두류가공품,2026-02-24,2026-03-05,zero,3,"[""두부"", ""식염"", ""대두원액""]"
20180491044347,마시는 카무트(R) 브랜드 밀 무가당,주식회사 연두,가공두유,2024-08-22,2024-09-09,zero,5,"[""원액두유"", ""비타민혼합제제"", ""곡류가공품"", ""정제수"", ""천일염""]"
2021035057299,마이노멀 무가당 땅콩버터 솔티,주식회사 율성푸드랩 제1공장,땅콩 또는 견과류가공품,2025-07-02,2025-09-05,zero,2,"[""땅콩 또는 견과류가공품"", ""기타소금""]"
2021035057287,마이노멀 무가당 땅콩버터 크런치,주식회사 율성푸드랩 제1공장,땅콩 또는 견과류가공품,2024-12-05,2025-09-05,zero,1,"[""땅콩 또는 견과류가공품""]"
2021035057286,마이노멀 무가당 땅콩버터 크리미,주식회사 율성푸드랩 제1공장,땅콩 또는 견과류가공품,2024-12-05,2025-09-05,zero,1,"[""땅콩 또는 견과류가공품""]"
2008047202953,맛강냉이(무가당),미가람 제과,곡류가공품,2019-10-08,2019-10-11,zero,2,"[""옥수수"", ""탄산수소나트륨""]"
20180491044478,맷돌두유 무가당,주식회사 연두,가공두유,2026-01-09,2026-01-11,zero,3,"[""천일염"", ""기타 수산물가공품"", ""원액두유""]"
20070464034124,맷돌로 갈아만든 국산 무가당 약콩 두유,농업회사법인 논산딸기랜드(주),가공두유,2016-11-30,2016-12-01,zero,6,"[""두유액"", ""정제수"", ""미강유(현미유)"", ""곡류가공품"", ""기타가공품"", ""천일염""]"
20070464034152,맷돌방식으로 만든 국산검은콩&귀리무가당 두유,농업회사법인 논산딸기랜드(주),가공두유,2018-10-18,2018-10-23,zero,9,"[""정제수"", ""곡류가공품"", ""곡류가공품"", ""정제소금"", ""기타가공품"", ""해조칼슘"", ""미강유(현미유)"", ""귀리분말"", ""원액두유""]"
202102633734,무가당 CCA주스,농업회사법인 주식회사 산내들푸드,액상차,2022-08-07,2024-06-11,zero,4,"[""양배추"", ""레드비트뿌리"", ""당근뿌리"", ""사과농축액""]"
2013049213767,무가당 고구마 바통,웰빙팜,빵류,2024-07-15,2024-07-24,zero,7,"[""정제소금"", ""베이킹파우더"", ""치즈"", ""보리가루"", ""버터"", ""계란"", ""고구마""]"
2020047320933,무가당 고려홍삼절편,삼이야푸드,당절임,2026-01-09,2026-03-11,zero,2,"[""홍삼당침액"", ""홍삼""]"
2006052806538,무가당 고추장,(주)농업회사법인 상남자식품,소스,2026-07-21,2026-07-23,zero,12,"[""고춧가루"", ""소주"", ""정제수"", ""쌀누룩"", ""찹쌀풀"", ""소스"", ""천일염"", ""메주가루"", ""다시마분말"", ""효모추출물"", ""표고버섯가루"", ""과.채가공품""]"
2003036022788,무가당 구운 카무트,우리식품,과자,2025-01-06,2025-01-07,zero,2,"[""탄산수소나트륨"", ""Khorasan wheat씨앗""]"
2020061112622,무가당 구운 카무트,농업회사법인주식회사 코리아에프앤씨,과자,2024-06-05,2024-06-06,zero,2,"[""탄산수소나트륨"", ""밀쌀""]"
2021032436569,무가당 구운카무트®브랜드밀,푸름,과자,2026-02-25,2026-05-22,zero,2,"[""밀"", ""탄산수소나트륨""]"
2020041903827,무가당 국산 백태 콩물두유,농업회사법인(주)삼광에프앤비,가공두유,2025-06-27,2026-05-28,zero,2,"[""두유액"", ""천일염""]"
2020041903820,무가당 국산 서리태 콩물두유,농업회사법인(주)삼광에프앤비,가공두유,2025-03-13,2025-04-12,zero,2,"[""두유액"", ""천일염""]"
19980308080459,무가당 국산콩 두유,한미사이언스(주),가공두유,2024-12-17,2025-01-15,zero,5,"[""원액두유"", ""정제수"", ""탄산칼슘"", ""천일염"", ""곡류가공품""]"
2021038641017,무가당 귀리보리떡 믹스,농업회사법인 주식회사 웰맥,곡류가공품,2024-05-14,2026-02-01,zero,6,"[""보리가루"", ""밀쌀분"", ""귀리분말"", ""베이킹파우더"", ""정제소금"", ""탄산수소나트륨""]"
200204150291071,무가당 그래놀라 넛츠,(주)엄마사랑,곡류가공품,2022-09-20,2022-11-17,zero,16,"[""아몬드"", ""피스타치오견과"", ""두류가공품"", ""피칸견과"", ""버터"", ""마카다미아"", ""치아씨앗"", ""산화전분"", ""정제소금"", ""과.채가공품"", ""향료"", ""효소처리스테비아"", ""곡류가공품"", ""D-소비톨액"", ""해바라기씨앗"", ""현미""]"
200204150291070,무가당 그래놀라 오리지널,(주)엄마사랑,곡류가공품,2022-09-20,2022-11-17,zero,14,"[""곡류가공품"", ""D-소비톨액"", ""현미"", ""두류가공품"", ""해바라기씨앗"", ""아몬드"", ""약콩"", ""버터"", ""호박씨앗"", ""산화전분"", ""정제소금"", ""과.채가공품"", ""향료"", ""효소처리스테비아""]"
200204150291072,무가당 그래놀라 카카오,(주)엄마사랑,곡류가공품,2022-09-20,2023-04-02,zero,17,"[""두류가공품"", ""D-소비톨액"", ""곡류가공품"", ""피칸견과"", ""아몬드"", ""해바라기씨앗"", ""현미"", ""버터"", ""코코아분말"", ""마카다미아"", ""치아씨앗"", ""기타코코아가공품"", ""산화전분"", ""유청"", ""정제소금"", ""과.채가공품"", ""효소처리스테비아""]"
20000467023251,무가당 나노화 홍삼,농업회사법인(주)참한삼,액상차,2024-09-29,2024-10-01,zero,3,"[""홍삼"", ""정제수"", ""유산균""]"
20180491044424,무가당 냅두유,주식회사 연두,가공두유,2025-04-19,2025-09-11,zero,3,"[""원액두유"", ""정제소금"", ""기타 수산물가공품""]"
2013049213768,무가당 당근 바통,웰빙팜,빵류,2024-07-15,2024-07-30,zero,7,"[""보리가루"", ""베이킹파우더"", ""정제소금"", ""치즈"", ""계란"", ""버터"", ""당근""]"
2021026337332,무가당 당근사과주스,농업회사법인 주식회사 산내들푸드,액상차,2022-01-06,2022-01-08,zero,2,"[""당근뿌리"", ""사과농축액""]"
20170333328340,무가당 더덕도라지청,자연농장,액상차,2024-12-24,2024-12-27,zero,8,"[""도라지뿌리추출액"", ""도라지뿌리액"", ""더덕뿌리"", ""정제소금"", ""침향나무수지가침착된수간목추출액"", ""비타민C"", ""알룰로오스"", ""효소처리스테비아""]"
19980308080493,무가당 두유 99,한미사이언스(주),가공두유,2025-06-18,2025-06-19,zero,5,"[""원액두유"", ""정제수"", ""곡류가공품"", ""두류가공품"", ""정제소금""]"
2012046411924,무가당 딸기 슬라이스,농업회사법인 하늘땅(주),과.채가공품,2024-03-21,2024-03-27,zero,1,"[""딸기""]"
1990022703182,무가당 딸기 슬라이스,(주)남양냉동식품,과.채가공품,2006-10-10,2026-07-01,zero,1,"[""딸기""]"
2021046402749,무가당 딸기페이스트,농업회사법인공주식품(유),기타 농산가공품,2025-08-05,2025-08-14,zero,6,"[""아미드펙틴"", ""효소처리스테비아"", ""레몬과즙"", ""알룰로오스"", ""에리스리톨"", ""딸기""]"
20140496065350,무가당 땅콩 스프레드,농업회사법인 데이웰(주),땅콩버터,2025-04-02,2025-04-08,zero,1,"[""볶음땅콩""]"
20180491044459,무가당 땅콩버터 100%,주식회사 연두,땅콩버터,2025-09-01,2025-09-03,zero,1,"[""땅콩버터""]"
20170333328445,무가당 땅콩버터 100%,자연농장,땅콩버터,2025-04-03,2025-04-09,zero,1,"[""땅콩버터""]"
2025085940128,무가당 땅콩버터 크런치,(주)길번의 아침,땅콩 또는 견과류가공품,2025-12-26,2025-12-27,zero,1,"[""땅콩""]"
20240845844102,무가당 땅콩버터 크런키,농업회사법인주식회사구수한,땅콩 또는 견과류가공품,2026-06-29,2026-07-02,zero,1,"[""볶음땅콩""]"
2025085940118,무가당 땅콩버터 크리미,(주)길번의 아침,땅콩 또는 견과류가공품,2025-12-23,2025-12-25,zero,1,"[""땅콩""]"
20240845844101,무가당 땅콩버터 크리미,농업회사법인주식회사구수한,땅콩 또는 견과류가공품,2026-06-25,2026-07-09,zero,1,"[""볶음땅콩""]"
2013049213771,무가당 마늘 바통,웰빙팜,빵류,2024-08-05,2024-08-10,zero,8,"[""정제소금"", ""베이킹파우더"", ""치즈"", ""비트루트뿌리"", ""계란"", ""버터"", ""보리가루"", ""마늘""]"
20030275066216,무가당 말차 라떼,대한다업(주),고형차,2025-11-11,2026-05-30,zero,1,"[""고형차""]"
20020519087106,무가당 말차라떼,대한다업(주)2공장,고형차,2022-10-25,2026-07-01,zero,6,"[""차나무잎"", ""D-자일로오스"", ""나한과추출물분말"", ""수크랄로스"", ""난소화성말토덱스트린(고시형)"", ""탈지분유""]"
2020036304016,무가당 모범생강진액,아이원티,액상차,2022-10-08,2025-01-15,zero,2,"[""α-아밀라아제(세균성)"", ""생강추출액""]"
2021026337331,무가당 비트당근주스,농업회사법인 주식회사 산내들푸드,액상차,2022-01-06,2022-01-08,zero,2,"[""레드비트뿌리"", ""당근뿌리""]"
2021026337330,무가당 비트즙,농업회사법인 주식회사 산내들푸드,액상차,2022-08-09,2022-08-10,zero,1,"[""레드비트뿌리""]"
1989038318765,무가당 새싹크래커,시골생활건강식품,과자,2019-02-18,2024-07-28,zero,6,"[""발아통밀가루"", ""통밀가루"", ""기타소금"", ""현미유"", ""캐슈견과"", ""프로폴리스""]"
2020036304011,무가당 생강진액,아이원티,액상차,2021-11-26,2023-12-27,zero,3,"[""생강추출액"", ""α-아밀라아제(세균성)"", ""정제수""]"
20140496065520,무가당 생강청,농업회사법인 데이웰(주),당류가공품,2026-01-06,2026-01-09,zero,8,"[""나한과추출물분말"", ""올레오레진 진저"", ""비타민C"", ""생강향"", ""구연산"", ""생강즙"", ""정제수"", ""알룰로오스""]"
2021046402750,무가당 샤인머스켓페이스트,농업회사법인공주식품(유),기타 농산가공품,2025-09-15,2025-09-18,zero,6,"[""아미드펙틴"", ""효소처리스테비아"", ""레몬과즙"", ""알룰로오스"", ""에리스리톨"", ""포도열매""]"
2018046940218,무가당 서산 생강진액,미미주,액상차,2025-05-15,2025-07-01,zero,1,"[""생강""]"
20230528144281,무가당 셀프발효 그릭요거트 스타터,바이오디피씨(주),기타가공품,2026-03-27,2026-04-28,zero,10,"[""에리스리톨"", ""유함유가공품"", ""전지분유"", ""기타가공품"", ""기타가공품"", ""프락토올리고당"", ""치커리추출분말"", ""초유단백분말"", ""난소화성말토덱스트린(고시형)"", ""갈락토올리고당""]"
200204150291089,무가당 소보로 그래놀라 시나몬,(주)엄마사랑,곡류가공품,2023-01-16,2023-01-30,zero,9,"[""효소처리스테비아"", ""향료"", ""정제소금"", ""천연향신료"", ""아몬드"", ""가공버터"", ""곡류가공품"", ""말티톨시럽"", ""곡류가공품""]"
200204150291090,무가당 소보로 그래놀라 카카오,(주)엄마사랑,곡류가공품,2023-01-16,2023-06-14,zero,10,"[""곡류가공품"", ""말티톨시럽"", ""곡류가공품"", ""가공버터"", ""아몬드"", ""코코아분말"", ""혼합제제"", ""정제소금"", ""합성향료"", ""효소처리스테비아""]"
200204150291091,무가당 소보로 그래놀라 플레인,(주)엄마사랑,곡류가공품,2023-01-16,2023-06-14,zero,9,"[""곡류가공품"", ""말티톨시럽"", ""곡류가공품"", ""가공버터"", ""아몬드"", ""정제소금"", ""합성향료"", ""향료"", ""효소처리스테비아""]"
2013049213770,무가당 시나몬 바통,웰빙팜,빵류,2024-08-05,2024-08-10,zero,8,"[""고구마"", ""계피"", ""버터"", ""계란"", ""치즈"", ""정제소금"", ""베이킹파우더"", ""보리가루""]"
20190350569102,무가당 실론홍차베이스,주식회사 푸른나무,액상차,2020-06-08,2022-10-22,zero,7,"[""정제수"", ""홍차추출분말"", ""홍차엽"", ""황금혼합추출물"", ""DL-사과산"", ""구연산"", ""정제소금""]"
202605554333,무가당 쌍쌍화차,(주)에그앤씨드,액상차,2026-08-13,2026-08-20,zero,12,"[""정제수"", ""작약뿌리"", ""지황포제가공한뿌리"", ""칡뿌리"", ""생강"", ""으름덩굴열매"", ""계피"", ""대추"", ""천궁뿌리줄기"", ""감초"", ""더덕뿌리"", ""도라지뿌리""]"
2013044306199,무가당 쌍쌍화차,(주)에그앤씨드 진천공장,액상차,2024-12-18,2024-12-19,zero,12,"[""정제수"", ""칡뿌리"", ""생강"", ""작약뿌리"", ""지황포제가공한뿌리"", ""계피"", ""으름덩굴열매"", ""대추"", ""천궁뿌리줄기"", ""감초"", ""도라지뿌리"", ""더덕뿌리""]"
20240562859301,무가당 아쌈 블랙티,(주)밀키파인트,액상차,2026-01-18,2026-02-01,zero,2,"[""홍차"", ""정제수""]"
2013049213769,무가당 양파 바통,웰빙팜,빵류,2024-07-15,2024-07-24,zero,7,"[""베이킹파우더"", ""보리가루"", ""치즈"", ""버터"", ""계란"", ""양파"", ""정제소금""]"
20240562859310,무가당 얼그레이 블랙티,(주)밀키파인트,액상차,2026-01-18,2026-02-01,zero,3,"[""홍차"", ""홍차"", ""정제수""]"
20020618155552,무가당 예찬,(주)산마을,생식제품,2018-08-08,2018-08-09,zero,38,"[""현미"", ""사과"", ""찰현미"", ""당근"", ""단감"", ""밀감"", ""배"", ""옥수수"", ""보리"", ""케일잎"", ""발아현미"", ""차조"", ""밀"", ""고구마"", ""감자"", ""호박"", ""양배추"", ""시금치"", ""메밀"", ""발아밀"", ""발효보리"", ""브로콜리"", ""표고버섯"", ""수수"", ""율무쌀"", ""우엉"", ""연근"", ""미나리"", ""명일엽"", ""파프리카"", ""매실"", ""밀싹"", ""도라지"", ""셀러리"", ""딸기"", ""뽕잎피나무잎"", ""마"", ""부추""]"
198904610322255,무가당 오이피클,(주)한미에프쓰리,절임식품,2025-09-08,2025-09-17,zero,9,"[""염장오이"", ""정제수"", ""발효식초"", ""식품첨가물혼합제제"", ""소브산칼륨"", ""염화칼슘"", ""향료"", ""폴리소르베이트20"", ""식품첨가물혼합제제""]"
2020057206651,무가당 오트밀영양밥,농업회사법인 (주)아사밀,떡류,2025-08-25,2025-08-27,zero,13,"[""찹쌀"", ""귀리(고시형)"", ""대추"", ""건조이집트콩"", ""강낭콩"", ""강낭콩"", ""땅콩"", ""두류가공품"", ""호두"", ""호박씨앗"", ""해바라기씨앗"", ""천일염"", ""참기름""]"
20120490014185,무가당 유기농 발효생강청,농업회사법인모닝팜(주),액상차,2025-08-12,2025-11-07,zero,6,"[""생강"", ""감초건조"", ""레몬밤분말"", ""계피가지"", ""유자원액"", ""정제수""]"
2014027503720,무가당 유자즙,(주)소적두 농업회사법인,액상차,2023-10-23,2023-10-31,zero,1,"[""유자""]"
20200450248186,무가당 자연발효 그릭요거트 스타터,(주)유디바이오,기타가공품,2025-12-05,2026-03-20,zero,6,"[""유산균혼합분말"", ""유산균"", ""유산균"", ""탈지분유"", ""농축우유"", ""에리스리톨""]"
20140356241243,무가당 자일리톨 홍삼캔디,달곰씨앤에프,캔디류,2025-10-22,2025-11-18,zero,7,"[""l-멘톨"", ""혼합제제"", ""홍삼분말"", ""홍삼농축액"", ""말티톨시럽"", ""이소말트"", ""자일리톨""]"
20100208006792,무가당 절편,경복식품,떡류,2024-06-24,2026-07-01,zero,6,"[""콩기름(대두유)"", ""참기름"", ""천일염"", ""냉동쑥"", ""정제수"", ""멥쌀""]"
19990364048102,무가당 찰강냉이,성부식품,과자,2018-02-26,2026-02-01,zero,2,"[""탄산수소나트륨"", ""찰옥수수""]"
20180395028156,무가당 치즈 깜빠뉴,베이커리수선화,빵류,2023-12-04,2023-12-19,zero,8,"[""강력분"", ""효모"", ""정제소금"", ""정제수"", ""폴리쉬"", ""크랜베리혼합농축액"", ""호두분태"", ""치즈""]"
20000464043115,무가당 퓨레(6.4mm),농업회사법인써니빌주식회사,과.채가공품,2017-04-17,2017-04-24,zero,1,"[""딸기""]"
20200450248175,무가당 플레인 요거트 스타터,(주)유디바이오,기타가공품,2025-08-20,2025-08-21,zero,5,"[""에리스리톨"", ""유산균"", ""유산균"", ""전지분유"", ""유청단백분말""]"
20230528144262,무가당 플레인 요거트 스타터,바이오디피씨(주),기타가공품,2026-03-09,2026-03-11,zero,5,"[""기타가공품"", ""기타가공품"", ""전지분유"", ""유함유가공품"", ""에리스리톨""]"
2006052806539,무가당 한우약고추장,(주)농업회사법인 상남자식품,소스,2026-07-21,2026-07-23,zero,8,"[""구운소고기"", ""소스"", ""다진양파"", ""다진당근"", ""표고버섯"", ""다진대파"", ""다진마늘"", ""다진생강""]"
19960461017532,무가당 헤이즐넛G,(주)선인,땅콩 또는 견과류가공품,2024-08-16,2024-08-18,zero,2,"[""땅콩 또는 견과류가공품"", ""글리세린지방산에스테르""]"
202003744145,무가당 홀 토마토 IQF (박피),농업회사법인 진주팜 주식회사 이천공장,과.채가공품,2022-07-06,2022-07-14,zero,1,"[""나무토마토열매""]"
202003744142,무가당 홀딸기 BQF,농업회사법인 진주팜 주식회사 이천공장,과.채가공품,2020-06-26,2020-06-30,zero,1,"[""딸기""]"
202003744141,무가당 홀딸기 IQF,농업회사법인 진주팜 주식회사 이천공장,과.채가공품,2020-06-24,2022-02-20,zero,1,"[""딸기""]"
20070364769260,무가당 히비스커스 베이스,차전에프앤비(주),액상차,2020-10-08,2026-02-01,zero,2,"[""자몽종자추출물"", ""히비스커스추출물""]"
2025087506520,무가당건강빵,윤슬푸드,빵류,2026-04-04,2026-04-08,zero,6,"[""가공소금"", ""효모"", ""기타가공품"", ""곡류가공품"", ""정제수"", ""밀가루""]"
2019047603537,무가당골드키위W,(주)우양 청양2공장(뉴뜨레),과.채가공품,2019-08-30,2021-02-11,zero,1,"[""키위열매""]"
2023082402016,무가당냉동딸기다이스,농업회사법인 주식회사 네이처팜 제2공장,과.채가공품,2025-08-27,2025-09-01,zero,1,"[""딸기""]"
2019047603512,무가당냉동복숭아,(주)우양 청양2공장(뉴뜨레),과.채가공품,2019-08-05,2021-01-22,zero,1,"[""복숭아""]"
19900227031151,무가당딸기2~3mm,(주)남양냉동식품,과.채가공품,2012-06-27,2026-07-01,zero,1,"[""딸기""]"
1994047414761,무가당딸기다이스,주식회사 예산농산,과.채가공품,2005-06-17,2022-12-31,zero,1,"[""딸기""]"
202104700029,무가당딸기다이스,농업회사법인 써니빌(주) 제2공장,과.채가공품,2021-04-20,2021-04-21,zero,1,"[""딸기""]"
1994047414750,무가당딸기퓨레,주식회사 예산농산,과.채가공품,2004-06-11,2022-12-31,zero,1,"[""딸기""]"
19900227031162,무가당딸기퓨레,(주)남양냉동식품,과.채가공품,2013-05-31,2026-07-01,zero,1,"[""딸기""]"
19900227031149,무가당딸기퓨레(코미트롤),(주)남양냉동식품,과.채가공품,2012-04-18,2026-07-01,zero,1,"[""딸기""]"
202104700027,무가당딸기홀,농업회사법인 써니빌(주) 제2공장,과.채가공품,2021-04-09,2021-04-10,zero,1,"[""딸기""]"
20210349465135,무가당백미팥시루떡,은하식품,떡류,2023-10-13,2023-10-14,zero,3,"[""천일염"", ""팥"", ""찹쌀""]"
19960461017325,무가당블루베리퓨레,(주)선인,과.채가공품,2011-04-20,2016-07-06,zero,1,"[""블루베리""]"
2016061452952,무가당빵,(주)이레우리밀,빵류,2021-12-01,2023-03-31,zero,11,"[""정제수"", ""태움용융소금"", ""밀가루"", ""곡류가공품"", ""호두분태"", ""밀가루"", ""곡류가공품"", ""효모"", ""마가린"", ""곡류가공품"", ""혼합제제""]"
199404741475,무가당사과냉동다이스,주식회사 예산농산,과.채가공품,2002-10-22,2022-11-08,zero,2,"[""비타민 C"", ""사과""]"
2021047000238,무가당사과다이스,농업회사법인 써니빌(주) 제2공장,과.채가공품,2025-01-08,2025-01-09,zero,2,"[""비타민C"", ""사과""]"
1989038318727,무가당새싹빵,시골생활건강식품,빵류,2003-02-21,2023-06-10,zero,7,"[""효모"", ""소금"", ""현미유"", ""땅콩가루"", ""글루텐"", ""싹낸보리"", ""싹낸밀""]"
2015062201017,무가당생강진액100,농업회사법인(주)하늘다리,액상차,2025-02-19,2025-02-21,zero,1,"[""생강""]"
19970368029403,무가당식혜원액,세준푸드 농업회사법인 주식회사,기타 농산가공품,2024-07-31,2024-08-02,zero,2,"[""쌀"", ""맥아추출액""]"
20070364769301,무가당실론홍차베이스,차전에프앤비(주),액상차,2022-08-22,2026-02-01,zero,3,"[""홍차추출액"", ""정제소금"", ""자몽종자추출물""]"
19960461017314,무가당아몬드페이스트,(주)선인,땅콩 또는 견과류가공품,2011-01-17,2020-11-20,zero,3,"[""글리세린지방산에스테르"", ""정제대두경화유"", ""땅콩 또는 견과류가공품""]"
202005320077,무가당알콩,심지네푸드,청국장,2021-08-25,2026-07-01,zero,1,"[""대두""]"
20070364769254,무가당얼그레이홍차베이스,차전에프앤비(주),액상차,2020-01-23,2026-02-01,zero,2,"[""얼그레이"", ""자몽종자추출물""]"
20170445057169,무가당용시즈닝,T&J푸드,복합조미식품,2026-04-21,2026-04-23,zero,22,"[""정제소금"", ""폴리인산나트륨"", ""곡류가공품"", ""양파분말"", ""L-글루탐산나트륨"", ""글리신"", ""탄산수소나트륨"", ""건마늘분말"", ""에리토브산나트륨"", ""유청분말"", ""분리대두단백"", ""메타인산나트륨"", ""효모추출물"", ""코치닐추출색소"", ""제삼인산칼슘"", ""아라비아검"", ""핵산아이지"", ""천연향신료"", ""향료"", ""산성피로인산나트륨"", ""호박산이나트륨"", ""올레오레진캡시컴""]"
20180042362118,무가당카카오가루,에스앤지허브,코코아분말,2021-08-19,2023-12-23,zero,2,"[""코코아분말"", ""코코아분말""]"
20180042362161,무가당카카오가루2.0,에스앤지허브,코코아분말,2026-02-05,2026-02-25,zero,2,"[""코코아분말"", ""코코아분말""]"
202402804965,무가당콩가루,지안식품,두류가공품,2025-12-15,2025-12-16,zero,2,"[""대두"", ""정제염""]"
2008036486319,무가당콩가루,두리식품,두류가공품,2022-07-13,2026-02-01,zero,2,"[""대두"", ""천일염""]"
2016013733212,무가당크랜베리(반),(주)겐츠베이커리 제2공장,빵류,2016-10-04,2023-12-08,zero,7,"[""곡류가공품"", ""정제수"", ""당절임"", ""호두"", ""효모"", ""재제소금(재제조소금)"", ""혼합제제""]"
19960461017324,무가당크랜베리퓨레,(주)선인,과.채가공품,2011-04-20,2016-07-06,zero,1,"[""덩굴월귤""]"
20070364769290,무가당크림루이보스밀크티베이스,차전에프앤비(주),액상차,2022-01-26,2026-02-01,zero,3,"[""자몽종자추출물"", ""루이보스추출물"", ""토피향""]"
1990022703139,무가당키위퓨레,(주)남양냉동식품,과.채가공품,2003-02-19,2026-07-01,zero,1,"[""키위""]"
20120091180172,무가당통팥죽,담꽃 팩토리,즉석조리식품,2020-10-23,2025-12-05,zero,4,"[""정제수"", ""팥"", ""떡류"", ""천일염""]"
2009052505710,무가당퓨레냉동딸기,다솜영농조합법인,과.채가공품,2012-04-20,2026-07-01,zero,1,"[""딸기""]"
200905250573,무가당퓨레냉동딸기,다솜영농조합법인,과.채가공품,2010-04-28,2026-07-01,zero,1,"[""딸기""]"
19900227031291,무가당한라봉퓨레,(주)남양냉동식품,과.채가공품,2022-03-08,2026-07-01,zero,1,"[""한라봉""]"
19960461017313,무가당헤이즐넛페이스트,(주)선인,땅콩 또는 견과류가공품,2011-01-17,2020-05-12,zero,3,"[""글리세린지방산에스테르"", ""정제대두경화유"", ""땅콩 또는 견과류가공품""]"
2022044330658,무가당현미쌀빵 냉동생지,브레몬,빵류,2023-09-16,2023-09-21,zero,7,"[""현미가루"", ""당절임"", ""가공치즈"", ""정제수"", ""효모"", ""재제소금(재제조소금)"", ""쌀가루""]"
20210349465136,무가당현미팥시루떡,은하식품,떡류,2023-10-13,2023-10-14,zero,3,"[""천일염"", ""팥"", ""현미찹쌀""]"
200905250572,무가당홀냉동딸기,다솜영농조합법인,과.채가공품,2010-04-28,2026-07-01,zero,1,"[""딸기""]"
2004041508828,무가당후레쉬블루베리쨈,주식회사 엔푸드,잼,2008-01-30,2016-07-06,zero,6,"[""블루베리"", ""말티톨"", ""에리쓰리톨"", ""펙틴"", ""구연산"", ""DL-사과산""]"
2020057206652,무가염 무가당 오트밀영양밥,농업회사법인 (주)아사밀,떡류,2025-08-25,2025-08-27,zero,12,"[""찹쌀"", ""귀리(고시형)"", ""대추"", ""렌즈콩씨앗"", ""강낭콩"", ""강낭콩"", ""땅콩"", ""두류가공품"", ""호두"", ""호박씨앗"", ""해바라기씨앗"", ""참기름""]"
2021049831850,미소 무가당 생강진액,봉동생강농원,액상차,2024-08-23,2024-08-26,zero,2,"[""정제수"", ""생강""]"
201104980542,박사골학정마을 무가당 시골엿,영농조합법인 학정마을,기타엿,2011-12-26,2024-01-17,zero,2,"[""쌀"", ""엿기름""]"
201104980541,박사골학정마을 무가당 시골조청,영농조합법인 학정마을,물엿,2011-12-26,2024-01-17,zero,2,"[""쌀"", ""엿기름""]"
20200194041210,발아통밀 무가당 팥빵,영농조합법인 천자농부,빵류,2025-03-24,2026-07-01,zero,8,"[""쌀누룩"", ""천일염"", ""효모"", ""밀글루텐"", ""사탕수수가루"", ""통팥앙금"", ""통밀가루"", ""통밀""]"
20180519145261,베리베리 메론퓨레 무가당,(주)선인,과.채가공품,2026-07-02,2026-07-04,zero,1,"[""멜론""]"
2012016032411,보리떡믹스(무가당),우리손푸드,곡류가공품,2014-06-26,2021-06-16,zero,5,"[""보리"", ""밀쌀"", ""탄산수소나트륨"", ""베이킹파우더"", ""소금""]"
2022079510730,보리증편(무가당),농업회사법인 주식회사 다누리,떡류,2023-06-30,2023-07-01,zero,11,"[""보리"", ""밀쌀"", ""정제수"", ""정제소금"", ""탄산수소나트륨"", ""베이킹파우더"", ""탁주"", ""아몬드슬라이스"", ""강낭콩"", ""완두"", ""식용유지가공품""]"
2022079510731,보리증편(무가당)(냉동),농업회사법인 주식회사 다누리,떡류,2023-06-30,2023-07-01,zero,11,"[""보리"", ""밀쌀"", ""정제수"", ""정제소금"", ""탄산수소나트륨"", ""베이킹파우더"", ""탁주"", ""아몬드슬라이스"", ""강낭콩"", ""완두"", ""식용유지가공품""]"
20130020214203,복숭아 무가당 와인,농업회사법인 솔티마을 주식회사,과실주,2025-11-25,2025-11-25,zero,4,"[""소브산칼륨"", ""메타중아황산칼륨"", ""효모"", ""복사나무열매""]"
20060464021584,복음자리 무가당 초코&헤이즐넛 스프레드,주식회사 대상다이브스,기타 코코아가공품,2024-05-07,2024-12-11,zero,9,"[""야자유"", ""말티톨시럽"", ""땅콩 또는 견과류가공품"", ""코코아분말"", ""혼합분유"", ""정제수"", ""땅콩 또는 견과류가공품"", ""글리세린지방산에스테르"", ""d-토코페롤(혼합형)""]"
201003648939,볶음 코코넛EX(무가당),(주)이노바,과.채가공품,2011-02-08,2026-02-01,zero,1,"[""코코넛 분말""]"
2004036480767,볶음코코넛(EX 무가당),네이처에프에스,과.채가공품,2014-07-29,2026-02-01,zero,1,"[""코코넛분말""]"
2021049831836,봉동 매일 생강진액 무가당,봉동생강농원,액상차,2023-03-07,2024-01-17,zero,2,"[""정제수"", ""생강""]"
202407349311,봉동무가당시앙진액,봉동시앙편강,액상차,2024-12-19,2024-12-24,zero,2,"[""생강"", ""정제수""]"
2021049831810,봉동무가당시앙진액,봉동생강농원,액상차,2022-04-06,2024-01-17,zero,2,"[""정제수"", ""생강""]"
2017007036092,블랑드티 얼그레이 무가당 베이스,블랑드티,액상차,2021-04-06,2022-03-20,zero,2,"[""정제수"", ""홍차엽""]"
20200382755615,샐러디 무가당 100% 땅콩버터,(주)진푸드,땅콩버터,2026-07-06,2026-07-21,zero,1,"[""땅콩버터""]"
1997055800141,생오미자즙(무가당),그린종합식품,액상차,2016-03-23,2016-07-06,zero,1,"[""오미자추출액""]"
20180491044507,서리태 무가당 두유,주식회사 연두,가공두유,2026-06-04,2026-06-06,zero,3,"[""천일염"", ""기타 수산물가공품"", ""원액두유""]"
1988062201213,세아연무가당생강차,참들애바이오푸드 영농조합법인,액상차,2024-02-21,2025-09-16,zero,3,"[""생강착즙액"", ""정제수"", ""생강""]"
2021049831814,세아연무가당생강차,봉동생강농원,액상차,2023-04-04,2024-01-17,zero,2,"[""정제수"", ""생강""]"
20200262981139,세종명가 무가당통밀무화과쌀빵,농업회사법인 주식회사 세종명가쌀빵,빵류,2022-02-16,2022-02-19,zero,7,"[""쌀"", ""발효종"", ""혼합곡물"", ""통밀가루"", ""무화과"", ""정제수"", ""천일염""]"
2019020023832,소블링 바닐라빈 라떼 베이스 무가당,주식회사소블링 송도제1공장,커피,2019-12-10,2021-03-30,zero,4,"[""정제수"", ""커피원두추출액"", ""천연바닐라향"", ""바닐라빈""]"
2019020023835,소블링 바닐라빈 무가당,주식회사소블링 송도제1공장,커피,2021-04-21,2021-05-01,zero,3,"[""바닐라빈"", ""커피원두추출액"", ""정제수""]"
2014027503725,소적두 무가당 팥죽 냉동,(주)소적두 농업회사법인,즉석조리식품,2024-08-30,2024-09-05,zero,3,"[""팥"", ""정제수"", ""천일염""]"
201402750373,소적두 무가당팥죽,(주)소적두 농업회사법인,조림류,2014-02-27,2018-11-06,zero,4,"[""정제수"", ""극미량"", ""소금"", ""팥""]"
2012020838827,순수 무가당 팥앙금,다믈식품,소스,2024-11-14,2026-07-01,zero,2,"[""팥"", ""정제수""]"
2020026264474,스웰로우 피스타치오 스프레드 스무스(무가당),농업회사법인 카카오파이브 주식회사,땅콩 또는 견과류가공품,2026-01-20,2026-01-31,zero,9,"[""알룰로오스"", ""가공유지에스테르화유"", ""혼합분유"", ""호박씨앗"", ""유가공품"", ""해바라기유"", ""피스타치오견과"", ""대두레시틴유지(고시형)"", ""천일염""]"
1989038318739,식이요무가당크래커,시골생활건강식품,과자,2004-02-27,2023-06-10,zero,15,"[""발아통밀가루"", ""현미가루"", ""오트"", ""통밀가루"", ""발아보리가루"", ""피칸"", ""땅콩"", ""감초"", ""검정콩"", ""아미씨"", ""다시마"", ""김"", ""올리브유"", ""현미유"", ""소금""]"
2013037712114,실론 홍차 베이스 (무가당),가평특선주 영농조합법인,액상차,2018-07-04,2019-06-14,zero,5,"[""홍차엽"", ""홍차추출분말"", ""정제수"", ""자몽종자추출물"", ""정제소금""]"
2008047202956,쌀튀밥(무가당),미가람 제과,곡류가공품,2019-10-08,2019-10-11,zero,1,"[""쌀""]"
2023052806035,씨앗에서 음식까지 당조고추 무가당피클,포천시농산물종합가공센터,절임식품,2025-09-22,2025-11-20,zero,8,"[""후추열매"", ""피클링스파이스분말"", ""정제소금"", ""양파"", ""무"", ""정제수"", ""식초"", ""고추""]"
2005048714825,아메리카노 무가당,라인코,커피,2012-03-02,2024-01-17,zero,1,"[""커피원두""]"
19980308080346,아임 귀리 두유 무가당,한미사이언스(주),가공두유,2020-12-21,2025-11-25,zero,8,"[""정제수"", ""레시틴"", ""카라기난"", ""기타 수산물가공품"", ""미강유(현미유)"", ""볶은귀리분말"", ""태움용융소금"", ""원액두유""]"
201804910446,아임 귀리두유 무가당,주식회사 연두,가공두유,2018-04-13,2024-01-17,zero,8,"[""원액두유"", ""정제수"", ""귀리분말"", ""미강유(현미유)"", ""해조칼슘"", ""태움용융소금"", ""카라기난"", ""레시틴""]"
19930461022375,연세두유 무가당 고칼슘 검은콩,연세대학교 연세유업,가공두유,2025-07-15,2025-07-19,zero,5,"[""기타 농산가공품"", ""원액두유"", ""탄산칼슘"", ""천일염"", ""두류가공품""]"
19930461022374,연세두유 무가당 고칼슘 오리지널,연세대학교 연세유업,가공두유,2025-07-15,2025-07-19,zero,5,"[""원액두유"", ""두류가공품"", ""탄산칼슘"", ""곡류가공품"", ""천일염""]"
19930461022338,연세두유 무가당 국산약콩,연세대학교 연세유업,가공두유,2025-04-15,2025-11-11,zero,3,"[""두유액"", ""기타 수산물가공품"", ""천일염""]"
19930461022340,연세두유 무가당 두유 검은콩,연세대학교 연세유업,가공두유,2024-11-19,2024-11-20,zero,5,"[""원액두유"", ""기타 농산가공품"", ""두류가공품"", ""천일염"", ""탄산칼슘""]"
19930461022339,연세두유 무가당 두유 오리지널,연세대학교 연세유업,가공두유,2024-11-19,2024-11-20,zero,5,"[""두류가공품"", ""원액두유"", ""곡류가공품"", ""천일염"", ""탄산칼슘""]"
1988062201279,오늘은무가당생강차,참들애바이오푸드 영농조합법인,액상차,2024-06-04,2024-06-08,zero,3,"[""생강"", ""정제수"", ""액상차""]"
19980308080508,오색칠콩&국산콩두유 무가당,한미사이언스(주),가공두유,2025-09-05,2026-01-14,zero,6,"[""천일염"", ""탄산칼슘"", ""두류가공품"", ""곡류가공품"", ""정제수"", ""원액두유""]"
19980308080510,오색칠콩&국산콩두유 무가당 말차,한미사이언스(주),가공두유,2025-09-05,2026-01-14,zero,7,"[""천일염"", ""탄산칼슘"", ""곡류가공품"", ""두류가공품"", ""고형차"", ""정제수"", ""원액두유""]"
20120091180183,오숙경 무가당통팥죽,담꽃 팩토리,즉석조리식품,2021-07-15,2025-12-05,zero,3,"[""정제수"", ""팥"", ""천일염""]"
19980308080443,완전두유 국산콩 검은콩 무가당,한미사이언스(주),가공두유,2023-09-22,2025-07-24,zero,4,"[""천일염"", ""곡류가공품"", ""정제수"", ""원액두유""]"
19980308080381,완전두유 더진한 국산콩 무가당,한미사이언스(주),가공두유,2022-03-14,2025-05-13,zero,5,"[""탄산칼슘"", ""곡류가공품"", ""정제수"", ""원액두유"", ""천일염""]"
19980308080520,완전두유 더진한 국산콩 무가당 99.9,한미사이언스(주),가공두유,2025-12-12,2025-12-20,zero,2,"[""천일염"", ""원액두유""]"
19980308080511,완전두유 더진한 렌틸콩 무가당,한미사이언스(주),가공두유,2025-09-16,2025-09-18,zero,5,"[""천일염"", ""탄산칼슘"", ""두류가공품"", ""정제수"", ""원액두유""]"
19980308080463,완전두유 더진한 서리태 무가당 99.9,한미사이언스(주),가공두유,2025-01-23,2025-04-09,zero,2,"[""원액두유"", ""천일염""]"
19980308080536,완전두유 더진한 약콩 무가당 100,한미사이언스(주),원액두유,2026-05-22,2026-05-23,zero,1,"[""원액두유""]"
19980308080527,완전두유 더진한 약콩 무가당 99.9,한미사이언스(주),가공두유,2026-03-17,2026-03-19,zero,2,"[""원액두유"", ""천일염""]"
2013020247528,위치스 무가당 블랙 티,마녀의 부엌,액상차,2018-11-07,2018-11-13,zero,1,"[""홍차추출액""]"
2013020247545,위치스 무가당 블랙티 얼그레이,마녀의 부엌,액상차,2021-01-18,2021-01-22,zero,1,"[""홍차추출액""]"
1994047414787,유기 무가당딸기퓨레,주식회사 예산농산,과.채가공품,2010-11-22,2022-12-31,zero,1,"[""딸기""]"
20000464043113,유기농딸기슬라이스(무가당),농업회사법인써니빌주식회사,과.채가공품,2017-03-22,2017-03-25,zero,1,"[""딸기""]"
2000046404394,유기농홀딸기(무가당),농업회사법인써니빌주식회사,과.채가공품,2015-04-15,2016-07-06,zero,1,"[""딸기""]"
20170070360102,음영 프룻티 무가당,블랑드티,액상차,2022-04-19,2022-04-22,zero,1,"[""히비스커스추출물""]"
2020016420822,이소당 간편한끼 미숫가루 무가당,(주)이소당,기타가공품,2025-05-14,2025-09-18,zero,2,"[""기타가공품"", ""천일염""]"
2012050003691,일건식 도라지진액 무가당,태후자연식품,액상차,2021-04-01,2024-01-17,zero,6,"[""정제수"", ""펙티나아제"", ""셀룰라아제"", ""효소"", ""효소"", ""건도라지""]"
2012050003638,일건식 생강 진액 무가당,태후자연식품,액상차,2017-03-08,2024-01-17,zero,4,"[""정제수"", ""건생강분말"", ""식품첨가물"", ""식품첨가물""]"
2001061413110,자연 향 가득 돼지 감자 무가당 미숫가루,성진사식품,곡류가공품,2017-02-21,2024-06-18,zero,18,"[""돼지감자"", ""통밀"", ""쌀보리"", ""대두"", ""현미"", ""찹쌀"", ""옥수수"", ""땅콩"", ""밀쌀"", ""기장"", ""수수"", ""율무"", ""흑미"", ""참깨"", ""검은콩"", ""검은깨"", ""귀리"", ""식물성크림""]"
2019041904323,자연이지무가당아로니아오미자즙,양구군 농산물가공지원센터,액상차,2021-10-28,2023-07-25,zero,3,"[""오미자추출액"", ""아로니아즙"", ""젤라틴""]"
20180491044269,자연채움 오색칠콩 두유 무가당,주식회사 연두,가공두유,2023-03-17,2024-01-17,zero,10,"[""두류가공품"", ""이집트콩분말"", ""볶음팥분말"", ""볶은렌즈콩가루"", ""두류가공품"", ""검정콩볶은가루"", ""정제수"", ""원액두유"", ""천일염"", ""탄산칼슘""]"
20190456003239,장쾌삼 무가당 홍삼 골드,농업회사법인주식회사에프앤비바이오,인삼.홍삼음료,2023-09-05,2023-10-26,zero,10,"[""정제수"", ""대추야자농축액"", ""감초농축액"", ""혼합추출농축액"", ""카라멜색소비에이"", ""홍삼농축액"", ""홍삼향"", ""잔탄검"", ""구연산"", ""생로얄젤리""]"
20130368349663,저당 및 무가당 간식대용 건강 핫초코,주식회사소울네이처푸드,기타 코코아가공품,2025-12-17,2025-12-19,zero,4,"[""기타소금"", ""코코아분말"", ""당류가공품"", ""과.채가공품""]"
202104913241,정담초 무가당 현미쑥 식초,농업회사법인 아름드리(유),발효식초,2021-08-24,2024-01-17,zero,4,"[""현미찹쌀"", ""쑥추출액"", ""쌀가루"", ""누룩""]"
20210350572110,정수당 무가당 크리미 땅콩버터,주식회사 율성푸드랩 제1공장,땅콩버터,2026-05-19,2026-05-21,zero,1,"[""땅콩 또는 견과류가공품""]"
20210350572109,정수당 무가당 크리미 땅콩버터 스틱,주식회사 율성푸드랩 제1공장,땅콩버터,2026-05-19,2026-05-21,zero,1,"[""땅콩 또는 견과류가공품""]"
2005062805346,제주월령백년초 액기스 무가당,더드림식품,액상차,2019-12-03,2019-12-11,zero,3,"[""구연산삼나트륨"", ""감초추출액"", ""보검선인장추출액""]"
202004190386,찐무가당두유,농업회사법인(주)삼광에프앤비,가공두유,2021-07-19,2024-11-21,zero,6,"[""정제수"", ""정제소금"", ""참깨"", ""미강유(현미유)"", ""곡류혼합분말"", ""대두""]"
20180491044486,참진한 맷돌 서리태무가당 콩물,주식회사 연두,가공두유,2026-03-19,2026-03-20,zero,2,"[""천일염"", ""원액두유""]"
20180491044520,참진한 새바람콩 무가당 콩물,주식회사 연두,가공두유,2026-07-16,2026-07-27,zero,2,"[""원액두유"", ""천일염""]"
201804910442,총각네 무가당 두유,주식회사 연두,가공두유,2018-01-29,2025-09-11,zero,3,"[""두유액"", ""기타 수산물가공품"", ""가공소금""]"
20180491044483,총각네 식이섬유 가득 자연 그대로 무가당 서리태두유,주식회사 연두,가공두유,2026-03-10,2026-03-21,zero,4,"[""기타 수산물가공품"", ""가공소금"", ""난소화성말토덱스트린(고시형)"", ""원액두유""]"
20180491044225,총각네 제주콩 무가당 두유,주식회사 연두,가공두유,2022-02-18,2025-09-11,zero,6,"[""가공소금"", ""기타가공품"", ""곡류가공품"", ""기타 수산물가공품"", ""현미유"", ""원액두유""]"
2013002019615,추시 무가당,농업회사법인 주식회사 양촌감,과실주,2026-02-10,2026-02-10,zero,3,"[""홍시"", ""곶감"", ""효모""]"
198904610322169,카페일마지오 무가당 말차파우더,(주)한미에프쓰리,기타가공품,2024-08-09,2024-08-28,zero,6,"[""식품첨가물"", ""정제소금"", ""식품첨가물혼합제제"", ""혼합분유"", ""고형차"", ""식품첨가물""]"
20070364769319,카페일분무가당루이보스티베이스,차전에프앤비(주),음료베이스,2024-04-08,2026-02-01,zero,3,"[""안식향산나트륨"", ""토피향"", ""루이보스추출물""]"
199903641582274,케어플러스 무가당 땅콩버터 100%,(주)진성에프엠,땅콩버터,2025-07-28,2026-02-01,zero,1,"[""땅콩 또는 견과류가공품""]"
2017039705336,퀴노아 약콩두유 무가당,농업회사법인 대학두유(주),가공두유,2022-10-20,2025-12-02,zero,4,"[""천일염"", ""기타 수산물가공품"", ""곡류가공품"", ""두유액""]"
19900227031227,키위무가당다이스,(주)남양냉동식품,과.채가공품,2017-03-29,2026-07-01,zero,1,"[""키위""]"
199204841282075,통팥고물(무가당),(주) 대두식품,두류가공품,2025-08-08,2025-08-09,zero,3,"[""정제소금"", ""정제수"", ""팥""]"
202305191022,푸롤리 코코넛 무가당 요거트 / FULOLLI Coconut NSA Yogurt,그린게이트(주),유산균음료,2026-07-20,2026-07-23,zero,2,"[""혼합유산균6종"", ""코코넛열매액""]"
202305191021,푸롤리 핑크 코코넛 무가당 요거트 / FULOLLI Pink Coconut NSA Yogurt,그린게이트(주),유산균음료,2026-06-19,2026-07-07,zero,7,"[""레드비트분말"", ""혼합유산균6종"", ""펙틴"", ""치커리식이섬유"", ""분리대두단백"", ""두유"", ""코코넛열매액""]"
19950355316328,프로폴리스 무가당 캔디,한울식품,캔디류,2025-05-30,2025-06-05,zero,8,"[""향료"", ""자일리톨"", ""이소말트"", ""프로폴리스"", ""향료"", ""향료"", ""향료"", ""l-멘톨""]"
20120355952427,프리미엄 식물성단백질 무가당 검은콩맛,(주)엠엘오코리아,기타가공품,2025-04-08,2025-04-26,zero,14,"[""검정콩분말"", ""분리완두단백"", ""치커리식이섬유"", ""흑미가루"", ""쌀단백분말"", ""볶음보리분말"", ""볶은현미분말"", ""맥주효모추출물"", ""혼합제제"", ""검정깨(흑임자)"", ""나한과분말"", ""판토텐산칼슘"", ""열처리유산균"", ""비오틴""]"
20020614263170,하루콩물 무가당 국산 서리태,(주)동화식품,두류가공품,2026-02-24,2026-03-04,zero,3,"[""식염"", ""두부"", ""대두원액""]"
20070364769255,핫섬머무가당아쌈티농축액,차전에프앤비(주),액상차,2020-02-11,2026-02-01,zero,3,"[""홍차추출액"", ""자몽종자추출물"", ""홍차추출분말""]"
20100208006247,현미쌀가루(무가당),경복식품,곡류가공품,2014-07-02,2026-07-01,zero,3,"[""현미멥쌀"", ""멥쌀"", ""식염""]"
20210349465141,호랑이콩단호박찰떡(백미무가당),은하식품,떡류,2023-11-08,2023-11-09,zero,5,"[""찹쌀"", ""서양호박"", ""강낭콩"", ""검정깨(흑임자)"", ""천일염""]"
20210349465142,호랑이콩단호박찰떡(현미무가당),은하식품,떡류,2023-11-08,2023-11-10,zero,5,"[""현미찹쌀"", ""서양호박"", ""강낭콩"", ""검정깨(흑임자)"", ""천일염""]"
20180491044420,황성주 국산콩 두유 영양플러스 무가당,주식회사 연두,가공두유,2025-03-07,2025-09-12,zero,15,"[""원액두유"", ""정제수"", ""미강유(현미유)"", ""곡류가공품"", ""두류가공품"", ""천일염"", ""기타 수산물가공품"", ""곡류가공품"", ""건조효모(아연함유)"", ""젤란검"", ""겨우살이추출물분말"", ""파라다이스넛추출물분말"", ""비타민E"", ""스테비올배당체"", ""기타 수산물가공품""]"
19980308080458,황성주 박사의 국산 약콩두유 무가당,한미사이언스(주),가공두유,2024-12-10,2024-12-25,zero,7,"[""원액두유"", ""정제수"", ""두류가공품"", ""두류가공품"", ""탄산칼슘"", ""천일염"", ""곡류가공품""]"
19980308080379,황성주 박사의 국산콩 두유 검은콩 무가당,한미사이언스(주),가공두유,2022-03-02,2022-03-25,zero,6,"[""천일염"", ""혼합제제"", ""귀리식이섬유"", ""정제수"", ""원액두유"", ""탄산수소나트륨""]"
20200401439242,황성주 박사의 국산콩 두유 무가당,(주)서울에프엔비,가공두유,2024-04-05,2025-02-21,zero,5,"[""원액두유"", ""천일염"", ""혼합제제"", ""곡류가공품"", ""정제수""]"
20080395120776,황성주 박사의 국산콩 두유 무가당,(주)서울에프엔비 횡성지점,가공두유,2024-04-05,2025-02-15,zero,5,"[""천일염"", ""혼합제제"", ""곡류가공품"", ""정제수"", ""원액두유""]"
19980308080322,황성주 박사의 국산콩 두유 무가당,한미사이언스(주),가공두유,2020-06-08,2025-02-13,zero,5,"[""원액두유"", ""천일염"", ""곡류가공품"", ""혼합제제"", ""정제수""]"
19930461022438,황성주 박사의 이롬 국산콩 두유 검은콩 무가당,연세대학교 연세유업,가공두유,2026-05-15,2026-05-18,zero,6,"[""혼합제제"", ""원액두유"", ""천일염"", ""귀리식이섬유(고시형)"", ""탄산수소나트륨"", ""정제수""]"
19930461022407,황성주 박사의 이롬 국산콩 두유 무가당 검은콩 고칼슘,연세대학교 연세유업,가공두유,2026-02-20,2026-02-24,zero,6,"[""원액두유"", ""정제수"", ""천일염"", ""기타 수산물가공품"", ""곡류가공품"", ""두류가공품""]"
19930461022406,황성주 박사의 이롬 국산콩 두유 무가당 고칼슘,연세대학교 연세유업,가공두유,2026-02-20,2026-02-24,zero,6,"[""미강유(현미유)"", ""귀리식이섬유(고시형)"", ""원액두유"", ""정제수"", ""천일염"", ""기타 수산물가공품""]"
19930461022378,황성주 박사의 이롬 국산콩 두유 무가당 플레인,연세대학교 연세유업,가공두유,2025-08-13,2026-06-24,zero,5,"[""원액두유"", ""천일염"", ""곡류가공품"", ""혼합제제"", ""정제수""]"
19930461022423,황성주 박사의 이롬 국산콩 두유 약콩 무가당,연세대학교 연세유업,가공두유,2026-06-29,2026-07-01,zero,7,"[""정제수"", ""두류가공품"", ""곡류가공품"", ""두류가공품"", ""천일염"", ""탄산칼슘"", ""원액두유""]"
20130197025130,흑미땅콩찰떡(무가당),두레방아협동조합,떡류,2024-06-24,2024-06-26,zero,4,"[""찹쌀"", ""찰흑미"", ""천일염"", ""볶음땅콩분태""]"
2006036428320,흑임자가루(무가당),서림식품,곡류가공품,2024-02-26,2026-02-01,zero,1,"[""검정깨볶음""]"
1988062201289,힘가네무가당생강즙,참들애바이오푸드 영농조합법인,액상차,2025-08-15,2025-09-16,zero,4,"[""레몬즙"", ""에리스리톨"", ""생강"", ""정제수""]"
